order_id,order_date,status,created_time,delivered_time,delivery_address,item_name,category,price,price_discounted,discount,quantity,amount
210905-195-3842,2021-09-05,доставлен,18:57:00,19:11:00,"Москва, Ленинский проспект, 78к1","Кефир 3,2% Асеньевская ферма",База,119,119,0,1,119
210905-195-3842,2021-09-05,доставлен,18:57:00,19:11:00,"Москва, Ленинский проспект, 78к1",Вода Шишкин лес негазированная,Вода,49,49,0,1,49
210905-195-3842,2021-09-05,доставлен,18:57:00,19:11:00,"Москва, Ленинский проспект, 78к1",Яйцо куриное СО Из Груши,База,109,109,0,1,109
210905-195-3842,2021-09-05,доставлен,18:57:00,19:11:00,"Москва, Ленинский проспект, 78к1","Молоко 2,5% Асеньевская ферма пастеризованное",База,99,99,0,1,99
210905-195-3842,2021-09-05,доставлен,18:57:00,19:11:00,"Москва, Ленинский проспект, 78к1","Масло сливочное 82,5% Вологодское Из Вологды",База,279,279,0,1,279
210905-195-3842,2021-09-05,доставлен,18:57:00,19:11:00,"Москва, Ленинский проспект, 78к1","Масло сливочное 72,5% Из Груши",База,179,179,0,1,179
210905-195-3842,2021-09-05,доставлен,18:57:00,19:11:00,"Москва, Ленинский проспект, 78к1",Молоко кокосовое сгущённое King Island,База,239,239,0,1,239
210905-195-3842,2021-09-05,доставлен,18:57:00,19:11:00,"Москва, Ленинский проспект, 78к1",Доставка,Услуги Груши,119,119,0,1,119
210909-032-6154,2021-09-09,доставлен,12:01:00,12:10:00,"Москва, Ленинский проспект, 78к1",Роллы Филадельфия Из Груши,Готовая еда,549,549,0,1,549
210909-032-6154,2021-09-09,доставлен,12:01:00,12:10:00,"Москва, Ленинский проспект, 78к1",Спелые бананы,Фрукты,129,129,0,1,129
210909-032-6154,2021-09-09,доставлен,12:01:00,12:10:00,"Москва, Ленинский проспект, 78к1",Драже M&M's арахис-молочный шоколад,Сладости,349,349,0,1,349
210909-032-6154,2021-09-09,доставлен,12:01:00,12:10:00,"Москва, Ленинский проспект, 78к1",Сырники большая порция Из Груши,База,219,219,0,1,219
210909-032-6154,2021-09-09,доставлен,12:01:00,12:10:00,"Москва, Ленинский проспект, 78к1",Вода Архыз Vita негазированная,Вода,59,59,0,1,59
210909-032-6154,2021-09-09,доставлен,12:01:00,12:10:00,"Москва, Ленинский проспект, 78к1",Доставка,Услуги Груши,99,99,0,1,99
210911-820-9846,2021-09-11,доставлен,08:41:00,09:00:00,"Москва, Ленинский проспект, 78к1",Помидоры сливовидные Эко-культура красные на ветке,Овощи,359,359,0,2,718
210911-820-9846,2021-09-11,доставлен,08:41:00,09:00:00,"Москва, Ленинский проспект, 78к1",Хумус классический Из Груши,База,149,149,0,2,298
210911-820-9846,2021-09-11,доставлен,08:41:00,09:00:00,"Москва, Ленинский проспект, 78к1",Лук-порей,Овощи,359,359,0,1,359
210911-820-9846,2021-09-11,доставлен,08:41:00,09:00:00,"Москва, Ленинский проспект, 78к1",Груша Конференция,Фрукты,189,189,0,1,189
210911-820-9846,2021-09-11,доставлен,08:41:00,09:00:00,"Москва, Ленинский проспект, 78к1",Чипсы Lay's сыр,Снеки,149,149,0,1,149
210911-820-9846,2021-09-11,доставлен,08:41:00,09:00:00,"Москва, Ленинский проспект, 78к1",Доставка,Услуги Груши,149,149,0,1,149
210911-820-9846,2021-09-11,доставлен,08:41:00,09:00:00,"Москва, Ленинский проспект, 78к1",Упаковка,Услуги Груши,12,12,0,1,12
210913-955-1768,2021-09-13,доставлен,19:39:00,19:50:00,"Москва, Ленинский проспект, 78к1",Черешня,Фрукты,139,139,0,1,139
210913-955-1768,2021-09-13,доставлен,19:39:00,19:50:00,"Москва, Ленинский проспект, 78к1",Помидоры черри на ветке,Овощи,299,299,0,1,299
210913-955-1768,2021-09-13,доставлен,19:39:00,19:50:00,"Москва, Ленинский проспект, 78к1",Доставка,Услуги Груши,79,79,0,1,79
210913-955-1768,2021-09-13,доставлен,19:39:00,19:50:00,"Москва, Ленинский проспект, 78к1",Упаковка,Услуги Груши,12,12,0,1,12
210914-483-8423,2021-09-14,доставлен,08:00:00,08:05:00,"Москва, Ленинский проспект, 78к1",Апельсины сладкие,Фрукты,339,339,0,1,339
210914-483-8423,2021-09-14,доставлен,08:00:00,08:05:00,"Москва, Ленинский проспект, 78к1",Вода минеральная лечебно-столовая Borjomi газированная,Вода,149,149,0,1,149
210914-483-8423,2021-09-14,доставлен,08:00:00,08:05:00,"Москва, Ленинский проспект, 78к1",Морковь мытая,Овощи,69,69,0,1,69
210914-483-8423,2021-09-14,доставлен,08:00:00,08:05:00,"Москва, Ленинский проспект, 78к1",Доставка,Услуги Груши,0,0,0,1,0
210914-504-8994,2021-09-14,доставлен,18:10:00,18:20:00,"Москва, Ленинский проспект, 78к1","Молоко 2,5% Асеньевская ферма пастеризованное",База,99,99,0,1,99
210914-504-8994,2021-09-14,доставлен,18:10:00,18:20:00,"Москва, Ленинский проспект, 78к1",Суп-пюре сырный с креветками Азбука вкуса,Готовая еда,299,299,0,1,299
210914-504-8994,2021-09-14,доставлен,18:10:00,18:20:00,"Москва, Ленинский проспект, 78к1",Каша овсяная с ягодами Из Груши,Готовая еда,159,139,20,2,278
210914-504-8994,2021-09-14,доставлен,18:10:00,18:20:00,"Москва, Ленинский проспект, 78к1",Доставка,Услуги Груши,79,79,0,1,79
210914-504-8994,2021-09-14,доставлен,18:10:00,18:20:00,"Москва, Ленинский проспект, 78к1",Упаковка,Услуги Груши,12,12,0,1,12
210915-796-7470,2021-09-15,доставлен,09:42:00,09:54:00,"Москва, Ленинский проспект, 78к1",Вода Шишкин лес негазированная,Вода,49,49,0,1,49
210915-796-7470,2021-09-15,доставлен,09:42:00,09:54:00,"Москва, Ленинский проспект, 78к1","Масло сливочное 72,5% Из Груши",База,179,139,40,1,139
210915-796-7470,2021-09-15,доставлен,09:42:00,09:54:00,"Москва, Ленинский проспект, 78к1",Шпинат,Овощи,259,259,0,1,259
210915-796-7470,2021-09-15,доставлен,09:42:00,09:54:00,"Москва, Ленинский проспект, 78к1","Напиток функциональный Actimuno гранат 1,5%",Напитки,49,49,0,1,49
210915-796-7470,2021-09-15,доставлен,09:42:00,09:54:00,"Москва, Ленинский проспект, 78к1",Хлеб тостовый пшеничный Из Груши,База,79,79,0,2,158
210915-796-7470,2021-09-15,доставлен,09:42:00,09:54:00,"Москва, Ленинский проспект, 78к1",Манго Артфрут,Фрукты,179,179,0,1,179
210915-796-7470,2021-09-15,доставлен,09:42:00,09:54:00,"Москва, Ленинский проспект, 78к1","Напиток овсяный Nemoloko 3,2% классический",Напитки,119,119,0,1,119
210915-796-7470,2021-09-15,доставлен,09:42:00,09:54:00,"Москва, Ленинский проспект, 78к1",Доставка,Услуги Груши,0,0,0,1,0
210916-593-3906,2021-09-16,доставлен,15:56:00,16:26:00,"Москва, Ленинский проспект, 78к1","Масло сливочное 82,5% Вологодское Из Вологды",База,279,279,0,2,558
210916-593-3906,2021-09-16,доставлен,15:56:00,16:26:00,"Москва, Ленинский проспект, 78к1",Яйцо куриное СО Из Груши,База,109,109,0,1,109
210916-593-3906,2021-09-16,доставлен,15:56:00,16:26:00,"Москва, Ленинский проспект, 78к1",Торт Медовик Из Груши,Сладости,599,499,100,1,499
210916-593-3906,2021-09-16,доставлен,15:56:00,16:26:00,"Москва, Ленинский проспект, 78к1",Перец микс,Овощи,359,359,0,1,359
210916-593-3906,2021-09-16,доставлен,15:56:00,16:26:00,"Москва, Ленинский проспект, 78к1",Доставка,Услуги Груши,149,149,0,1,149
210916-084-0961,2021-09-16,доставлен,19:33:00,19:52:00,"Москва, Ленинский проспект, 78к1",Смузи манго-маракуйя Из Груши,Напитки,219,219,0,1,219
210916-084-0961,2021-09-16,доставлен,19:33:00,19:52:00,"Москва, Ленинский проспект, 78к1",Квас Очаковский,Напитки,99,99,0,1,99
210916-084-0961,2021-09-16,доставлен,19:33:00,19:52:00,"Москва, Ленинский проспект, 78к1",Перец микс,Овощи,359,359,0,2,718
210916-084-0961,2021-09-16,доставлен,19:33:00,19:52:00,"Москва, Ленинский проспект, 78к1",Вареники с картофелем и грибами Из Груши,Готовая еда,169,169,0,1,169
210916-084-0961,2021-09-16,доставлен,19:33:00,19:52:00,"Москва, Ленинский проспект, 78к1",Доставка,Услуги Груши,49,49,0,1,49
210917-694-3384,2021-09-17,отменен,17:41:00,,"Москва, Ленинский проспект, 78к1",Шримп ролл с креветками Йуми,Готовая еда,289,289,0,1,289
210917-694-3384,2021-09-17,отменен,17:41:00,,"Москва, Ленинский проспект, 78к1",Огурцы Корнишон,Овощи,99,69,30,1,69
210917-694-3384,2021-09-17,отменен,17:41:00,,"Москва, Ленинский проспект, 78к1",Семечки жареные отборные От Мартина,Снеки,119,119,0,1,119
210917-694-3384,2021-09-17,отменен,17:41:00,,"Москва, Ленинский проспект, 78к1",Доставка,Услуги Груши,0,0,0,1,0
210917-694-3384,2021-09-17,отменен,17:41:00,,"Москва, Ленинский проспект, 78к1",Упаковка,Услуги Груши,12,12,0,1,12
210918-649-4508,2021-09-18,доставлен,12:34:00,12:54:00,"Москва, Ленинский проспект, 78к1",Голубика Артфрут,Фрукты,509,509,0,1,509
210918-649-4508,2021-09-18,доставлен,12:34:00,12:54:00,"Москва, Ленинский проспект, 78к1",Батончик шоколадный Milky Way 1+1,Сладости,49,49,0,1,49
210918-649-4508,2021-09-18,доставлен,12:34:00,12:54:00,"Москва, Ленинский проспект, 78к1",Помидоры коктейльные сливовидные на ветке,Овощи,229,199,30,1,199
210918-649-4508,2021-09-18,доставлен,12:34:00,12:54:00,"Москва, Ленинский проспект, 78к1",Апельсины сладкие,Фрукты,339,339,0,1,339
210918-649-4508,2021-09-18,доставлен,12:34:00,12:54:00,"Москва, Ленинский проспект, 78к1",Филе куриное охлаждённое Из Груши,База,359,359,0,2,718
210918-649-4508,2021-09-18,доставлен,12:34:00,12:54:00,"Москва, Ленинский проспект, 78к1",Доставка,Услуги Груши,49,49,0,1,49
210918-601-6845,2021-09-18,доставлен,18:08:00,18:24:00,"Москва, Ленинский проспект, 78к1",Помидоры коктейльные сливовидные на ветке,Овощи,229,229,0,1,229
210918-601-6845,2021-09-18,доставлен,18:08:00,18:24:00,"Москва, Ленинский проспект, 78к1",Салат Крабовый Азбука вкуса,Готовая еда,159,159,0,1,159
210918-601-6845,2021-09-18,доставлен,18:08:00,18:24:00,"Москва, Ленинский проспект, 78к1",Перец красный,Овощи,199,149,50,1,149
210918-601-6845,2021-09-18,доставлен,18:08:00,18:24:00,"Москва, Ленинский проспект, 78к1",Доставка,Услуги Груши,0,0,0,1,0
210918-601-6845,2021-09-18,доставлен,18:08:00,18:24:00,"Москва, Ленинский проспект, 78к1",Упаковка,Услуги Груши,12,12,0,1,12
210918-052-1912,2021-09-18,доставлен,18:29:00,18:59:00,"Москва, Ленинский проспект, 78к1",Яйцо куриное СО Из Груши,База,109,109,0,1,109
210918-052-1912,2021-09-18,доставлен,18:29:00,18:59:00,"Москва, Ленинский проспект, 78к1",Суп-пюре сырный с креветками Азбука вкуса,Готовая еда,299,299,0,2,598
210918-052-1912,2021-09-18,доставлен,18:29:00,18:59:00,"Москва, Ленинский проспект, 78к1",Клубника,Фрукты,279,279,0,1,279
210918-052-1912,2021-09-18,доставлен,18:29:00,18:59:00,"Москва, Ленинский проспект, 78к1",Колбаса Докторская Мясной дом Бородина варёная,База,479,479,0,2,958
210918-052-1912,2021-09-18,доставлен,18:29:00,18:59:00,"Москва, Ленинский проспект, 78к1",Курица тандури в сливочно-томатном карри с рисом басмати Чикен Баттер Масала Chindi Kitchen,Готовая еда,349,349,0,1,349
210918-052-1912,2021-09-18,доставлен,18:29:00,18:59:00,"Москва, Ленинский проспект, 78к1",Доставка,Услуги Груши,119,119,0,1,119
210919-652-5101,2021-09-19,доставлен,09:53:00,10:16:00,"Москва, Ленинский проспект, 78к1","Кефир 3,2% Асеньевская ферма",База,119,89,30,2,178
210919-652-5101,2021-09-19,доставлен,09:53:00,10:16:00,"Москва, Ленинский проспект, 78к1",Фриттата с креветками и овощами Из Груши,Готовая еда,239,239,0,1,239
210919-652-5101,2021-09-19,доставлен,09:53:00,10:16:00,"Москва, Ленинский проспект, 78к1",Батончик шоколадный Cadbury Wispa,Сладости,39,39,0,1,39
210919-652-5101,2021-09-19,доставлен,09:53:00,10:16:00,"Москва, Ленинский проспект, 78к1",Яблоки Криппс Пинк Собрано в саду 4 шт.,Фрукты,169,169,0,1,169
210919-652-5101,2021-09-19,доставлен,09:53:00,10:16:00,"Москва, Ленинский проспект, 78к1",Кулич пасхальный с изюмом,Сладости,299,299,0,2,598
210919-652-5101,2021-09-19,доставлен,09:53:00,10:16:00,"Москва, Ленинский проспект, 78к1",Спелые бананы,Фрукты,129,129,0,2,258
210919-652-5101,2021-09-19,доставлен,09:53:00,10:16:00,"Москва, Ленинский проспект, 78к1",Семечки жареные отборные От Мартина,Снеки,119,119,0,1,119
210919-652-5101,2021-09-19,доставлен,09:53:00,10:16:00,"Москва, Ленинский проспект, 78к1",Яблоки Хонейкрисп (Медовый хруст),Фрукты,179,179,0,1,179
210919-652-5101,2021-09-19,доставлен,09:53:00,10:16:00,"Москва, Ленинский проспект, 78к1",Доставка,Услуги Груши,0,0,0,1,0
210927-939-4300,2021-09-27,доставлен,16:55:00,17:12:00,"Москва, Ленинский проспект, 78к1",Вода Шишкин лес негазированная,Вода,49,49,0,3,147
210927-939-4300,2021-09-27,доставлен,16:55:00,17:12:00,"Москва, Ленинский проспект, 78к1",Доставка,Услуги Груши,149,149,0,1,149
210927-939-4300,2021-09-27,доставлен,16:55:00,17:12:00,"Москва, Ленинский проспект, 78к1",Упаковка,Услуги Груши,12,12,0,1,12
210930-879-4656,2021-09-30,доставлен,20:13:00,20:37:00,"Москва, Ленинский проспект, 78к1","Молоко 2,5% Асеньевская ферма пастеризованное",База,99,69,30,1,69
210930-879-4656,2021-09-30,доставлен,20:13:00,20:37:00,"Москва, Ленинский проспект, 78к1","Масло сливочное 82,5% Вологодское Из Вологды",База,279,279,0,1,279
210930-879-4656,2021-09-30,доставлен,20:13:00,20:37:00,"Москва, Ленинский проспект, 78к1","Масло сливочное 72,5% Из Груши",База,179,139,40,2,278
210930-879-4656,2021-09-30,доставлен,20:13:00,20:37:00,"Москва, Ленинский проспект, 78к1",Доставка,Услуги Груши,79,79,0,1,79
211001-125-9329,2021-10-01,доставлен,09:55:00,10:22:00,"Москва, Ленинский проспект, 78к1",Яйцо куриное СО Из Груши,База,109,109,0,1,109
211001-125-9329,2021-10-01,доставлен,09:55:00,10:22:00,"Москва, Ленинский проспект, 78к1",Огурцы Корнишон,Овощи,99,99,0,1,99
211001-125-9329,2021-10-01,доставлен,09:55:00,10:22:00,"Москва, Ленинский проспект, 78к1",Напиток соевый Alpro банановый,Напитки,219,219,0,1,219
211001-125-9329,2021-10-01,доставлен,09:55:00,10:22:00,"Москва, Ленинский проспект, 78к1",Доставка,Услуги Груши,0,0,0,1,0
211003-060-5613,2021-10-03,доставлен,07:33:00,08:01:00,"Москва, Ленинский проспект, 78к1",Сырники со сметаной Азбука Вкуса,Готовая еда,279,279,0,1,279
211003-060-5613,2021-10-03,доставлен,07:33:00,08:01:00,"Москва, Ленинский проспект, 78к1",Рис Басмати отварной Азбука Вкуса,Готовая еда,89,89,0,1,89
211003-060-5613,2021-10-03,доставлен,07:33:00,08:01:00,"Москва, Ленинский проспект, 78к1",Доставка,Услуги Груши,49,49,0,1,49
211003-698-0958,2021-10-03,доставлен,10:08:00,10:28:00,"Москва, Ленинский проспект, 78к1","Кефир 3,2% Асеньевская ферма",База,119,119,0,1,119
211003-698-0958,2021-10-03,доставлен,10:08:00,10:28:00,"Москва, Ленинский проспект, 78к1",Вода минеральная лечебно-столовая Borjomi газированная,Вода,149,149,0,1,149
211003-698-0958,2021-10-03,доставлен,10:08:00,10:28:00,"Москва, Ленинский проспект, 78к1",Цукини,Овощи,189,189,0,2,378
211003-698-0958,2021-10-03,доставлен,10:08:00,10:28:00,"Москва, Ленинский проспект, 78к1",Яблоки Хонейкрисп (Медовый хруст),Фрукты,179,179,0,1,179
211003-698-0958,2021-10-03,доставлен,10:08:00,10:28:00,"Москва, Ленинский проспект, 78к1",Пельмени с фермерской индейкой Из Груши,Готовая еда,399,299,100,2,598
211003-698-0958,2021-10-03,доставлен,10:08:00,10:28:00,"Москва, Ленинский проспект, 78к1",Доставка,Услуги Груши,0,0,0,1,0
211003-698-0958,2021-10-03,доставлен,10:08:00,10:28:00,"Москва, Ленинский проспект, 78к1",Упаковка,Услуги Груши,12,12,0,1,12
211007-583-3326,2021-10-07,доставлен,08:47:00,09:00:00,"Москва, Ленинский проспект, 78к1",Кулич пасхальный с изюмом,Сладости,299,299,0,1,299
211007-583-3326,2021-10-07,доставлен,08:47:00,09:00:00,"Москва, Ленинский проспект, 78к1",Шпинат,Овощи,259,259,0,1,259
211007-583-3326,2021-10-07,доставлен,08:47:00,09:00:00,"Москва, Ленинский проспект, 78к1",Черешня Розовый жемчуг,Фрукты,439,439,0,1,439
211007-583-3326,2021-10-07,доставлен,08:47:00,09:00:00,"Москва, Ленинский проспект, 78к1",Огурцы колючие ТСХ,Овощи,199,199,0,1,199
211007-583-3326,2021-10-07,доставлен,08:47:00,09:00:00,"Москва, Ленинский проспект, 78к1",Шоколад молочный Alpen Gold фундук-изюм,Сладости,89,89,0,1,89
211007-583-3326,2021-10-07,доставлен,08:47:00,09:00:00,"Москва, Ленинский проспект, 78к1",Батончик Snickers лесной орех,Сладости,79,79,0,1,79
211007-583-3326,2021-10-07,доставлен,08:47:00,09:00:00,"Москва, Ленинский проспект, 78к1",Пластырь бактерицидный Cosmos 20 шт,Аптека,199,199,0,1,199
211007-583-3326,2021-10-07,доставлен,08:47:00,09:00:00,"Москва, Ленинский проспект, 78к1",Апельсины сладкие,Фрукты,339,339,0,1,339
211007-583-3326,2021-10-07,доставлен,08:47:00,09:00:00,"Москва, Ленинский проспект, 78к1",Доставка,Услуги Груши,199,199,0,1,199
211007-869-0144,2021-10-07,доставлен,19:04:00,19:21:00,"Москва, Ленинский проспект, 78к1",Перец красный,Овощи,199,199,0,1,199
211007-869-0144,2021-10-07,доставлен,19:04:00,19:21:00,"Москва, Ленинский проспект, 78к1",Творог зернёный 5% Савушкин,База,79,79,0,1,79
211007-869-0144,2021-10-07,доставлен,19:04:00,19:21:00,"Москва, Ленинский проспект, 78к1",Апельсины сладкие,Фрукты,339,339,0,3,1017
211007-869-0144,2021-10-07,доставлен,19:04:00,19:21:00,"Москва, Ленинский проспект, 78к1",Картофель молодой мытый,Овощи,99,99,0,1,99
211007-869-0144,2021-10-07,доставлен,19:04:00,19:21:00,"Москва, Ленинский проспект, 78к1",Смузи манго-маракуйя Из Груши,Напитки,219,219,0,1,219
211007-869-0144,2021-10-07,доставлен,19:04:00,19:21:00,"Москва, Ленинский проспект, 78к1",Доставка,Услуги Груши,49,49,0,1,49
211007-691-8371,2021-10-07,доставлен,20:59:00,21:14:00,"Москва, Ленинский проспект, 78к1",Вода Шишкин лес негазированная,Вода,49,49,0,1,49
211007-691-8371,2021-10-07,доставлен,20:59:00,21:14:00,"Москва, Ленинский проспект, 78к1",Шоколад молочный Ritter Sport Extra Nut с цельным лесным орехом,Сладости,159,159,0,1,159
211007-691-8371,2021-10-07,доставлен,20:59:00,21:14:00,"Москва, Ленинский проспект, 78к1",Лук-порей,Овощи,359,359,0,1,359
211007-691-8371,2021-10-07,доставлен,20:59:00,21:14:00,"Москва, Ленинский проспект, 78к1",Доставка,Услуги Груши,0,0,0,1,0
211008-223-7053,2021-10-08,доставлен,09:52:00,10:23:00,"Москва, Ленинский проспект, 78к1",Чипсы Pringles паприка,Снеки,269,269,0,2,538
211008-223-7053,2021-10-08,доставлен,09:52:00,10:23:00,"Москва, Ленинский проспект, 78к1",Парацетамол таблетки 500 мг 20 шт,Аптека,89,89,0,1,89
211008-223-7053,2021-10-08,доставлен,09:52:00,10:23:00,"Москва, Ленинский проспект, 78к1",Шоколад Kinder Chocolate с молочной начинкой,Сладости,39,39,0,2,78
211008-223-7053,2021-10-08,доставлен,09:52:00,10:23:00,"Москва, Ленинский проспект, 78к1",Батончик шоколадный Snickers Crisper,Сладости,59,49,10,1,49
211008-223-7053,2021-10-08,доставлен,09:52:00,10:23:00,"Москва, Ленинский проспект, 78к1",Чипсы Simply chips сыр пармезан с чесноком и зеленью,Снеки,89,89,0,1,89
211008-223-7053,2021-10-08,доставлен,09:52:00,10:23:00,"Москва, Ленинский проспект, 78к1",Доставка,Услуги Груши,79,79,0,1,79
211009-392-4906,2021-10-09,доставлен,18:31:00,18:42:00,"Москва, Ленинский проспект, 78к1","Молоко 2,5% Асеньевская ферма пастеризованное",База,99,99,0,1,99
211009-392-4906,2021-10-09,доставлен,18:31:00,18:42:00,"Москва, Ленинский проспект, 78к1",Чипсы Lay's Из печи Нежный сыр с зеленью,Снеки,99,99,0,1,99
211009-392-4906,2021-10-09,доставлен,18:31:00,18:42:00,"Москва, Ленинский проспект, 78к1",Батончик KitKat с хрустящей вафлей,Сладости,99,99,0,3,297
211009-392-4906,2021-10-09,доставлен,18:31:00,18:42:00,"Москва, Ленинский проспект, 78к1",Чипсы креветочные Nongshim острые,Снеки,139,139,0,1,139
211009-392-4906,2021-10-09,доставлен,18:31:00,18:42:00,"Москва, Ленинский проспект, 78к1",Цукини,Овощи,189,189,0,1,189
211009-392-4906,2021-10-09,доставлен,18:31:00,18:42:00,"Москва, Ленинский проспект, 78к1",Йогурт греческий Lactica натуральный 4%,База,59,59,0,1,59
211009-392-4906,2021-10-09,доставлен,18:31:00,18:42:00,"Москва, Ленинский проспект, 78к1",Доставка,Услуги Груши,79,79,0,1,79
211010-515-4523,2021-10-10,доставлен,07:56:00,08:03:00,"Москва, Ленинский проспект, 78к1","Масло сливочное 72,5% Из Груши",База,179,129,50,1,129
211010-515-4523,2021-10-10,доставлен,07:56:00,08:03:00,"Москва, Ленинский проспект, 78к1",Шоколад Kinder Chocolate с молочной начинкой,Сладости,39,39,0,1,39
211010-515-4523,2021-10-10,доставлен,07:56:00,08:03:00,"Москва, Ленинский проспект, 78к1",Батончик шоколадный Mars Max,Сладости,69,49,20,1,49
211010-515-4523,2021-10-10,доставлен,07:56:00,08:03:00,"Москва, Ленинский проспект, 78к1",Смесь орехов с цукатами Семушка,Фрукты,179,179,0,1,179
211010-515-4523,2021-10-10,доставлен,07:56:00,08:03:00,"Москва, Ленинский проспект, 78к1",Доставка,Услуги Груши,119,119,0,1,119
211010-515-4523,2021-10-10,доставлен,07:56:00,08:03:00,"Москва, Ленинский проспект, 78к1",Упаковка,Услуги Груши,12,12,0,1,12
211010-736-0766,2021-10-10,доставлен,08:30:00,08:43:00,"Москва, Ленинский проспект, 78к1",Рис Басмати отварной Азбука Вкуса,Готовая еда,89,89,0,1,89
211010-736-0766,2021-10-10,доставлен,08:30:00,08:43:00,"Москва, Ленинский проспект, 78к1",Батончик шоколадный Bounty Trio,Сладости,69,69,0,2,138
211010-736-0766,2021-10-10,доставлен,08:30:00,08:43:00,"Москва, Ленинский проспект, 78к1",Горошек зелёный Bonduelle замороженный,Овощи,109,109,0,1,109
211010-736-0766,2021-10-10,доставлен,08:30:00,08:43:00,"Москва, Ленинский проспект, 78к1",Помидоры черри на ветке,Овощи,299,299,0,1,299
211010-736-0766,2021-10-10,доставлен,08:30:00,08:43:00,"Москва, Ленинский проспект, 78к1",Доставка,Услуги Груши,49,49,0,1,49
211010-881-5776,2021-10-10,доставлен,10:52:00,11:24:00,"Москва, Ленинский проспект, 78к1",Огурцы колючие ТСХ,Овощи,199,199,0,1,199
211010-881-5776,2021-10-10,доставлен,10:52:00,11:24:00,"Москва, Ленинский проспект, 78к1",Помидоры черри на ветке,Овощи,299,299,0,2,598
211010-881-5776,2021-10-10,доставлен,10:52:00,11:24:00,"Москва, Ленинский проспект, 78к1","Напиток функциональный Actimuno гранат 1,5%",Напитки,49,49,0,2,98
211010-881-5776,2021-10-10,доставлен,10:52:00,11:24:00,"Москва, Ленинский проспект, 78к1",Рис Басмати отварной Азбука Вкуса,Готовая еда,89,89,0,1,89
211010-881-5776,2021-10-10,доставлен,10:52:00,11:24:00,"Москва, Ленинский проспект, 78к1",Арбуз,Фрукты,199,199,0,1,199
211010-881-5776,2021-10-10,доставлен,10:52:00,11:24:00,"Москва, Ленинский проспект, 78к1",Тыква Баттернат,Овощи,199,199,0,2,398
211010-881-5776,2021-10-10,доставлен,10:52:00,11:24:00,"Москва, Ленинский проспект, 78к1",Доставка,Услуги Груши,119,119,0,1,119
211013-958-6914,2021-10-13,доставлен,10:48:00,11:01:00,"Москва, Ленинский проспект, 78к1","Масло сливочное 82,5% Вологодское Из Вологды",База,279,239,40,1,239
211013-958-6914,2021-10-13,доставлен,10:48:00,11:01:00,"Москва, Ленинский проспект, 78к1",Орехи кешью жареные Из Груши,Снеки,349,349,0,1,349
211013-958-6914,2021-10-13,доставлен,10:48:00,11:01:00,"Москва, Ленинский проспект, 78к1",Блинчики с курицей и грибами Азбука Вкуса,Готовая еда,209,209,0,1,209
211013-958-6914,2021-10-13,доставлен,10:48:00,11:01:00,"Москва, Ленинский проспект, 78к1",Доставка,Услуги Груши,79,79,0,1,79
211015-049-4671,2021-10-15,доставлен,09:34:00,09:46:00,"Москва, Ленинский проспект, 78к1",Кондиционер для белья детский Synergetic Нежное прикосновение,Товары для дома,359,359,0,1,359
211015-049-4671,2021-10-15,доставлен,09:34:00,09:46:00,"Москва, Ленинский проспект, 78к1",Черешня Бычье сердце,Фрукты,279,279,0,1,279
211015-049-4671,2021-10-15,доставлен,09:34:00,09:46:00,"Москва, Ленинский проспект, 78к1",Средство для мытья посуды Fairy лимон,Товары для дома,179,179,0,1,179
211015-049-4671,2021-10-15,доставлен,09:34:00,09:46:00,"Москва, Ленинский проспект, 78к1",Авокадо Хасс Puro Gusto Ready to eat,Овощи,159,109,50,1,109
211015-049-4671,2021-10-15,доставлен,09:34:00,09:46:00,"Москва, Ленинский проспект, 78к1",Доставка,Услуги Груши,199,199,0,1,199
211015-049-4671,2021-10-15,доставлен,09:34:00,09:46:00,"Москва, Ленинский проспект, 78к1",Упаковка,Услуги Груши,12,12,0,1,12
211015-715-8716,2021-10-15,доставлен,20:27:00,20:37:00,"Москва, Ленинский проспект, 78к1",Яйцо куриное СО Из Груши,База,109,109,0,1,109
211015-715-8716,2021-10-15,доставлен,20:27:00,20:37:00,"Москва, Ленинский проспект, 78к1",Помидоры черри красные Премиум Рост,Овощи,239,239,0,1,239
211015-715-8716,2021-10-15,доставлен,20:27:00,20:37:00,"Москва, Ленинский проспект, 78к1",Сливки 10% Из Груши,База,119,99,20,1,99
211015-715-8716,2021-10-15,доставлен,20:27:00,20:37:00,"Москва, Ленинский проспект, 78к1",Суп-пюре сырный с креветками Азбука вкуса,Готовая еда,299,299,0,1,299
211015-715-8716,2021-10-15,доставлен,20:27:00,20:37:00,"Москва, Ленинский проспект, 78к1",Напиток соевый Alpro банановый,Напитки,219,219,0,2,438
211015-715-8716,2021-10-15,доставлен,20:27:00,20:37:00,"Москва, Ленинский проспект, 78к1",Доставка,Услуги Груши,149,149,0,1,149
211015-715-8716,2021-10-15,доставлен,20:27:00,20:37:00,"Москва, Ленинский проспект, 78к1",Упаковка,Услуги Груши,12,12,0,1,12
211016-631-1578,2021-10-16,доставлен,10:35:00,10:58:00,"Москва, Ленинский проспект, 78к1",Вода минеральная Petroglyph негазированная,Вода,129,109,20,1,109
211016-631-1578,2021-10-16,доставлен,10:35:00,10:58:00,"Москва, Ленинский проспект, 78к1",Доставка,Услуги Груши,99,99,0,1,99
211017-039-2161,2021-10-17,доставлен,19:54:00,20:23:00,"Москва, Ленинский проспект, 78к1","Кефир 3,2% Асеньевская ферма",База,119,119,0,1,119
211017-039-2161,2021-10-17,доставлен,19:54:00,20:23:00,"Москва, Ленинский проспект, 78к1",Вода Шишкин лес негазированная,Вода,49,49,0,1,49
211017-039-2161,2021-10-17,доставлен,19:54:00,20:23:00,"Москва, Ленинский проспект, 78к1",Черри Конфетто Россия,Овощи,259,259,0,1,259
211017-039-2161,2021-10-17,доставлен,19:54:00,20:23:00,"Москва, Ленинский проспект, 78к1",Чипсы Lay's Из Печи Сметана и ароматные травы,Снеки,89,89,0,1,89
211017-039-2161,2021-10-17,доставлен,19:54:00,20:23:00,"Москва, Ленинский проспект, 78к1",Голубика,Фрукты,199,199,0,2,398
211017-039-2161,2021-10-17,доставлен,19:54:00,20:23:00,"Москва, Ленинский проспект, 78к1",Доставка,Услуги Груши,0,0,0,1,0
211019-581-6008,2021-10-19,отменен,10:17:00,,"Москва, Ленинский проспект, 78к1","Молоко 2,5% Асеньевская ферма пастеризованное",База,99,99,0,1,99
211019-581-6008,2021-10-19,отменен,10:17:00,,"Москва, Ленинский проспект, 78к1",Доставка,Услуги Груши,79,79,0,1,79
211020-960-3042,2021-10-20,доставлен,08:35:00,08:49:00,"Москва, Ленинский проспект, 78к1","Масло сливочное 72,5% Из Груши",База,179,179,0,1,179
211020-960-3042,2021-10-20,доставлен,08:35:00,08:49:00,"Москва, Ленинский проспект, 78к1",Батончик шоколадный Cadbury Wispa,Сладости,39,39,0,1,39
211020-960-3042,2021-10-20,доставлен,08:35:00,08:49:00,"Москва, Ленинский проспект, 78к1",Клей-гель супер моментальный Секунда,Товары для дома,79,79,0,1,79
211020-960-3042,2021-10-20,доставлен,08:35:00,08:49:00,"Москва, Ленинский проспект, 78к1",Lay's Из печи сыр-зелень,Снеки,109,109,0,1,109
211020-960-3042,2021-10-20,доставлен,08:35:00,08:49:00,"Москва, Ленинский проспект, 78к1",Мюсли Matti малина и ежевика,База,149,149,0,1,149
211020-960-3042,2021-10-20,доставлен,08:35:00,08:49:00,"Москва, Ленинский проспект, 78к1",Клубника свежая Артфрут,Фрукты,309,309,0,1,309
211020-960-3042,2021-10-20,доставлен,08:35:00,08:49:00,"Москва, Ленинский проспект, 78к1",Таблетки для посудомоечных машин Synergetic,Товары для дома,739,739,0,1,739
211020-960-3042,2021-10-20,доставлен,08:35:00,08:49:00,"Москва, Ленинский проспект, 78к1",Туалетная бумага Zewa Плюс белая 2 слоя,Товары для дома,129,129,0,1,129
211020-960-3042,2021-10-20,доставлен,08:35:00,08:49:00,"Москва, Ленинский проспект, 78к1",Блинчики с творогом Азбука Вкуса,Готовая еда,169,169,0,1,169
211020-960-3042,2021-10-20,доставлен,08:35:00,08:49:00,"Москва, Ленинский проспект, 78к1",Вода минеральная Evian без газа,Вода,219,219,0,2,438
211020-960-3042,2021-10-20,доставлен,08:35:00,08:49:00,"Москва, Ленинский проспект, 78к1",Доставка,Услуги Груши,0,0,0,1,0
211021-689-7663,2021-10-21,доставлен,18:03:00,18:16:00,"Москва, Ленинский проспект, 78к1",Помидоры черри на ветке,Овощи,299,299,0,1,299
211021-689-7663,2021-10-21,доставлен,18:03:00,18:16:00,"Москва, Ленинский проспект, 78к1",Доставка,Услуги Груши,49,49,0,1,49
211021-689-7663,2021-10-21,доставлен,18:03:00,18:16:00,"Москва, Ленинский проспект, 78к1",Упаковка,Услуги Груши,12,12,0,1,12
211022-412-6626,2021-10-22,доставлен,07:34:00,07:50:00,"Москва, Ленинский проспект, 78к1",Авокадо Хасс Puro Gusto крупное,Овощи,259,259,0,2,518
211022-412-6626,2021-10-22,доставлен,07:34:00,07:50:00,"Москва, Ленинский проспект, 78к1",Вода минеральная Псыж лечебно-столовая газированная,Вода,59,59,0,3,177
211022-412-6626,2021-10-22,доставлен,07:34:00,07:50:00,"Москва, Ленинский проспект, 78к1",Абрикосы,Фрукты,179,179,0,1,179
211022-412-6626,2021-10-22,доставлен,07:34:00,07:50:00,"Москва, Ленинский проспект, 78к1",Грейпфрут крупный,Фрукты,169,169,0,2,338
211022-412-6626,2021-10-22,доставлен,07:34:00,07:50:00,"Москва, Ленинский проспект, 78к1",Шпинат,Овощи,259,259,0,1,259
211022-412-6626,2021-10-22,доставлен,07:34:00,07:50:00,"Москва, Ленинский проспект, 78к1","Напиток соевый Alpro Banana банановый 1,8%",Напитки,99,99,0,1,99
211022-412-6626,2021-10-22,доставлен,07:34:00,07:50:00,"Москва, Ленинский проспект, 78к1",Соль морская мелкая Из Груши,База,49,49,0,2,98
211022-412-6626,2021-10-22,доставлен,07:34:00,07:50:00,"Москва, Ленинский проспект, 78к1",Борщ с говядиной Азбука Вкуса,Готовая еда,289,289,0,1,289
211022-412-6626,2021-10-22,доставлен,07:34:00,07:50:00,"Москва, Ленинский проспект, 78к1",Голубика Артфрут,Фрукты,509,449,60,1,449
211022-412-6626,2021-10-22,доставлен,07:34:00,07:50:00,"Москва, Ленинский проспект, 78к1",Доставка,Услуги Груши,79,79,0,1,79
211022-412-6626,2021-10-22,доставлен,07:34:00,07:50:00,"Москва, Ленинский проспект, 78к1",Упаковка,Услуги Груши,12,12,0,1,12
211023-552-3861,2021-10-23,доставлен,08:50:00,09:14:00,"Москва, Ленинский проспект, 78к1",Батончики шоколадные Snickers Minis,Сладости,209,209,0,1,209
211023-552-3861,2021-10-23,доставлен,08:50:00,09:14:00,"Москва, Ленинский проспект, 78к1",Голубика,Фрукты,199,199,0,1,199
211023-552-3861,2021-10-23,доставлен,08:50:00,09:14:00,"Москва, Ленинский проспект, 78к1",Апельсины сладкие,Фрукты,339,339,0,1,339
211023-552-3861,2021-10-23,доставлен,08:50:00,09:14:00,"Москва, Ленинский проспект, 78к1",Малина Из Груши,Фрукты,449,449,0,1,449
211023-552-3861,2021-10-23,доставлен,08:50:00,09:14:00,"Москва, Ленинский проспект, 78к1",Суп-пюре сырный с креветками Азбука вкуса,Готовая еда,299,299,0,1,299
211023-552-3861,2021-10-23,доставлен,08:50:00,09:14:00,"Москва, Ленинский проспект, 78к1",Маслины Охибланка Bonduelle с копчёным лососем,Овощи,199,199,0,1,199
211023-552-3861,2021-10-23,доставлен,08:50:00,09:14:00,"Москва, Ленинский проспект, 78к1","Гранат, Азербайджан",Фрукты,149,149,0,1,149
211023-552-3861,2021-10-23,доставлен,08:50:00,09:14:00,"Москва, Ленинский проспект, 78к1",Грейпфрут,Фрукты,49,49,0,1,49
211023-552-3861,2021-10-23,доставлен,08:50:00,09:14:00,"Москва, Ленинский проспект, 78к1",Доставка,Услуги Груши,49,49,0,1,49
211023-503-7849,2021-10-23,доставлен,17:33:00,17:44:00,"Москва, Ленинский проспект, 78к1",Улитка с корицей Из Груши,Сладости,109,109,0,1,109
211023-503-7849,2021-10-23,доставлен,17:33:00,17:44:00,"Москва, Ленинский проспект, 78к1",Доставка,Услуги Груши,0,0,0,1,0
211025-813-5601,2021-10-25,доставлен,17:21:00,17:28:00,"Москва, Ленинский проспект, 78к1","Масло сливочное 82,5% Вологодское Из Вологды",База,279,229,50,1,229
211025-813-5601,2021-10-25,доставлен,17:21:00,17:28:00,"Москва, Ленинский проспект, 78к1",Огурцы короткоплодные,Овощи,59,59,0,1,59
211025-813-5601,2021-10-25,доставлен,17:21:00,17:28:00,"Москва, Ленинский проспект, 78к1",Грейпфрут дольки нарезанные Из Груши,Фрукты,239,239,0,1,239
211025-813-5601,2021-10-25,доставлен,17:21:00,17:28:00,"Москва, Ленинский проспект, 78к1",Сырок глазированный Из Груши ванильный в бельгийском шоколаде,Сладости,59,59,0,1,59
211025-813-5601,2021-10-25,доставлен,17:21:00,17:28:00,"Москва, Ленинский проспект, 78к1",Доставка,Услуги Груши,79,79,0,1,79
211025-813-5601,2021-10-25,доставлен,17:21:00,17:28:00,"Москва, Ленинский проспект, 78к1",Упаковка,Услуги Груши,12,12,0,1,12
211101-795-9762,2021-11-01,доставлен,10:37:00,10:52:00,"Москва, Ленинский проспект, 78к1","Кефир 3,2% Асеньевская ферма",База,119,119,0,1,119
211101-795-9762,2021-11-01,доставлен,10:37:00,10:52:00,"Москва, Ленинский проспект, 78к1",Вода Шишкин лес негазированная,Вода,49,39,10,1,39
211101-795-9762,2021-11-01,доставлен,10:37:00,10:52:00,"Москва, Ленинский проспект, 78к1",Яйцо куриное СО Из Груши,База,109,109,0,1,109
211101-795-9762,2021-11-01,доставлен,10:37:00,10:52:00,"Москва, Ленинский проспект, 78к1","Молоко 2,5% Асеньевская ферма пастеризованное",База,99,99,0,2,198
211101-795-9762,2021-11-01,доставлен,10:37:00,10:52:00,"Москва, Ленинский проспект, 78к1","Масло сливочное 72,5% Из Груши",База,179,179,0,2,358
211101-795-9762,2021-11-01,доставлен,10:37:00,10:52:00,"Москва, Ленинский проспект, 78к1",Блинчики с творогом Азбука Вкуса,Готовая еда,169,169,0,1,169
211101-795-9762,2021-11-01,доставлен,10:37:00,10:52:00,"Москва, Ленинский проспект, 78к1",Доставка,Услуги Груши,49,49,0,1,49
211101-014-7429,2021-11-01,доставлен,21:38:00,21:53:00,"Москва, Ленинский проспект, 78к1",Бумажные полотенца Zewa Премиум,Товары для дома,159,159,0,1,159
211101-014-7429,2021-11-01,доставлен,21:38:00,21:53:00,"Москва, Ленинский проспект, 78к1",Доставка,Услуги Груши,0,0,0,1,0
211101-014-7429,2021-11-01,доставлен,21:38:00,21:53:00,"Москва, Ленинский проспект, 78к1",Упаковка,Услуги Груши,12,12,0,1,12
211102-866-8216,2021-11-02,доставлен,16:50:00,17:05:00,"Москва, Ленинский проспект, 78к1",Морковь мытая,Овощи,69,69,0,1,69
211102-866-8216,2021-11-02,доставлен,16:50:00,17:05:00,"Москва, Ленинский проспект, 78к1",Яйцо куриное СО Из Груши,База,109,109,0,1,109
211102-866-8216,2021-11-02,доставлен,16:50:00,17:05:00,"Москва, Ленинский проспект, 78к1",Улитка с корицей Из Груши,Сладости,109,109,0,1,109
211102-866-8216,2021-11-02,доставлен,16:50:00,17:05:00,"Москва, Ленинский проспект, 78к1",Доставка,Услуги Груши,0,0,0,1,0
211102-000-0107,2021-11-02,доставлен,19:35:00,19:46:00,"Москва, Ленинский проспект, 78к1",Печенье овсяное Из Груши,Сладости,99,99,0,1,99
211102-000-0107,2021-11-02,доставлен,19:35:00,19:46:00,"Москва, Ленинский проспект, 78к1",Горошек зелёный Bonduelle замороженный,Овощи,109,109,0,1,109
211102-000-0107,2021-11-02,доставлен,19:35:00,19:46:00,"Москва, Ленинский проспект, 78к1",Шоколад молочный пористый Milka Bubbles,Сладости,119,119,0,1,119
211102-000-0107,2021-11-02,доставлен,19:35:00,19:46:00,"Москва, Ленинский проспект, 78к1",Батончик Бабаевский с помадно-сливочной начинкой,Сладости,39,39,0,3,117
211102-000-0107,2021-11-02,доставлен,19:35:00,19:46:00,"Москва, Ленинский проспект, 78к1",Хлеб бородинский Из Груши нарезанный,База,89,89,0,1,89
211102-000-0107,2021-11-02,доставлен,19:35:00,19:46:00,"Москва, Ленинский проспект, 78к1",Доставка,Услуги Груши,0,0,0,1,0
211103-359-6007,2021-11-03,доставлен,08:47:00,08:56:00,"Москва, Ленинский проспект, 78к1","Помидоры Пинк Парадайз, Узбекистан",Овощи,309,309,0,1,309
211103-359-6007,2021-11-03,доставлен,08:47:00,08:56:00,"Москва, Ленинский проспект, 78к1",Круассан с сыром Из Груши,Готовая еда,149,149,0,1,149
211103-359-6007,2021-11-03,доставлен,08:47:00,08:56:00,"Москва, Ленинский проспект, 78к1",Булочка с маком Братья Караваевы,Сладости,89,89,0,1,89
211103-359-6007,2021-11-03,доставлен,08:47:00,08:56:00,"Москва, Ленинский проспект, 78к1",Батарейки алкалиновые GP Ultra Alkaline ААА,Товары для дома,169,169,0,1,169
211103-359-6007,2021-11-03,доставлен,08:47:00,08:56:00,"Москва, Ленинский проспект, 78к1",Помидоры сладкие Бархатный мёд,Овощи,499,499,0,2,998
211103-359-6007,2021-11-03,доставлен,08:47:00,08:56:00,"Москва, Ленинский проспект, 78к1",Спелые бананы,Фрукты,129,129,0,1,129
211103-359-6007,2021-11-03,доставлен,08:47:00,08:56:00,"Москва, Ленинский проспект, 78к1",Семечки жареные отборные От Мартина,Снеки,119,119,0,1,119
211103-359-6007,2021-11-03,доставлен,08:47:00,08:56:00,"Москва, Ленинский проспект, 78к1",Доставка,Услуги Груши,79,79,0,1,79
211103-359-6007,2021-11-03,доставлен,08:47:00,08:56:00,"Москва, Ленинский проспект, 78к1",Упаковка,Услуги Груши,12,12,0,1,12
211104-736-7121,2021-11-04,доставлен,19:30:00,19:53:00,"Москва, Ленинский проспект, 78к1",Сыр Адыгейский Из Груши,База,219,219,0,1,219
211104-736-7121,2021-11-04,доставлен,19:30:00,19:53:00,"Москва, Ленинский проспект, 78к1",Клей-гель супер моментальный Секунда,Товары для дома,79,79,0,1,79
211104-736-7121,2021-11-04,доставлен,19:30:00,19:53:00,"Москва, Ленинский проспект, 78к1",Творог 10-20% из молока Нашей дойки,База,99,99,0,1,99
211104-736-7121,2021-11-04,доставлен,19:30:00,19:53:00,"Москва, Ленинский проспект, 78к1",Мандарины мини,Фрукты,149,149,0,1,149
211104-736-7121,2021-11-04,доставлен,19:30:00,19:53:00,"Москва, Ленинский проспект, 78к1",Вода минеральная San Benedetto негазированная,Вода,219,219,0,1,219
211104-736-7121,2021-11-04,доставлен,19:30:00,19:53:00,"Москва, Ленинский проспект, 78к1",Арбуз,Фрукты,199,199,0,1,199
211104-736-7121,2021-11-04,доставлен,19:30:00,19:53:00,"Москва, Ленинский проспект, 78к1",Фольга пищевая Из Груши,Товары для дома,129,129,0,1,129
211104-736-7121,2021-11-04,доставлен,19:30:00,19:53:00,"Москва, Ленинский проспект, 78к1",Доставка,Услуги Груши,0,0,0,1,0
211104-736-7121,2021-11-04,доставлен,19:30:00,19:53:00,"Москва, Ленинский проспект, 78к1",Упаковка,Услуги Груши,12,12,0,1,12
211106-245-3181,2021-11-06,отменен,09:35:00,,"Москва, Ленинский проспект, 78к1",Бабагануш с пшеничными лепёшками Chindi Kitchen,Готовая еда,269,269,0,1,269
211106-245-3181,2021-11-06,отменен,09:35:00,,"Москва, Ленинский проспект, 78к1",Блинчики с курицей и грибами Азбука Вкуса,Готовая еда,209,209,0,1,209
211106-245-3181,2021-11-06,отменен,09:35:00,,"Москва, Ленинский проспект, 78к1",Вода минеральная негазированная Из Груши природная питьевая,Вода,109,109,0,1,109
211106-245-3181,2021-11-06,отменен,09:35:00,,"Москва, Ленинский проспект, 78к1",Помидоры сладкие Бархатный мёд,Овощи,499,499,0,1,499
211106-245-3181,2021-11-06,отменен,09:35:00,,"Москва, Ленинский проспект, 78к1",Доставка,Услуги Груши,119,119,0,1,119
211106-245-3181,2021-11-06,отменен,09:35:00,,"Москва, Ленинский проспект, 78к1",Упаковка,Услуги Груши,12,12,0,1,12
211106-896-1231,2021-11-06,доставлен,18:50:00,19:22:00,"Москва, Ленинский проспект, 78к1","Масло сливочное 82,5% Вологодское Из Вологды",База,279,279,0,1,279
211106-896-1231,2021-11-06,доставлен,18:50:00,19:22:00,"Москва, Ленинский проспект, 78к1",Доставка,Услуги Груши,0,0,0,1,0
211108-978-4897,2021-11-08,доставлен,09:16:00,09:46:00,"Москва, Ленинский проспект, 78к1",Апельсины сладкие,Фрукты,339,249,90,1,249
211108-978-4897,2021-11-08,доставлен,09:16:00,09:46:00,"Москва, Ленинский проспект, 78к1",Яблоки Гренни Смит,Фрукты,149,149,0,1,149
211108-978-4897,2021-11-08,доставлен,09:16:00,09:46:00,"Москва, Ленинский проспект, 78к1",Шницель из курицы со спагетти и кетчупом Из Груши,Готовая еда,259,259,0,2,518
211108-978-4897,2021-11-08,доставлен,09:16:00,09:46:00,"Москва, Ленинский проспект, 78к1","Молоко 3,2% Из Груши пастеризованное",База,89,89,0,1,89
211108-978-4897,2021-11-08,доставлен,09:16:00,09:46:00,"Москва, Ленинский проспект, 78к1",Мармелад жевательный Haribo Goldbaren,Сладости,149,149,0,1,149
211108-978-4897,2021-11-08,доставлен,09:16:00,09:46:00,"Москва, Ленинский проспект, 78к1",Огурцы короткоплодные,Овощи,59,59,0,1,59
211108-978-4897,2021-11-08,доставлен,09:16:00,09:46:00,"Москва, Ленинский проспект, 78к1",Набор лимон и имбирь,База,159,159,0,1,159
211108-978-4897,2021-11-08,доставлен,09:16:00,09:46:00,"Москва, Ленинский проспект, 78к1",Доставка,Услуги Груши,0,0,0,1,0
211108-752-2182,2021-11-08,доставлен,09:44:00,10:00:00,"Москва, Ленинский проспект, 78к1",Чистящее средство Synergetic для окон и зеркал,Товары для дома,279,279,0,1,279
211108-752-2182,2021-11-08,доставлен,09:44:00,10:00:00,"Москва, Ленинский проспект, 78к1",Морковь мытая,Овощи,69,69,0,2,138
211108-752-2182,2021-11-08,доставлен,09:44:00,10:00:00,"Москва, Ленинский проспект, 78к1",Апельсины,Фрукты,59,59,0,1,59
211108-752-2182,2021-11-08,доставлен,09:44:00,10:00:00,"Москва, Ленинский проспект, 78к1","Гранат, Азербайджан",Фрукты,149,149,0,1,149
211108-752-2182,2021-11-08,доставлен,09:44:00,10:00:00,"Москва, Ленинский проспект, 78к1",Хлопья кукурузные Любятово,База,159,159,0,1,159
211108-752-2182,2021-11-08,доставлен,09:44:00,10:00:00,"Москва, Ленинский проспект, 78к1",Яблоки Гренни Смит Отборные Собрано в саду 4 шт.,Фрукты,179,179,0,1,179
211108-752-2182,2021-11-08,доставлен,09:44:00,10:00:00,"Москва, Ленинский проспект, 78к1",Доставка,Услуги Груши,0,0,0,1,0
211108-752-2182,2021-11-08,доставлен,09:44:00,10:00:00,"Москва, Ленинский проспект, 78к1",Упаковка,Услуги Груши,12,12,0,1,12
211109-994-6566,2021-11-09,доставлен,07:00:00,07:26:00,"Москва, Ленинский проспект, 78к1",Яблоки Хонейкрисп (Медовый хруст),Фрукты,179,179,0,1,179
211109-994-6566,2021-11-09,доставлен,07:00:00,07:26:00,"Москва, Ленинский проспект, 78к1",Доставка,Услуги Груши,49,49,0,1,49
211109-994-6566,2021-11-09,доставлен,07:00:00,07:26:00,"Москва, Ленинский проспект, 78к1",Упаковка,Услуги Груши,12,12,0,1,12
211110-992-7772,2021-11-10,доставлен,08:40:00,08:59:00,"Москва, Ленинский проспект, 78к1",Баклажаны,Овощи,149,149,0,1,149
211110-992-7772,2021-11-10,доставлен,08:40:00,08:59:00,"Москва, Ленинский проспект, 78к1",Лимон,Фрукты,39,39,0,1,39
211110-992-7772,2021-11-10,доставлен,08:40:00,08:59:00,"Москва, Ленинский проспект, 78к1",Помидоры черри красные Премиум Рост,Овощи,239,199,40,1,199
211110-992-7772,2021-11-10,доставлен,08:40:00,08:59:00,"Москва, Ленинский проспект, 78к1",Котлеты куриные на пару Азбука вкуса,Готовая еда,209,209,0,1,209
211110-992-7772,2021-11-10,доставлен,08:40:00,08:59:00,"Москва, Ленинский проспект, 78к1",Помидоры Черри на ветке Сладкая ягода,Овощи,179,139,40,2,278
211110-992-7772,2021-11-10,доставлен,08:40:00,08:59:00,"Москва, Ленинский проспект, 78к1",Доставка,Услуги Груши,0,0,0,1,0
211110-399-9433,2021-11-10,доставлен,10:51:00,11:06:00,"Москва, Ленинский проспект, 78к1","Молоко 2,5% Асеньевская ферма пастеризованное",База,99,99,0,1,99
211110-399-9433,2021-11-10,доставлен,10:51:00,11:06:00,"Москва, Ленинский проспект, 78к1",Печенье овсяное Овсянки Бейкери с клюквой,Сладости,169,169,0,1,169
211110-399-9433,2021-11-10,доставлен,10:51:00,11:06:00,"Москва, Ленинский проспект, 78к1",Доставка,Услуги Груши,49,49,0,1,49
211110-388-8036,2021-11-10,доставлен,11:06:00,11:26:00,"Москва, Ленинский проспект, 78к1",Зелёный горошек Из Груши быстрозамороженный,Овощи,149,149,0,1,149
211110-388-8036,2021-11-10,доставлен,11:06:00,11:26:00,"Москва, Ленинский проспект, 78к1",Авокадо Хасс Puro Gusto Ready to eat,Овощи,159,159,0,2,318
211110-388-8036,2021-11-10,доставлен,11:06:00,11:26:00,"Москва, Ленинский проспект, 78к1",Шпинат,Овощи,259,259,0,1,259
211110-388-8036,2021-11-10,доставлен,11:06:00,11:26:00,"Москва, Ленинский проспект, 78к1",Мандарины Абхазия,Фрукты,199,199,0,1,199
211110-388-8036,2021-11-10,доставлен,11:06:00,11:26:00,"Москва, Ленинский проспект, 78к1",Рис Басмати отварной Азбука Вкуса,Готовая еда,89,89,0,2,178
211110-388-8036,2021-11-10,доставлен,11:06:00,11:26:00,"Москва, Ленинский проспект, 78к1",Доставка,Услуги Груши,49,49,0,1,49
211113-162-5084,2021-11-13,доставлен,20:01:00,20:09:00,"Москва, Ленинский проспект, 78к1",Вода Шишкин лес негазированная,Вода,49,49,0,1,49
211113-162-5084,2021-11-13,доставлен,20:01:00,20:09:00,"Москва, Ленинский проспект, 78к1","Масло сливочное 72,5% Из Груши",База,179,179,0,1,179
211113-162-5084,2021-11-13,доставлен,20:01:00,20:09:00,"Москва, Ленинский проспект, 78к1",Черри Конфетто Россия,Овощи,259,259,0,1,259
211113-162-5084,2021-11-13,доставлен,20:01:00,20:09:00,"Москва, Ленинский проспект, 78к1",Парацетамол таблетки 500 мг 20 шт,Аптека,89,89,0,1,89
211113-162-5084,2021-11-13,доставлен,20:01:00,20:09:00,"Москва, Ленинский проспект, 78к1",Мюсли Matti банан и шоколад,База,149,149,0,1,149
211113-162-5084,2021-11-13,доставлен,20:01:00,20:09:00,"Москва, Ленинский проспект, 78к1",Сок апельсиновый Из Груши прямой отжим,Напитки,359,359,0,1,359
211113-162-5084,2021-11-13,доставлен,20:01:00,20:09:00,"Москва, Ленинский проспект, 78к1",Мука пшеничная Makfa,База,139,139,0,1,139
211113-162-5084,2021-11-13,доставлен,20:01:00,20:09:00,"Москва, Ленинский проспект, 78к1",Сэндвич с жареными шампиньонами и сыром Чеддер Mates,Готовая еда,289,289,0,1,289
211113-162-5084,2021-11-13,доставлен,20:01:00,20:09:00,"Москва, Ленинский проспект, 78к1",Попкорн Holy Corn морская соль,Снеки,169,169,0,1,169
211113-162-5084,2021-11-13,доставлен,20:01:00,20:09:00,"Москва, Ленинский проспект, 78к1",Доставка,Услуги Груши,49,49,0,1,49
211113-162-5084,2021-11-13,доставлен,20:01:00,20:09:00,"Москва, Ленинский проспект, 78к1",Упаковка,Услуги Груши,12,12,0,1,12
211113-079-0028,2021-11-13,доставлен,20:27:00,20:47:00,"Москва, Ленинский проспект, 78к1",Апельсины сладкие,Фрукты,339,339,0,1,339
211113-079-0028,2021-11-13,доставлен,20:27:00,20:47:00,"Москва, Ленинский проспект, 78к1",Шоколад тёмный Lindt Excellence с кусочками апельсина,Сладости,249,249,0,1,249
211113-079-0028,2021-11-13,доставлен,20:27:00,20:47:00,"Москва, Ленинский проспект, 78к1",Доставка,Услуги Груши,119,119,0,1,119
211113-079-0028,2021-11-13,доставлен,20:27:00,20:47:00,"Москва, Ленинский проспект, 78к1",Упаковка,Услуги Груши,12,12,0,1,12
211115-789-1983,2021-11-15,доставлен,19:15:00,19:32:00,"Москва, Ленинский проспект, 78к1","Кефир 3,2% Асеньевская ферма",База,119,119,0,1,119
211115-789-1983,2021-11-15,доставлен,19:15:00,19:32:00,"Москва, Ленинский проспект, 78к1",Яйцо куриное СО Из Груши,База,109,109,0,1,109
211115-789-1983,2021-11-15,доставлен,19:15:00,19:32:00,"Москва, Ленинский проспект, 78к1",Доставка,Услуги Груши,0,0,0,1,0
211115-789-1983,2021-11-15,доставлен,19:15:00,19:32:00,"Москва, Ленинский проспект, 78к1",Упаковка,Услуги Груши,12,12,0,1,12
211116-194-5678,2021-11-16,доставлен,18:09:00,18:28:00,"Москва, Ленинский проспект, 78к1",Блинчики с курицей и грибами Азбука Вкуса,Готовая еда,209,209,0,1,209
211116-194-5678,2021-11-16,доставлен,18:09:00,18:28:00,"Москва, Ленинский проспект, 78к1",Зефир ванильный Шармэль,Сладости,189,189,0,3,567
211116-194-5678,2021-11-16,доставлен,18:09:00,18:28:00,"Москва, Ленинский проспект, 78к1",Роллы Филадельфия Из Груши,Готовая еда,549,549,0,1,549
211116-194-5678,2021-11-16,доставлен,18:09:00,18:28:00,"Москва, Ленинский проспект, 78к1",Помидоры черри Эко-культура круглые жёлтые на ветке,Овощи,219,219,0,1,219
211116-194-5678,2021-11-16,доставлен,18:09:00,18:28:00,"Москва, Ленинский проспект, 78к1",Перец красный,Овощи,199,199,0,1,199
211116-194-5678,2021-11-16,доставлен,18:09:00,18:28:00,"Москва, Ленинский проспект, 78к1",Клей-гель супер моментальный Секунда,Товары для дома,79,79,0,1,79
211116-194-5678,2021-11-16,доставлен,18:09:00,18:28:00,"Москва, Ленинский проспект, 78к1",Доставка,Услуги Груши,0,0,0,1,0
211117-437-3276,2021-11-17,доставлен,09:49:00,10:20:00,"Москва, Ленинский проспект, 78к1","Масло сливочное 82,5% Вологодское Из Вологды",База,279,279,0,1,279
211117-437-3276,2021-11-17,доставлен,09:49:00,10:20:00,"Москва, Ленинский проспект, 78к1",Голубика,Фрукты,199,199,0,1,199
211117-437-3276,2021-11-17,доставлен,09:49:00,10:20:00,"Москва, Ленинский проспект, 78к1",Клубника свежая Артфрут,Фрукты,309,269,40,2,538
211117-437-3276,2021-11-17,доставлен,09:49:00,10:20:00,"Москва, Ленинский проспект, 78к1",Огурцы Корнишон,Овощи,99,99,0,1,99
211117-437-3276,2021-11-17,доставлен,09:49:00,10:20:00,"Москва, Ленинский проспект, 78к1",Доставка,Услуги Груши,0,0,0,1,0
211117-260-5860,2021-11-17,доставлен,10:20:00,10:46:00,"Москва, Ленинский проспект, 78к1",Вода минеральная лечебно-столовая Borjomi газированная,Вода,149,149,0,1,149
211117-260-5860,2021-11-17,доставлен,10:20:00,10:46:00,"Москва, Ленинский проспект, 78к1",Арбуз,Фрукты,199,199,0,1,199
211117-260-5860,2021-11-17,доставлен,10:20:00,10:46:00,"Москва, Ленинский проспект, 78к1",Пирог с сыром и шпинатом Рамонти Пайз,Готовая еда,179,179,0,1,179
211117-260-5860,2021-11-17,доставлен,10:20:00,10:46:00,"Москва, Ленинский проспект, 78к1",Апельсины сладкие,Фрукты,339,249,90,1,249
211117-260-5860,2021-11-17,доставлен,10:20:00,10:46:00,"Москва, Ленинский проспект, 78к1",Доставка,Услуги Груши,79,79,0,1,79
211117-260-5860,2021-11-17,доставлен,10:20:00,10:46:00,"Москва, Ленинский проспект, 78к1",Упаковка,Услуги Груши,12,12,0,1,12
211118-096-2423,2021-11-18,доставлен,19:16:00,19:30:00,"Москва, Ленинский проспект, 78к1",Лимонад Из Груши с соком груши и яблока,Напитки,129,129,0,1,129
211118-096-2423,2021-11-18,доставлен,19:16:00,19:30:00,"Москва, Ленинский проспект, 78к1","Гранат, Азербайджан",Фрукты,149,149,0,1,149
211118-096-2423,2021-11-18,доставлен,19:16:00,19:30:00,"Москва, Ленинский проспект, 78к1",Петрушка,Овощи,89,89,0,1,89
211118-096-2423,2021-11-18,доставлен,19:16:00,19:30:00,"Москва, Ленинский проспект, 78к1",Вода минеральная Рычал-Су,Вода,79,79,0,1,79
211118-096-2423,2021-11-18,доставлен,19:16:00,19:30:00,"Москва, Ленинский проспект, 78к1",Авокадо Хасс Ready to eat Артфрут,Овощи,509,509,0,1,509
211118-096-2423,2021-11-18,доставлен,19:16:00,19:30:00,"Москва, Ленинский проспект, 78к1",Доставка,Услуги Груши,0,0,0,1,0
211118-096-2423,2021-11-18,доставлен,19:16:00,19:30:00,"Москва, Ленинский проспект, 78к1",Упаковка,Услуги Груши,12,12,0,1,12
211119-847-5272,2021-11-19,доставлен,18:04:00,18:30:00,"Москва, Ленинский проспект, 78к1","Молоко 2,5% Асеньевская ферма пастеризованное",База,99,99,0,1,99
211119-847-5272,2021-11-19,доставлен,18:04:00,18:30:00,"Москва, Ленинский проспект, 78к1",Печенье Орешек со сгущёнкой Братья Караваевы,Сладости,339,339,0,1,339
211119-847-5272,2021-11-19,доставлен,18:04:00,18:30:00,"Москва, Ленинский проспект, 78к1",Губки для посуды Master Fresh,Товары для дома,89,89,0,1,89
211119-847-5272,2021-11-19,доставлен,18:04:00,18:30:00,"Москва, Ленинский проспект, 78к1",Спелые бананы,Фрукты,129,129,0,1,129
211119-847-5272,2021-11-19,доставлен,18:04:00,18:30:00,"Москва, Ленинский проспект, 78к1",Доставка,Услуги Груши,49,49,0,1,49
211123-939-8277,2021-11-23,доставлен,08:22:00,08:35:00,"Москва, Ленинский проспект, 78к1",Вода Шишкин лес негазированная,Вода,49,49,0,1,49
211123-939-8277,2021-11-23,доставлен,08:22:00,08:35:00,"Москва, Ленинский проспект, 78к1","Масло сливочное 72,5% Из Груши",База,179,179,0,2,358
211123-939-8277,2021-11-23,доставлен,08:22:00,08:35:00,"Москва, Ленинский проспект, 78к1",Мандарины мини,Фрукты,149,119,30,3,357
211123-939-8277,2021-11-23,доставлен,08:22:00,08:35:00,"Москва, Ленинский проспект, 78к1",Зелёный горошек Из Груши быстрозамороженный,Овощи,149,149,0,1,149
211123-939-8277,2021-11-23,доставлен,08:22:00,08:35:00,"Москва, Ленинский проспект, 78к1",Доставка,Услуги Груши,79,79,0,1,79
211125-139-4497,2021-11-25,доставлен,08:12:00,08:37:00,"Москва, Ленинский проспект, 78к1",Филе куриное запечённое с помидорами и сыром Азбука Вкуса,Готовая еда,269,269,0,1,269
211125-139-4497,2021-11-25,доставлен,08:12:00,08:37:00,"Москва, Ленинский проспект, 78к1",Брусника Планета витаминов замороженная,Фрукты,249,189,60,1,189
211125-139-4497,2021-11-25,доставлен,08:12:00,08:37:00,"Москва, Ленинский проспект, 78к1",Блинчики с ветчиной и сыром Азбука Вкуса,Готовая еда,279,279,0,1,279
211125-139-4497,2021-11-25,доставлен,08:12:00,08:37:00,"Москва, Ленинский проспект, 78к1",Картофель молодой мытый,Овощи,99,99,0,2,198
211125-139-4497,2021-11-25,доставлен,08:12:00,08:37:00,"Москва, Ленинский проспект, 78к1",Доставка,Услуги Груши,0,0,0,1,0
211125-139-4497,2021-11-25,доставлен,08:12:00,08:37:00,"Москва, Ленинский проспект, 78к1",Упаковка,Услуги Груши,12,12,0,1,12
211126-948-9553,2021-11-26,доставлен,10:06:00,10:15:00,"Москва, Ленинский проспект, 78к1",Уха с сёмгой Азбука вкуса,Готовая еда,239,199,40,1,199
211126-948-9553,2021-11-26,доставлен,10:06:00,10:15:00,"Москва, Ленинский проспект, 78к1",Апельсины,Фрукты,59,59,0,1,59
211126-948-9553,2021-11-26,доставлен,10:06:00,10:15:00,"Москва, Ленинский проспект, 78к1",Спелые бананы,Фрукты,129,129,0,3,387
211126-948-9553,2021-11-26,доставлен,10:06:00,10:15:00,"Москва, Ленинский проспект, 78к1",Доставка,Услуги Груши,79,79,0,1,79
211126-808-8891,2021-11-26,доставлен,20:39:00,20:58:00,"Москва, Ленинский проспект, 78к1",Блинчики с курицей и грибами Азбука Вкуса,Готовая еда,209,209,0,2,418
211126-808-8891,2021-11-26,доставлен,20:39:00,20:58:00,"Москва, Ленинский проспект, 78к1",Батончик шоколадный Cadbury Wispa,Сладости,39,39,0,1,39
211126-808-8891,2021-11-26,доставлен,20:39:00,20:58:00,"Москва, Ленинский проспект, 78к1",Малина Из Груши,Фрукты,449,449,0,2,898
211126-808-8891,2021-11-26,доставлен,20:39:00,20:58:00,"Москва, Ленинский проспект, 78к1",Хлеб ржано-пшеничный с семенами подсолнечника нарезанный Азбука вкуса,База,99,99,0,2,198
211126-808-8891,2021-11-26,доставлен,20:39:00,20:58:00,"Москва, Ленинский проспект, 78к1",Капуста Кейл,Овощи,129,129,0,1,129
211126-808-8891,2021-11-26,доставлен,20:39:00,20:58:00,"Москва, Ленинский проспект, 78к1",Витамин D3 2000 МЕ Solgar 60 капсул,Аптека,1290,1290,0,1,1290
211126-808-8891,2021-11-26,доставлен,20:39:00,20:58:00,"Москва, Ленинский проспект, 78к1",Доставка,Услуги Груши,79,79,0,1,79
211127-633-3807,2021-11-27,доставлен,08:41:00,09:23:00,"Москва, Ленинский проспект, 78к1",Фунчоза с овощами по-корейски Азбука Вкуса,Готовая еда,99,99,0,2,198
211127-633-3807,2021-11-27,доставлен,08:41:00,09:23:00,"Москва, Ленинский проспект, 78к1",Сырники со сметаной Азбука Вкуса,Готовая еда,279,279,0,1,279
211127-633-3807,2021-11-27,доставлен,08:41:00,09:23:00,"Москва, Ленинский проспект, 78к1",Помидоры сливовидные Эко-культура красные на ветке,Овощи,359,359,0,2,718
211127-633-3807,2021-11-27,доставлен,08:41:00,09:23:00,"Москва, Ленинский проспект, 78к1",Батарейка GP Super Alkaline ААА,Товары для дома,259,259,0,1,259
211127-633-3807,2021-11-27,доставлен,08:41:00,09:23:00,"Москва, Ленинский проспект, 78к1",Доставка,Услуги Груши,49,49,0,1,49
211128-476-4591,2021-11-28,доставлен,10:17:00,10:41:00,"Москва, Ленинский проспект, 78к1",Туалетная бумага Zewa Плюс белая 2 слоя,Товары для дома,129,129,0,1,129
211128-476-4591,2021-11-28,доставлен,10:17:00,10:41:00,"Москва, Ленинский проспект, 78к1",Банан,Фрукты,19,19,0,1,19
211128-476-4591,2021-11-28,доставлен,10:17:00,10:41:00,"Москва, Ленинский проспект, 78к1",Черешня Бычье сердце,Фрукты,279,279,0,1,279
211128-476-4591,2021-11-28,доставлен,10:17:00,10:41:00,"Москва, Ленинский проспект, 78к1",Вода Bonaqua негазированная,Вода,69,69,0,4,276
211128-476-4591,2021-11-28,доставлен,10:17:00,10:41:00,"Москва, Ленинский проспект, 78к1",Помидоры черри на ветке,Овощи,299,299,0,1,299
211128-476-4591,2021-11-28,доставлен,10:17:00,10:41:00,"Москва, Ленинский проспект, 78к1",Перец красный,Овощи,199,199,0,1,199
211128-476-4591,2021-11-28,доставлен,10:17:00,10:41:00,"Москва, Ленинский проспект, 78к1",Доставка,Услуги Груши,0,0,0,1,0
211128-523-0128,2021-11-28,доставлен,10:44:00,10:58:00,"Москва, Ленинский проспект, 78к1",Яйцо куриное СО Из Груши,База,109,109,0,1,109
211128-523-0128,2021-11-28,доставлен,10:44:00,10:58:00,"Москва, Ленинский проспект, 78к1","Молоко 2,5% Асеньевская ферма пастеризованное",База,99,99,0,1,99
211128-523-0128,2021-11-28,доставлен,10:44:00,10:58:00,"Москва, Ленинский проспект, 78к1","Масло сливочное 82,5% Вологодское Из Вологды",База,279,279,0,1,279
211128-523-0128,2021-11-28,доставлен,10:44:00,10:58:00,"Москва, Ленинский проспект, 78к1",Хурма Королёк,Фрукты,229,159,70,1,159
211128-523-0128,2021-11-28,доставлен,10:44:00,10:58:00,"Москва, Ленинский проспект, 78к1",Чипсы Simply chips сыр пармезан с чесноком и зеленью,Снеки,89,89,0,2,178
211128-523-0128,2021-11-28,доставлен,10:44:00,10:58:00,"Москва, Ленинский проспект, 78к1",Батончик Snickers лесной орех,Сладости,79,79,0,1,79
211128-523-0128,2021-11-28,доставлен,10:44:00,10:58:00,"Москва, Ленинский проспект, 78к1",Доставка,Услуги Груши,119,119,0,1,119
211128-523-0128,2021-11-28,доставлен,10:44:00,10:58:00,"Москва, Ленинский проспект, 78к1",Упаковка,Услуги Груши,12,12,0,1,12
211128-480-4770,2021-11-28,доставлен,19:37:00,19:50:00,"Москва, Ленинский проспект, 78к1",Апельсины,Фрукты,59,59,0,1,59
211128-480-4770,2021-11-28,доставлен,19:37:00,19:50:00,"Москва, Ленинский проспект, 78к1",Суп с куриными фрикадельками и пастой Алфавит Азбука вкуса,Готовая еда,129,129,0,1,129
211128-480-4770,2021-11-28,доставлен,19:37:00,19:50:00,"Москва, Ленинский проспект, 78к1",Витамин D3 2000 МЕ Solgar 60 капсул,Аптека,1290,1290,0,1,1290
211128-480-4770,2021-11-28,доставлен,19:37:00,19:50:00,"Москва, Ленинский проспект, 78к1",Батончик Бабаевский с шоколадной начинкой,Сладости,69,69,0,1,69
211128-480-4770,2021-11-28,доставлен,19:37:00,19:50:00,"Москва, Ленинский проспект, 78к1",Шпинат,Овощи,259,219,40,1,219
211128-480-4770,2021-11-28,доставлен,19:37:00,19:50:00,"Москва, Ленинский проспект, 78к1",Шоколад гречишный Фабрика природы с кокосом,Сладости,109,109,0,1,109
211128-480-4770,2021-11-28,доставлен,19:37:00,19:50:00,"Москва, Ленинский проспект, 78к1",Помидоры сладкие Бархатный мёд,Овощи,499,499,0,1,499
211128-480-4770,2021-11-28,доставлен,19:37:00,19:50:00,"Москва, Ленинский проспект, 78к1",Пакеты для мусора Master Fresh 30 л чёрные,Товары для дома,59,59,0,1,59
211128-480-4770,2021-11-28,доставлен,19:37:00,19:50:00,"Москва, Ленинский проспект, 78к1",Доставка,Услуги Груши,0,0,0,1,0
211129-548-6538,2021-11-29,доставлен,07:33:00,08:01:00,"Москва, Ленинский проспект, 78к1","Кефир 3,2% Асеньевская ферма",База,119,119,0,1,119
211129-548-6538,2021-11-29,доставлен,07:33:00,08:01:00,"Москва, Ленинский проспект, 78к1",Помидоры черри на ветке,Овощи,299,299,0,1,299
211129-548-6538,2021-11-29,доставлен,07:33:00,08:01:00,"Москва, Ленинский проспект, 78к1",Доставка,Услуги Груши,49,49,0,1,49
211129-548-6538,2021-11-29,доставлен,07:33:00,08:01:00,"Москва, Ленинский проспект, 78к1",Упаковка,Услуги Груши,12,12,0,1,12
211130-809-9158,2021-11-30,доставлен,20:40:00,20:56:00,"Москва, Ленинский проспект, 78к1",Чипсы Pringles паприка,Снеки,269,269,0,1,269
211130-809-9158,2021-11-30,доставлен,20:40:00,20:56:00,"Москва, Ленинский проспект, 78к1",Вода минеральная Evian негазированная,Вода,219,219,0,2,438
211130-809-9158,2021-11-30,доставлен,20:40:00,20:56:00,"Москва, Ленинский проспект, 78к1",Сахар песок Из Груши,База,89,89,0,2,178
211130-809-9158,2021-11-30,доставлен,20:40:00,20:56:00,"Москва, Ленинский проспект, 78к1",Доставка,Услуги Груши,99,99,0,1,99
211130-809-9158,2021-11-30,доставлен,20:40:00,20:56:00,"Москва, Ленинский проспект, 78к1",Упаковка,Услуги Груши,12,12,0,1,12
211201-918-5835,2021-12-01,доставлен,07:49:00,08:00:00,"Москва, Ленинский проспект, 78к1",Салат Айсберг,Овощи,119,119,0,2,238
211201-918-5835,2021-12-01,доставлен,07:49:00,08:00:00,"Москва, Ленинский проспект, 78к1",Кето-курица с начинкой из брокколи и шпината с запечёнными овощами Грабли,Готовая еда,299,299,0,1,299
211201-918-5835,2021-12-01,доставлен,07:49:00,08:00:00,"Москва, Ленинский проспект, 78к1",Печенье овсяное Из Груши,Сладости,99,99,0,1,99
211201-918-5835,2021-12-01,доставлен,07:49:00,08:00:00,"Москва, Ленинский проспект, 78к1",Блинчики с курицей и грибами Азбука Вкуса,Готовая еда,209,209,0,2,418
211201-918-5835,2021-12-01,доставлен,07:49:00,08:00:00,"Москва, Ленинский проспект, 78к1",Доставка,Услуги Груши,0,0,0,1,0
211201-969-4589,2021-12-01,доставлен,09:46:00,10:01:00,"Москва, Ленинский проспект, 78к1",Тыква Баттернат,Овощи,199,199,0,1,199
211201-969-4589,2021-12-01,доставлен,09:46:00,10:01:00,"Москва, Ленинский проспект, 78к1",Лимон,Фрукты,39,39,0,1,39
211201-969-4589,2021-12-01,доставлен,09:46:00,10:01:00,"Москва, Ленинский проспект, 78к1","Суп с куриными фрикадельками, с пастой Алфавит Азбука Вкуса",Готовая еда,229,229,0,1,229
211201-969-4589,2021-12-01,доставлен,09:46:00,10:01:00,"Москва, Ленинский проспект, 78к1",Доставка,Услуги Груши,149,149,0,1,149
211201-969-4589,2021-12-01,доставлен,09:46:00,10:01:00,"Москва, Ленинский проспект, 78к1",Упаковка,Услуги Груши,12,12,0,1,12
211201-005-5450,2021-12-01,доставлен,10:13:00,10:25:00,"Москва, Ленинский проспект, 78к1",Апельсины сладкие,Фрукты,339,259,80,1,259
211201-005-5450,2021-12-01,доставлен,10:13:00,10:25:00,"Москва, Ленинский проспект, 78к1",Сосиски из куриной грудки Из Груши,База,239,239,0,1,239
211201-005-5450,2021-12-01,доставлен,10:13:00,10:25:00,"Москва, Ленинский проспект, 78к1",Брокколи свежая,Овощи,199,199,0,1,199
211201-005-5450,2021-12-01,доставлен,10:13:00,10:25:00,"Москва, Ленинский проспект, 78к1",Доставка,Услуги Груши,99,99,0,1,99
211202-937-1049,2021-12-02,доставлен,18:27:00,18:47:00,"Москва, Ленинский проспект, 78к1",Печенье Орешек со сгущёнкой Братья Караваевы,Сладости,339,339,0,1,339
211202-937-1049,2021-12-02,доставлен,18:27:00,18:47:00,"Москва, Ленинский проспект, 78к1",Батончик Snickers лесной орех,Сладости,79,79,0,1,79
211202-937-1049,2021-12-02,доставлен,18:27:00,18:47:00,"Москва, Ленинский проспект, 78к1",Шпинат,Овощи,259,179,80,2,358
211202-937-1049,2021-12-02,доставлен,18:27:00,18:47:00,"Москва, Ленинский проспект, 78к1",Битые огурцы Чихо,Готовая еда,219,219,0,1,219
211202-937-1049,2021-12-02,доставлен,18:27:00,18:47:00,"Москва, Ленинский проспект, 78к1",Рис Басмати отварной Азбука Вкуса,Готовая еда,89,89,0,1,89
211202-937-1049,2021-12-02,доставлен,18:27:00,18:47:00,"Москва, Ленинский проспект, 78к1",Картошка Братья Караваевы,Сладости,139,139,0,1,139
211202-937-1049,2021-12-02,доставлен,18:27:00,18:47:00,"Москва, Ленинский проспект, 78к1",Мандарины Абхазия,Фрукты,199,199,0,1,199
211202-937-1049,2021-12-02,доставлен,18:27:00,18:47:00,"Москва, Ленинский проспект, 78к1",Доставка,Услуги Груши,79,79,0,1,79
211203-239-0054,2021-12-03,доставлен,19:27:00,19:44:00,"Москва, Ленинский проспект, 78к1",Вода Шишкин лес негазированная,Вода,49,49,0,3,147
211203-239-0054,2021-12-03,доставлен,19:27:00,19:44:00,"Москва, Ленинский проспект, 78к1","Масло сливочное 72,5% Из Груши",База,179,179,0,1,179
211203-239-0054,2021-12-03,доставлен,19:27:00,19:44:00,"Москва, Ленинский проспект, 78к1",Авокадо Хасс Puro Gusto Ready to eat,Овощи,159,159,0,1,159
211203-239-0054,2021-12-03,доставлен,19:27:00,19:44:00,"Москва, Ленинский проспект, 78к1",Фриттата с креветками и овощами Из Груши,Готовая еда,239,239,0,1,239
211203-239-0054,2021-12-03,доставлен,19:27:00,19:44:00,"Москва, Ленинский проспект, 78к1",Доставка,Услуги Груши,0,0,0,1,0
211205-557-5887,2021-12-05,доставлен,21:45:00,22:03:00,"Москва, Ленинский проспект, 78к1",Смесь орехов с цукатами Семушка,Фрукты,179,179,0,1,179
211205-557-5887,2021-12-05,доставлен,21:45:00,22:03:00,"Москва, Ленинский проспект, 78к1",Завиток с корицей Братья Караваевы,Сладости,109,109,0,1,109
211205-557-5887,2021-12-05,доставлен,21:45:00,22:03:00,"Москва, Ленинский проспект, 78к1",Батончик шоколадный Milky Way 1+1,Сладости,49,49,0,1,49
211205-557-5887,2021-12-05,доставлен,21:45:00,22:03:00,"Москва, Ленинский проспект, 78к1",Фольга пищевая Из Груши,Товары для дома,129,129,0,1,129
211205-557-5887,2021-12-05,доставлен,21:45:00,22:03:00,"Москва, Ленинский проспект, 78к1",Доставка,Услуги Груши,49,49,0,1,49
211205-557-5887,2021-12-05,доставлен,21:45:00,22:03:00,"Москва, Ленинский проспект, 78к1",Упаковка,Услуги Груши,12,12,0,1,12
211206-989-0078,2021-12-06,доставлен,09:32:00,09:59:00,"Москва, Ленинский проспект, 78к1","Масло сливочное 82,5% Брест-Литовск",База,149,149,0,1,149
211206-989-0078,2021-12-06,доставлен,09:32:00,09:59:00,"Москва, Ленинский проспект, 78к1",Суп с куриными фрикадельками и пастой Алфавит Азбука вкуса,Готовая еда,129,129,0,1,129
211206-989-0078,2021-12-06,доставлен,09:32:00,09:59:00,"Москва, Ленинский проспект, 78к1",Огурцы короткоплодные,Овощи,59,59,0,1,59
211206-989-0078,2021-12-06,доставлен,09:32:00,09:59:00,"Москва, Ленинский проспект, 78к1",Английский маффин с беконом и яйцом Mates,Готовая еда,289,289,0,1,289
211206-989-0078,2021-12-06,доставлен,09:32:00,09:59:00,"Москва, Ленинский проспект, 78к1",Шарики сырные с моцареллой Азбука Вкуса,Готовая еда,199,149,50,1,149
211206-989-0078,2021-12-06,доставлен,09:32:00,09:59:00,"Москва, Ленинский проспект, 78к1",Чипсы Lay's Из Печи Сметана и ароматные травы,Снеки,89,89,0,2,178
211206-989-0078,2021-12-06,доставлен,09:32:00,09:59:00,"Москва, Ленинский проспект, 78к1",Апельсины,Фрукты,59,49,10,1,49
211206-989-0078,2021-12-06,доставлен,09:32:00,09:59:00,"Москва, Ленинский проспект, 78к1",Доставка,Услуги Груши,0,0,0,1,0
211209-749-8998,2021-12-09,доставлен,08:58:00,09:21:00,"Москва, Ленинский проспект, 78к1","Молоко 2,5% Асеньевская ферма пастеризованное",База,99,99,0,1,99
211209-749-8998,2021-12-09,доставлен,08:58:00,09:21:00,"Москва, Ленинский проспект, 78к1","Масло сливочное 82,5% Вологодское Из Вологды",База,279,279,0,1,279
211209-749-8998,2021-12-09,доставлен,08:58:00,09:21:00,"Москва, Ленинский проспект, 78к1",Авокадо Хасс Ready to eat Артфрут,Овощи,509,359,150,1,359
211209-749-8998,2021-12-09,доставлен,08:58:00,09:21:00,"Москва, Ленинский проспект, 78к1",Спелые бананы,Фрукты,129,129,0,1,129
211209-749-8998,2021-12-09,доставлен,08:58:00,09:21:00,"Москва, Ленинский проспект, 78к1",Лимонад Из Груши с соком грейпфрута,Напитки,119,119,0,1,119
211209-749-8998,2021-12-09,доставлен,08:58:00,09:21:00,"Москва, Ленинский проспект, 78к1",Брусника Планета витаминов замороженная,Фрукты,249,249,0,3,747
211209-749-8998,2021-12-09,доставлен,08:58:00,09:21:00,"Москва, Ленинский проспект, 78к1",Яйцо куриное СО Из Груши,База,109,109,0,1,109
211209-749-8998,2021-12-09,доставлен,08:58:00,09:21:00,"Москва, Ленинский проспект, 78к1",Доставка,Услуги Груши,0,0,0,1,0
211212-331-5339,2021-12-12,доставлен,10:05:00,10:15:00,"Москва, Ленинский проспект, 78к1",Яйцо куриное СО Из Груши,База,109,109,0,1,109
211212-331-5339,2021-12-12,доставлен,10:05:00,10:15:00,"Москва, Ленинский проспект, 78к1",Торт Медовик Из Груши,Сладости,599,519,80,1,519
211212-331-5339,2021-12-12,доставлен,10:05:00,10:15:00,"Москва, Ленинский проспект, 78к1",Шоколад тёмный Lindt Excellence с кусочками апельсина,Сладости,249,209,40,1,209
211212-331-5339,2021-12-12,доставлен,10:05:00,10:15:00,"Москва, Ленинский проспект, 78к1",Помидоры Черри на ветке Сладкая ягода,Овощи,179,179,0,1,179
211212-331-5339,2021-12-12,доставлен,10:05:00,10:15:00,"Москва, Ленинский проспект, 78к1",Доставка,Услуги Груши,149,149,0,1,149
211213-267-5861,2021-12-13,доставлен,08:50:00,08:59:00,"Москва, Ленинский проспект, 78к1",Вода Шишкин лес негазированная,Вода,49,49,0,4,196
211213-267-5861,2021-12-13,доставлен,08:50:00,08:59:00,"Москва, Ленинский проспект, 78к1","Масло сливочное 72,5% Из Груши",База,179,179,0,1,179
211213-267-5861,2021-12-13,доставлен,08:50:00,08:59:00,"Москва, Ленинский проспект, 78к1",Доставка,Услуги Груши,119,119,0,1,119
211213-267-5861,2021-12-13,доставлен,08:50:00,08:59:00,"Москва, Ленинский проспект, 78к1",Упаковка,Услуги Груши,12,12,0,1,12
211213-117-4818,2021-12-13,доставлен,19:44:00,20:07:00,"Москва, Ленинский проспект, 78к1","Кефир 3,2% Асеньевская ферма",База,119,119,0,1,119
211213-117-4818,2021-12-13,доставлен,19:44:00,20:07:00,"Москва, Ленинский проспект, 78к1",Доставка,Услуги Груши,49,49,0,1,49
211216-277-1071,2021-12-16,доставлен,10:21:00,10:34:00,"Москва, Ленинский проспект, 78к1",Котлеты по-киевски Из Груши,Готовая еда,259,259,0,2,518
211216-277-1071,2021-12-16,доставлен,10:21:00,10:34:00,"Москва, Ленинский проспект, 78к1",Чипсы Lay's Из Печи Лисички в сметане,Снеки,99,99,0,1,99
211216-277-1071,2021-12-16,доставлен,10:21:00,10:34:00,"Москва, Ленинский проспект, 78к1",Суп-пюре сырный с креветками Азбука вкуса,Готовая еда,299,299,0,1,299
211216-277-1071,2021-12-16,доставлен,10:21:00,10:34:00,"Москва, Ленинский проспект, 78к1",Голубика Артфрут,Фрукты,509,509,0,1,509
211216-277-1071,2021-12-16,доставлен,10:21:00,10:34:00,"Москва, Ленинский проспект, 78к1",Мороженое Monterra бельгийский шоколад,Сладости,639,509,130,1,509
211216-277-1071,2021-12-16,доставлен,10:21:00,10:34:00,"Москва, Ленинский проспект, 78к1",Сок апельсиновый Из Груши прямой отжим,Напитки,359,359,0,1,359
211216-277-1071,2021-12-16,доставлен,10:21:00,10:34:00,"Москва, Ленинский проспект, 78к1",Доставка,Услуги Груши,0,0,0,1,0
211217-609-2626,2021-12-17,доставлен,17:35:00,17:58:00,"Москва, Ленинский проспект, 78к1","Напиток овсяный Nemoloko 3,2% классический",Напитки,119,119,0,1,119
211217-609-2626,2021-12-17,доставлен,17:35:00,17:58:00,"Москва, Ленинский проспект, 78к1",Вода минеральная лечебно-столовая Borjomi газированная,Вода,149,129,20,2,258
211217-609-2626,2021-12-17,доставлен,17:35:00,17:58:00,"Москва, Ленинский проспект, 78к1",Помидоры сливовидные Эко-культура красные на ветке,Овощи,359,359,0,1,359
211217-609-2626,2021-12-17,доставлен,17:35:00,17:58:00,"Москва, Ленинский проспект, 78к1",Доставка,Услуги Груши,0,0,0,1,0
211217-609-2626,2021-12-17,доставлен,17:35:00,17:58:00,"Москва, Ленинский проспект, 78к1",Упаковка,Услуги Груши,12,12,0,1,12
211218-553-5486,2021-12-18,доставлен,09:35:00,09:51:00,"Москва, Ленинский проспект, 78к1","Молоко 2,5% Асеньевская ферма пастеризованное",База,99,99,0,1,99
211218-553-5486,2021-12-18,доставлен,09:35:00,09:51:00,"Москва, Ленинский проспект, 78к1","Напиток функциональный Actimuno гранат 1,5%",Напитки,49,49,0,1,49
211218-553-5486,2021-12-18,доставлен,09:35:00,09:51:00,"Москва, Ленинский проспект, 78к1",Батарейки алкалиновые GP Ultra Alkaline ААА,Товары для дома,169,169,0,1,169
211218-553-5486,2021-12-18,доставлен,09:35:00,09:51:00,"Москва, Ленинский проспект, 78к1",Доставка,Услуги Груши,79,79,0,1,79
211218-553-5486,2021-12-18,доставлен,09:35:00,09:51:00,"Москва, Ленинский проспект, 78к1",Упаковка,Услуги Груши,12,12,0,1,12
211218-056-4566,2021-12-18,доставлен,20:05:00,21:37:00,"Москва, Ленинский проспект, 78к1",Арбуз бруски Из Груши,Фрукты,209,209,0,1,209
211218-056-4566,2021-12-18,доставлен,20:05:00,21:37:00,"Москва, Ленинский проспект, 78к1",Доставка,Услуги Груши,79,79,0,1,79
211218-056-4566,2021-12-18,доставлен,20:05:00,21:37:00,"Москва, Ленинский проспект, 78к1",Упаковка,Услуги Груши,12,12,0,1,12
211219-497-0595,2021-12-19,доставлен,09:43:00,10:22:00,"Москва, Ленинский проспект, 78к1",Грейпфрут дольки нарезанные Из Груши,Фрукты,239,169,70,1,169
211219-497-0595,2021-12-19,доставлен,09:43:00,10:22:00,"Москва, Ленинский проспект, 78к1",Голубика,Фрукты,199,199,0,1,199
211219-497-0595,2021-12-19,доставлен,09:43:00,10:22:00,"Москва, Ленинский проспект, 78к1","Напиток овсяный Nemoloko 3,2% классический",Напитки,119,89,30,1,89
211219-497-0595,2021-12-19,доставлен,09:43:00,10:22:00,"Москва, Ленинский проспект, 78к1","Напиток функциональный Actimuno гранат 1,5%",Напитки,49,49,0,1,49
211219-497-0595,2021-12-19,доставлен,09:43:00,10:22:00,"Москва, Ленинский проспект, 78к1",Спелые бананы,Фрукты,129,129,0,2,258
211219-497-0595,2021-12-19,доставлен,09:43:00,10:22:00,"Москва, Ленинский проспект, 78к1",Мука пшеничная Makfa,База,139,139,0,1,139
211219-497-0595,2021-12-19,доставлен,09:43:00,10:22:00,"Москва, Ленинский проспект, 78к1",Доставка,Услуги Груши,0,0,0,1,0
211220-908-4651,2021-12-20,доставлен,09:10:00,09:44:00,"Москва, Ленинский проспект, 78к1",Петрушка,Овощи,89,89,0,1,89
211220-908-4651,2021-12-20,доставлен,09:10:00,09:44:00,"Москва, Ленинский проспект, 78к1",Яблоки Голден,Фрукты,139,139,0,1,139
211220-908-4651,2021-12-20,доставлен,09:10:00,09:44:00,"Москва, Ленинский проспект, 78к1",Доставка,Услуги Груши,49,49,0,1,49
211220-873-0900,2021-12-20,доставлен,09:19:00,09:29:00,"Москва, Ленинский проспект, 78к1","Масло сливочное 82,5% Вологодское Из Вологды",База,279,279,0,1,279
211220-873-0900,2021-12-20,доставлен,09:19:00,09:29:00,"Москва, Ленинский проспект, 78к1",Авокадо Хасс Puro Gusto крупное,Овощи,259,259,0,1,259
211220-873-0900,2021-12-20,доставлен,09:19:00,09:29:00,"Москва, Ленинский проспект, 78к1",Помидоры черри Эко-культура круглые красные,Овощи,199,199,0,1,199
211220-873-0900,2021-12-20,доставлен,09:19:00,09:29:00,"Москва, Ленинский проспект, 78к1",Перчики черри Из Груши фаршированные сливочным сыром,Овощи,299,299,0,1,299
211220-873-0900,2021-12-20,доставлен,09:19:00,09:29:00,"Москва, Ленинский проспект, 78к1",Доставка,Услуги Груши,0,0,0,1,0
211220-406-1464,2021-12-20,доставлен,19:57:00,20:06:00,"Москва, Ленинский проспект, 78к1",Батончик Бабаевский с помадно-сливочной начинкой,Сладости,39,39,0,1,39
211220-406-1464,2021-12-20,доставлен,19:57:00,20:06:00,"Москва, Ленинский проспект, 78к1",Батончик кокосовый Kick в карамельном шоколаде,Сладости,139,139,0,2,278
211220-406-1464,2021-12-20,доставлен,19:57:00,20:06:00,"Москва, Ленинский проспект, 78к1","Лейкопластырь водоотталкивающий Dr.Safe универсальный бактерицидный 1,9х7,2 см",Товары для дома,99,99,0,1,99
211220-406-1464,2021-12-20,доставлен,19:57:00,20:06:00,"Москва, Ленинский проспект, 78к1",Помидоры черри на ветке,Овощи,299,299,0,1,299
211220-406-1464,2021-12-20,доставлен,19:57:00,20:06:00,"Москва, Ленинский проспект, 78к1",Пастила яблочная Белёвская,Сладости,229,229,0,1,229
211220-406-1464,2021-12-20,доставлен,19:57:00,20:06:00,"Москва, Ленинский проспект, 78к1",Доставка,Услуги Груши,119,119,0,1,119
211220-406-1464,2021-12-20,доставлен,19:57:00,20:06:00,"Москва, Ленинский проспект, 78к1",Упаковка,Услуги Груши,12,12,0,1,12
211221-444-5587,2021-12-21,доставлен,08:28:00,08:58:00,"Москва, Ленинский проспект, 78к1","Protein pot с яйцом, сыром фета и помидорами черри Азбука life",Готовая еда,199,199,0,1,199
211221-444-5587,2021-12-21,доставлен,08:28:00,08:58:00,"Москва, Ленинский проспект, 78к1",Лимонад Из Груши с соком груши и яблока,Напитки,129,129,0,1,129
211221-444-5587,2021-12-21,доставлен,08:28:00,08:58:00,"Москва, Ленинский проспект, 78к1",Банан,Фрукты,19,19,0,1,19
211221-444-5587,2021-12-21,доставлен,08:28:00,08:58:00,"Москва, Ленинский проспект, 78к1",Перчики черри Из Груши фаршированные сливочным сыром,Овощи,299,299,0,1,299
211221-444-5587,2021-12-21,доставлен,08:28:00,08:58:00,"Москва, Ленинский проспект, 78к1",Доставка,Услуги Груши,79,79,0,1,79
211221-799-3246,2021-12-21,доставлен,19:26:00,19:44:00,"Москва, Ленинский проспект, 78к1",Сок апельсиновый Из Груши прямой отжим,Напитки,359,359,0,1,359
211221-799-3246,2021-12-21,доставлен,19:26:00,19:44:00,"Москва, Ленинский проспект, 78к1",Апельсины,Фрукты,59,59,0,1,59
211221-799-3246,2021-12-21,доставлен,19:26:00,19:44:00,"Москва, Ленинский проспект, 78к1",Доставка,Услуги Груши,99,99,0,1,99
211222-324-0164,2021-12-22,отменен,08:03:00,,"Москва, Ленинский проспект, 78к1",Помидоры черри Эко-культура круглые красные на ветке,Овощи,269,269,0,1,269
211222-324-0164,2021-12-22,отменен,08:03:00,,"Москва, Ленинский проспект, 78к1",Батончики KitKat с хрустящей вафлей в молочном шоколаде,Сладости,239,239,0,1,239
211222-324-0164,2021-12-22,отменен,08:03:00,,"Москва, Ленинский проспект, 78к1",Яблоки Хонейкрисп (Медовый хруст),Фрукты,179,179,0,2,358
211222-324-0164,2021-12-22,отменен,08:03:00,,"Москва, Ленинский проспект, 78к1",Яблоки Гренни Смит,Фрукты,149,149,0,1,149
211222-324-0164,2021-12-22,отменен,08:03:00,,"Москва, Ленинский проспект, 78к1",Помидоры черри на ветке,Овощи,299,259,40,1,259
211222-324-0164,2021-12-22,отменен,08:03:00,,"Москва, Ленинский проспект, 78к1",Круассан с миндалём Из Груши,Сладости,159,159,0,1,159
211222-324-0164,2021-12-22,отменен,08:03:00,,"Москва, Ленинский проспект, 78к1",Драже M&M's арахис-молочный шоколад,Сладости,349,349,0,1,349
211222-324-0164,2021-12-22,отменен,08:03:00,,"Москва, Ленинский проспект, 78к1",Сэндвич с индейкой и моцареллой Из Груши,Готовая еда,229,229,0,1,229
211222-324-0164,2021-12-22,отменен,08:03:00,,"Москва, Ленинский проспект, 78к1",Пирожное паштел де ната Хлеб Насущный,Сладости,119,119,0,1,119
211222-324-0164,2021-12-22,отменен,08:03:00,,"Москва, Ленинский проспект, 78к1",Доставка,Услуги Груши,49,49,0,1,49
211222-624-8732,2021-12-22,доставлен,08:52:00,09:18:00,"Москва, Ленинский проспект, 78к1",Чипсы Pringles Paprika с паприкой,Снеки,159,159,0,1,159
211222-624-8732,2021-12-22,доставлен,08:52:00,09:18:00,"Москва, Ленинский проспект, 78к1",Яйцо куриное СО Из Груши,База,109,109,0,1,109
211222-624-8732,2021-12-22,доставлен,08:52:00,09:18:00,"Москва, Ленинский проспект, 78к1",Пастила яблочная Белёвская,Сладости,229,229,0,1,229
211222-624-8732,2021-12-22,доставлен,08:52:00,09:18:00,"Москва, Ленинский проспект, 78к1",Сыр Халлуми Из Груши,База,169,169,0,1,169
211222-624-8732,2021-12-22,доставлен,08:52:00,09:18:00,"Москва, Ленинский проспект, 78к1",Доставка,Услуги Груши,49,49,0,1,49
211222-624-8732,2021-12-22,доставлен,08:52:00,09:18:00,"Москва, Ленинский проспект, 78к1",Упаковка,Услуги Груши,12,12,0,1,12
211223-803-9649,2021-12-23,доставлен,12:10:00,12:48:00,"Москва, Ленинский проспект, 78к1",Вода Шишкин лес негазированная,Вода,49,49,0,1,49
211223-803-9649,2021-12-23,доставлен,12:10:00,12:48:00,"Москва, Ленинский проспект, 78к1","Масло сливочное 72,5% Из Груши",База,179,179,0,1,179
211223-803-9649,2021-12-23,доставлен,12:10:00,12:48:00,"Москва, Ленинский проспект, 78к1",Напиток соевый Alpro банановый,Напитки,219,219,0,2,438
211223-803-9649,2021-12-23,доставлен,12:10:00,12:48:00,"Москва, Ленинский проспект, 78к1",Петрушка,Овощи,89,89,0,1,89
211223-803-9649,2021-12-23,доставлен,12:10:00,12:48:00,"Москва, Ленинский проспект, 78к1",Мыло жидкое Сандал и Ягоды можжевельника Synergetic,Товары для дома,149,149,0,1,149
211223-803-9649,2021-12-23,доставлен,12:10:00,12:48:00,"Москва, Ленинский проспект, 78к1",Доставка,Услуги Груши,99,99,0,1,99
211223-803-9649,2021-12-23,доставлен,12:10:00,12:48:00,"Москва, Ленинский проспект, 78к1",Упаковка,Услуги Груши,12,12,0,1,12
211224-717-7513,2021-12-24,доставлен,10:00:00,10:40:00,"Москва, Ленинский проспект, 78к1",Яблоки Хонейкрисп (Медовый хруст),Фрукты,179,179,0,1,179
211224-717-7513,2021-12-24,доставлен,10:00:00,10:40:00,"Москва, Ленинский проспект, 78к1","Абрикосы шалах, Узбекистан",Фрукты,439,439,0,1,439
211224-717-7513,2021-12-24,доставлен,10:00:00,10:40:00,"Москва, Ленинский проспект, 78к1",Доставка,Услуги Груши,49,49,0,1,49
211224-121-1261,2021-12-24,доставлен,19:48:00,20:09:00,"Москва, Ленинский проспект, 78к1",Кетчуп Heinz,База,149,149,0,1,149
211224-121-1261,2021-12-24,доставлен,19:48:00,20:09:00,"Москва, Ленинский проспект, 78к1",Помидоры сливовидные Эко-культура красные на ветке,Овощи,359,359,0,1,359
211224-121-1261,2021-12-24,доставлен,19:48:00,20:09:00,"Москва, Ленинский проспект, 78к1",Доставка,Услуги Груши,0,0,0,1,0
211225-077-2817,2021-12-25,доставлен,19:44:00,20:09:00,"Москва, Ленинский проспект, 78к1",Яйцо куриное СО Из Груши,База,109,109,0,1,109
211225-077-2817,2021-12-25,доставлен,19:44:00,20:09:00,"Москва, Ленинский проспект, 78к1",Апельсины сладкие,Фрукты,339,339,0,1,339
211225-077-2817,2021-12-25,доставлен,19:44:00,20:09:00,"Москва, Ленинский проспект, 78к1",Голубцы мясные тушеные в томатно-сливочном соусе Азбука Вкуса,Готовая еда,159,159,0,1,159
211225-077-2817,2021-12-25,доставлен,19:44:00,20:09:00,"Москва, Ленинский проспект, 78к1",Хлеб ржано-пшеничный с семенами подсолнечника нарезанный Азбука вкуса,База,99,99,0,1,99
211225-077-2817,2021-12-25,доставлен,19:44:00,20:09:00,"Москва, Ленинский проспект, 78к1",Доставка,Услуги Груши,119,119,0,1,119
211226-271-7173,2021-12-26,доставлен,09:31:00,10:15:00,"Москва, Ленинский проспект, 78к1",Борщ с говядиной Азбука Вкуса,Готовая еда,289,259,30,1,259
211226-271-7173,2021-12-26,доставлен,09:31:00,10:15:00,"Москва, Ленинский проспект, 78к1",Помидоры Черри на ветке Сладкая ягода,Овощи,179,179,0,1,179
211226-271-7173,2021-12-26,доставлен,09:31:00,10:15:00,"Москва, Ленинский проспект, 78к1",Доставка,Услуги Груши,79,79,0,1,79
211226-437-4017,2021-12-26,доставлен,09:32:00,09:45:00,"Москва, Ленинский проспект, 78к1",Попкорн из креветок Нияма,Готовая еда,379,379,0,2,758
211226-437-4017,2021-12-26,доставлен,09:32:00,09:45:00,"Москва, Ленинский проспект, 78к1",Тыква Баттернат,Овощи,199,199,0,1,199
211226-437-4017,2021-12-26,доставлен,09:32:00,09:45:00,"Москва, Ленинский проспект, 78к1",Спелые бананы,Фрукты,129,109,20,1,109
211226-437-4017,2021-12-26,доставлен,09:32:00,09:45:00,"Москва, Ленинский проспект, 78к1",Сыр Ламбер 50%,База,349,349,0,1,349
211226-437-4017,2021-12-26,доставлен,09:32:00,09:45:00,"Москва, Ленинский проспект, 78к1",Начос кукурузные Delicados,Снеки,189,189,0,1,189
211226-437-4017,2021-12-26,доставлен,09:32:00,09:45:00,"Москва, Ленинский проспект, 78к1",Малина Из Груши,Фрукты,449,449,0,1,449
211226-437-4017,2021-12-26,доставлен,09:32:00,09:45:00,"Москва, Ленинский проспект, 78к1",Доставка,Услуги Груши,49,49,0,1,49
211226-437-4017,2021-12-26,доставлен,09:32:00,09:45:00,"Москва, Ленинский проспект, 78к1",Упаковка,Услуги Груши,12,12,0,1,12
211227-048-4770,2021-12-27,доставлен,11:37:00,11:52:00,"Москва, Ленинский проспект, 78к1","Кефир 3,2% Асеньевская ферма",База,119,119,0,2,238
211227-048-4770,2021-12-27,доставлен,11:37:00,11:52:00,"Москва, Ленинский проспект, 78к1","Молоко 2,5% Асеньевская ферма пастеризованное",База,99,99,0,1,99
211227-048-4770,2021-12-27,доставлен,11:37:00,11:52:00,"Москва, Ленинский проспект, 78к1",Домашний сыр в шпинатном соусе с рисом басмати Палак Панир Chindi Kitchen,Готовая еда,329,329,0,2,658
211227-048-4770,2021-12-27,доставлен,11:37:00,11:52:00,"Москва, Ленинский проспект, 78к1","Напиток соевый Alpro Banana банановый 1,8%",Напитки,99,99,0,1,99
211227-048-4770,2021-12-27,доставлен,11:37:00,11:52:00,"Москва, Ленинский проспект, 78к1",Доставка,Услуги Груши,199,199,0,1,199
211227-048-4770,2021-12-27,доставлен,11:37:00,11:52:00,"Москва, Ленинский проспект, 78к1",Упаковка,Услуги Груши,12,12,0,1,12
211227-808-1300,2021-12-27,доставлен,19:56:00,20:09:00,"Москва, Ленинский проспект, 78к1",Салфетки для уборки Master Fresh,Товары для дома,119,119,0,1,119
211227-808-1300,2021-12-27,доставлен,19:56:00,20:09:00,"Москва, Ленинский проспект, 78к1",Круассан с миндалём Из Груши,Сладости,159,159,0,3,477
211227-808-1300,2021-12-27,доставлен,19:56:00,20:09:00,"Москва, Ленинский проспект, 78к1",Квас Очаковский,Напитки,99,79,20,1,79
211227-808-1300,2021-12-27,доставлен,19:56:00,20:09:00,"Москва, Ленинский проспект, 78к1",Сок апельсиновый Из Груши прямой отжим,Напитки,359,359,0,1,359
211227-808-1300,2021-12-27,доставлен,19:56:00,20:09:00,"Москва, Ленинский проспект, 78к1","Напиток функциональный Actimuno гранат 1,5%",Напитки,49,49,0,1,49
211227-808-1300,2021-12-27,доставлен,19:56:00,20:09:00,"Москва, Ленинский проспект, 78к1",Доставка,Услуги Груши,79,79,0,1,79
211228-929-7309,2021-12-28,доставлен,11:24:00,11:41:00,"Москва, Ленинский проспект, 78к1",Сок апельсиновый Из Груши прямой отжим,Напитки,359,359,0,1,359
211228-929-7309,2021-12-28,доставлен,11:24:00,11:41:00,"Москва, Ленинский проспект, 78к1",Банан,Фрукты,19,19,0,1,19
211228-929-7309,2021-12-28,доставлен,11:24:00,11:41:00,"Москва, Ленинский проспект, 78к1","Напиток функциональный Actimuno клубника 1,5%",Напитки,39,39,0,1,39
211228-929-7309,2021-12-28,доставлен,11:24:00,11:41:00,"Москва, Ленинский проспект, 78к1",Омлет запечённый с муссом из филе лосося,Готовая еда,199,149,50,1,149
211228-929-7309,2021-12-28,доставлен,11:24:00,11:41:00,"Москва, Ленинский проспект, 78к1",Шоколад тёмный Lindt Excellence апельсин,Сладости,249,249,0,1,249
211228-929-7309,2021-12-28,доставлен,11:24:00,11:41:00,"Москва, Ленинский проспект, 78к1",Мандарины мини,Фрукты,149,149,0,1,149
211228-929-7309,2021-12-28,доставлен,11:24:00,11:41:00,"Москва, Ленинский проспект, 78к1",Апельсины сладкие,Фрукты,339,339,0,1,339
211228-929-7309,2021-12-28,доставлен,11:24:00,11:41:00,"Москва, Ленинский проспект, 78к1",Огурцы Корнишон,Овощи,99,79,20,1,79
211228-929-7309,2021-12-28,доставлен,11:24:00,11:41:00,"Москва, Ленинский проспект, 78к1",Губки для посуды Master Fresh,Товары для дома,89,89,0,1,89
211228-929-7309,2021-12-28,доставлен,11:24:00,11:41:00,"Москва, Ленинский проспект, 78к1",Яйцо куриное СО Из Груши,База,109,109,0,1,109
211228-929-7309,2021-12-28,доставлен,11:24:00,11:41:00,"Москва, Ленинский проспект, 78к1",Торт Медовик Из Груши,Сладости,599,599,0,1,599
211228-929-7309,2021-12-28,доставлен,11:24:00,11:41:00,"Москва, Ленинский проспект, 78к1",Помидоры черри красные Премиум Рост,Овощи,239,239,0,2,478
211228-929-7309,2021-12-28,доставлен,11:24:00,11:41:00,"Москва, Ленинский проспект, 78к1",Мандарины Абхазия,Фрукты,199,199,0,1,199
211228-929-7309,2021-12-28,доставлен,11:24:00,11:41:00,"Москва, Ленинский проспект, 78к1",Доставка,Услуги Груши,119,119,0,1,119
211228-490-8346,2021-12-28,доставлен,22:11:00,22:42:00,"Москва, Ленинский проспект, 78к1",Каша овсяная с ягодами Из Груши,Готовая еда,159,159,0,1,159
211228-490-8346,2021-12-28,доставлен,22:11:00,22:42:00,"Москва, Ленинский проспект, 78к1",Поке с креветкой том ям Soul in the Bowl,Готовая еда,319,319,0,1,319
211228-490-8346,2021-12-28,доставлен,22:11:00,22:42:00,"Москва, Ленинский проспект, 78к1",Вода минеральная негазированная Из Груши природная питьевая,Вода,109,89,20,1,89
211228-490-8346,2021-12-28,доставлен,22:11:00,22:42:00,"Москва, Ленинский проспект, 78к1",Картошка Братья Караваевы,Сладости,139,119,20,1,119
211228-490-8346,2021-12-28,доставлен,22:11:00,22:42:00,"Москва, Ленинский проспект, 78к1",Помидоры черри на ветке,Овощи,299,299,0,2,598
211228-490-8346,2021-12-28,доставлен,22:11:00,22:42:00,"Москва, Ленинский проспект, 78к1",Чипсы Lay's Из печи Нежный сыр с зеленью,Снеки,99,99,0,2,198
211228-490-8346,2021-12-28,доставлен,22:11:00,22:42:00,"Москва, Ленинский проспект, 78к1",Брусника Планета витаминов замороженная,Фрукты,249,249,0,1,249
211228-490-8346,2021-12-28,доставлен,22:11:00,22:42:00,"Москва, Ленинский проспект, 78к1",Спелые бананы,Фрукты,129,129,0,1,129
211228-490-8346,2021-12-28,доставлен,22:11:00,22:42:00,"Москва, Ленинский проспект, 78к1",Сок апельсиновый Из Груши прямой отжим с мякотью пастеризованный,Напитки,349,349,0,1,349
211228-490-8346,2021-12-28,доставлен,22:11:00,22:42:00,"Москва, Ленинский проспект, 78к1",Голубика Артфрут,Фрукты,509,509,0,1,509
211228-490-8346,2021-12-28,доставлен,22:11:00,22:42:00,"Москва, Ленинский проспект, 78к1",Бумага для офисной техники Комус Документ Premium А4 80 г/м2,Товары для дома,479,479,0,1,479
211228-490-8346,2021-12-28,доставлен,22:11:00,22:42:00,"Москва, Ленинский проспект, 78к1",Булка бездрожжевая со злаками,База,149,149,0,1,149
211228-490-8346,2021-12-28,доставлен,22:11:00,22:42:00,"Москва, Ленинский проспект, 78к1",Доставка,Услуги Груши,79,79,0,1,79
211229-228-2538,2021-12-29,доставлен,07:39:00,07:50:00,"Москва, Ленинский проспект, 78к1",Перчики черри Из Груши фаршированные сливочным сыром,Овощи,299,299,0,2,598
211229-228-2538,2021-12-29,доставлен,07:39:00,07:50:00,"Москва, Ленинский проспект, 78к1",Спелые бананы,Фрукты,129,109,20,1,109
211229-228-2538,2021-12-29,доставлен,07:39:00,07:50:00,"Москва, Ленинский проспект, 78к1",Голубика Артфрут,Фрукты,509,509,0,1,509
211229-228-2538,2021-12-29,доставлен,07:39:00,07:50:00,"Москва, Ленинский проспект, 78к1",Шоколад тёмный Lindt Excellence с кусочками апельсина,Сладости,249,249,0,1,249
211229-228-2538,2021-12-29,доставлен,07:39:00,07:50:00,"Москва, Ленинский проспект, 78к1",Сок Сады Придонья яблоко-виноград с 6 месяцев без добавления сахара,Напитки,29,29,0,1,29
211229-228-2538,2021-12-29,доставлен,07:39:00,07:50:00,"Москва, Ленинский проспект, 78к1",Сок грейпфрутовый Из Груши прямого отжима,Напитки,429,429,0,1,429
211229-228-2538,2021-12-29,доставлен,07:39:00,07:50:00,"Москва, Ленинский проспект, 78к1",Черешня,Фрукты,139,139,0,1,139
211229-228-2538,2021-12-29,доставлен,07:39:00,07:50:00,"Москва, Ленинский проспект, 78к1",Шоколад молочный Ritter Sport Extra Nut с цельным лесным орехом,Сладости,159,159,0,1,159
211229-228-2538,2021-12-29,доставлен,07:39:00,07:50:00,"Москва, Ленинский проспект, 78к1",Доставка,Услуги Груши,79,79,0,1,79
211230-961-7493,2021-12-30,доставлен,17:22:00,17:41:00,"Москва, Ленинский проспект, 78к1",Черри Конфетто Россия,Овощи,259,199,60,1,199
211230-961-7493,2021-12-30,доставлен,17:22:00,17:41:00,"Москва, Ленинский проспект, 78к1",Сыр Халлуми Из Груши,База,169,169,0,1,169
211230-961-7493,2021-12-30,доставлен,17:22:00,17:41:00,"Москва, Ленинский проспект, 78к1",Чипсы Lay's Из Печи Сметана и ароматные травы,Снеки,89,89,0,1,89
211230-961-7493,2021-12-30,доставлен,17:22:00,17:41:00,"Москва, Ленинский проспект, 78к1",Банан,Фрукты,19,19,0,1,19
211230-961-7493,2021-12-30,доставлен,17:22:00,17:41:00,"Москва, Ленинский проспект, 78к1",Яблоки Хонейкрисп (Медовый хруст),Фрукты,179,179,0,1,179
211230-961-7493,2021-12-30,доставлен,17:22:00,17:41:00,"Москва, Ленинский проспект, 78к1",Мандарины Абхазия,Фрукты,199,199,0,1,199
211230-961-7493,2021-12-30,доставлен,17:22:00,17:41:00,"Москва, Ленинский проспект, 78к1",Грейпфрут,Фрукты,49,49,0,3,147
211230-961-7493,2021-12-30,доставлен,17:22:00,17:41:00,"Москва, Ленинский проспект, 78к1","Йогурт Epica с гранатом и малиной 4,8%",База,59,59,0,1,59
211230-961-7493,2021-12-30,доставлен,17:22:00,17:41:00,"Москва, Ленинский проспект, 78к1",Грейпфрут дольки нарезанные Из Груши,Фрукты,239,239,0,1,239
211230-961-7493,2021-12-30,доставлен,17:22:00,17:41:00,"Москва, Ленинский проспект, 78к1",Шримп ролл с креветками Йуми,Готовая еда,289,289,0,1,289
211230-961-7493,2021-12-30,доставлен,17:22:00,17:41:00,"Москва, Ленинский проспект, 78к1",Доставка,Услуги Груши,49,49,0,1,49
211231-712-6094,2021-12-31,доставлен,09:37:00,09:57:00,"Москва, Ленинский проспект, 78к1","Масло сливочное 82,5% Вологодское Из Вологды",База,279,279,0,1,279
211231-712-6094,2021-12-31,доставлен,09:37:00,09:57:00,"Москва, Ленинский проспект, 78к1",Яблоки Гренни Смит,Фрукты,149,149,0,1,149
211231-712-6094,2021-12-31,доставлен,09:37:00,09:57:00,"Москва, Ленинский проспект, 78к1",Авокадо Хасс Puro Gusto Ready to eat,Овощи,159,159,0,1,159
211231-712-6094,2021-12-31,доставлен,09:37:00,09:57:00,"Москва, Ленинский проспект, 78к1",Набор лимон и имбирь,База,159,159,0,1,159
211231-712-6094,2021-12-31,доставлен,09:37:00,09:57:00,"Москва, Ленинский проспект, 78к1",Перчики черри Из Груши фаршированные сливочным сыром,Овощи,299,299,0,1,299
211231-712-6094,2021-12-31,доставлен,09:37:00,09:57:00,"Москва, Ленинский проспект, 78к1",Хачапури по-аджарски Из Груши,Готовая еда,289,289,0,1,289
211231-712-6094,2021-12-31,доставлен,09:37:00,09:57:00,"Москва, Ленинский проспект, 78к1",Лук репчатый,Овощи,49,39,10,1,39
211231-712-6094,2021-12-31,доставлен,09:37:00,09:57:00,"Москва, Ленинский проспект, 78к1",Торт Медовик Из Груши,Сладости,599,459,140,1,459
211231-712-6094,2021-12-31,доставлен,09:37:00,09:57:00,"Москва, Ленинский проспект, 78к1",Доставка,Услуги Груши,99,99,0,1,99
220101-208-8020,2022-01-01,доставлен,09:03:00,09:14:00,"Москва, Ленинский проспект, 78к1",Лапша рисовая с креветками и овощами Азбука life,Готовая еда,519,519,0,1,519
220101-208-8020,2022-01-01,доставлен,09:03:00,09:14:00,"Москва, Ленинский проспект, 78к1",Банан,Фрукты,19,19,0,1,19
220101-208-8020,2022-01-01,доставлен,09:03:00,09:14:00,"Москва, Ленинский проспект, 78к1",Помидоры Черри на ветке Сладкая ягода,Овощи,179,179,0,2,358
220101-208-8020,2022-01-01,доставлен,09:03:00,09:14:00,"Москва, Ленинский проспект, 78к1",Сок апельсиновый Из Груши прямой отжим с мякотью пастеризованный,Напитки,639,639,0,1,639
220101-208-8020,2022-01-01,доставлен,09:03:00,09:14:00,"Москва, Ленинский проспект, 78к1",Доставка,Услуги Груши,0,0,0,1,0
220104-775-2385,2022-01-04,доставлен,08:59:00,09:19:00,"Москва, Ленинский проспект, 78к1",Вода Шишкин лес негазированная,Вода,49,49,0,1,49
220104-775-2385,2022-01-04,доставлен,08:59:00,09:19:00,"Москва, Ленинский проспект, 78к1","Масло сливочное 72,5% Из Груши",База,179,179,0,1,179
220104-775-2385,2022-01-04,доставлен,08:59:00,09:19:00,"Москва, Ленинский проспект, 78к1",Омлет Классический со шпинатным соусом Из Груши,Готовая еда,179,179,0,1,179
220104-775-2385,2022-01-04,доставлен,08:59:00,09:19:00,"Москва, Ленинский проспект, 78к1",Авокадо Хасс Puro Gusto крупное,Овощи,259,259,0,1,259
220104-775-2385,2022-01-04,доставлен,08:59:00,09:19:00,"Москва, Ленинский проспект, 78к1",Доставка,Услуги Груши,79,79,0,1,79
220104-432-8332,2022-01-04,доставлен,19:45:00,20:05:00,"Москва, Ленинский проспект, 78к1",Рулет с ромом и изюмом буше,Сладости,119,119,0,1,119
220104-432-8332,2022-01-04,доставлен,19:45:00,20:05:00,"Москва, Ленинский проспект, 78к1",Помидоры розовые Эко-культура круглые,Овощи,199,199,0,1,199
220104-432-8332,2022-01-04,доставлен,19:45:00,20:05:00,"Москва, Ленинский проспект, 78к1",Чипсы Pringles сметана-лук,Снеки,299,299,0,1,299
220104-432-8332,2022-01-04,доставлен,19:45:00,20:05:00,"Москва, Ленинский проспект, 78к1",Груша Конференция,Фрукты,189,189,0,1,189
220104-432-8332,2022-01-04,доставлен,19:45:00,20:05:00,"Москва, Ленинский проспект, 78к1",Чипсы Pringles Paprika с паприкой,Снеки,159,109,50,2,218
220104-432-8332,2022-01-04,доставлен,19:45:00,20:05:00,"Москва, Ленинский проспект, 78к1",Батончик шоколадный Bounty Trio,Сладости,69,69,0,1,69
220104-432-8332,2022-01-04,доставлен,19:45:00,20:05:00,"Москва, Ленинский проспект, 78к1",Доставка,Услуги Груши,0,0,0,1,0
220104-432-8332,2022-01-04,доставлен,19:45:00,20:05:00,"Москва, Ленинский проспект, 78к1",Упаковка,Услуги Груши,12,12,0,1,12
220106-344-4393,2022-01-06,доставлен,19:14:00,19:31:00,"Москва, Ленинский проспект, 78к1",Помидоры розовые Эко-культура круглые,Овощи,199,199,0,1,199
220106-344-4393,2022-01-06,доставлен,19:14:00,19:31:00,"Москва, Ленинский проспект, 78к1",Витамин D3 2000 МЕ Solgar 60 капсул,Аптека,1190,1190,0,1,1190
220106-344-4393,2022-01-06,доставлен,19:14:00,19:31:00,"Москва, Ленинский проспект, 78к1",Помидоры сладкие Бархатный мёд,Овощи,909,909,0,1,909
220106-344-4393,2022-01-06,доставлен,19:14:00,19:31:00,"Москва, Ленинский проспект, 78к1",Борщ с говядиной Азбука Вкуса,Готовая еда,459,459,0,1,459
220106-344-4393,2022-01-06,доставлен,19:14:00,19:31:00,"Москва, Ленинский проспект, 78к1",Доставка,Услуги Груши,0,0,0,1,0
220106-344-4393,2022-01-06,доставлен,19:14:00,19:31:00,"Москва, Ленинский проспект, 78к1",Упаковка,Услуги Груши,12,12,0,1,12
220106-452-0402,2022-01-06,доставлен,19:31:00,19:52:00,"Москва, Ленинский проспект, 78к1","Молоко 2,5% Асеньевская ферма пастеризованное",База,99,99,0,1,99
220106-452-0402,2022-01-06,доставлен,19:31:00,19:52:00,"Москва, Ленинский проспект, 78к1","Масло сладко-сливочное несолёное 82,5% Из Груши традиционное",База,159,159,0,1,159
220106-452-0402,2022-01-06,доставлен,19:31:00,19:52:00,"Москва, Ленинский проспект, 78к1",Шоколад молочный Alpen Gold фундук-изюм,Сладости,99,99,0,2,198
220106-452-0402,2022-01-06,доставлен,19:31:00,19:52:00,"Москва, Ленинский проспект, 78к1",Батончик Snickers лесной орех,Сладости,79,79,0,1,79
220106-452-0402,2022-01-06,доставлен,19:31:00,19:52:00,"Москва, Ленинский проспект, 78к1",Вареники с картофелем и грибами Из Груши,Готовая еда,239,239,0,1,239
220106-452-0402,2022-01-06,доставлен,19:31:00,19:52:00,"Москва, Ленинский проспект, 78к1",Доставка,Услуги Груши,0,0,0,1,0
220106-452-0402,2022-01-06,доставлен,19:31:00,19:52:00,"Москва, Ленинский проспект, 78к1",Упаковка,Услуги Груши,12,12,0,1,12
220107-991-6446,2022-01-07,доставлен,12:16:00,12:30:00,"Москва, Ленинский проспект, 78к1",Яйцо куриное СО Из Груши,База,129,129,0,1,129
220107-991-6446,2022-01-07,доставлен,12:16:00,12:30:00,"Москва, Ленинский проспект, 78к1",Банан,Фрукты,19,19,0,1,19
220107-991-6446,2022-01-07,доставлен,12:16:00,12:30:00,"Москва, Ленинский проспект, 78к1",Яблоки Гала,Фрукты,59,49,10,1,49
220107-991-6446,2022-01-07,доставлен,12:16:00,12:30:00,"Москва, Ленинский проспект, 78к1",Огурцы колючие ТСХ,Овощи,199,199,0,1,199
220107-991-6446,2022-01-07,доставлен,12:16:00,12:30:00,"Москва, Ленинский проспект, 78к1",Конфеты с суфле Птица дивная Акконд в шоколадной глазури,Сладости,279,279,0,1,279
220107-991-6446,2022-01-07,доставлен,12:16:00,12:30:00,"Москва, Ленинский проспект, 78к1",Доставка,Услуги Груши,149,149,0,1,149
220108-762-0700,2022-01-08,доставлен,19:24:00,19:42:00,"Москва, Ленинский проспект, 78к1",Спелые бананы,Фрукты,229,159,70,1,159
220108-762-0700,2022-01-08,доставлен,19:24:00,19:42:00,"Москва, Ленинский проспект, 78к1",Блинчики с сёмгой и творожным сыром Азбука вкуса,Готовая еда,319,279,40,1,279
220108-762-0700,2022-01-08,доставлен,19:24:00,19:42:00,"Москва, Ленинский проспект, 78к1",Пирог с сыром и шпинатом Рамонти Пайз,Готовая еда,179,179,0,1,179
220108-762-0700,2022-01-08,доставлен,19:24:00,19:42:00,"Москва, Ленинский проспект, 78к1",Доставка,Услуги Груши,99,99,0,1,99
220110-256-7073,2022-01-10,доставлен,11:44:00,11:56:00,"Москва, Ленинский проспект, 78к1","Кефир 3,2% Асеньевская ферма",База,119,119,0,1,119
220110-256-7073,2022-01-10,доставлен,11:44:00,11:56:00,"Москва, Ленинский проспект, 78к1",Горошек зелёный Bonduelle замороженный,Овощи,119,119,0,1,119
220110-256-7073,2022-01-10,доставлен,11:44:00,11:56:00,"Москва, Ленинский проспект, 78к1",Апельсины сладкие,Фрукты,299,299,0,3,897
220110-256-7073,2022-01-10,доставлен,11:44:00,11:56:00,"Москва, Ленинский проспект, 78к1",Сухари Семейка Озби в сахаре с изюмом,Снеки,149,149,0,1,149
220110-256-7073,2022-01-10,доставлен,11:44:00,11:56:00,"Москва, Ленинский проспект, 78к1",Доставка,Услуги Груши,79,79,0,1,79
220111-836-7127,2022-01-11,доставлен,20:08:00,20:28:00,"Москва, Ленинский проспект, 78к1","Масло сливочное 82,5% Вологодское Из Вологды",База,279,279,0,1,279
220111-836-7127,2022-01-11,доставлен,20:08:00,20:28:00,"Москва, Ленинский проспект, 78к1",Помидоры черри Ароматто Эко-культура сливовидные красные на ветке,Овощи,219,219,0,2,438
220111-836-7127,2022-01-11,доставлен,20:08:00,20:28:00,"Москва, Ленинский проспект, 78к1",Хурма Королёк,Фрукты,339,339,0,1,339
220111-836-7127,2022-01-11,доставлен,20:08:00,20:28:00,"Москва, Ленинский проспект, 78к1",Огурцы короткоплодные,Овощи,89,89,0,1,89
220111-836-7127,2022-01-11,доставлен,20:08:00,20:28:00,"Москва, Ленинский проспект, 78к1",Икра деликатесная Санта Бремор с копчёным лососем,Готовая еда,169,139,30,2,278
220111-836-7127,2022-01-11,доставлен,20:08:00,20:28:00,"Москва, Ленинский проспект, 78к1",Доставка,Услуги Груши,49,49,0,1,49
220111-836-7127,2022-01-11,доставлен,20:08:00,20:28:00,"Москва, Ленинский проспект, 78к1",Упаковка,Услуги Груши,12,12,0,1,12
220113-818-5582,2022-01-13,доставлен,08:49:00,09:01:00,"Москва, Ленинский проспект, 78к1",Огурцы Корнишон,Овощи,99,99,0,1,99
220113-818-5582,2022-01-13,доставлен,08:49:00,09:01:00,"Москва, Ленинский проспект, 78к1",Сэндвич на зерновом хлебе с куриным филе и сливочным карри,Готовая еда,249,249,0,1,249
220113-818-5582,2022-01-13,доставлен,08:49:00,09:01:00,"Москва, Ленинский проспект, 78к1",Чипсы Lay's Из Печи Сметана и ароматные травы,Снеки,99,99,0,1,99
220113-818-5582,2022-01-13,доставлен,08:49:00,09:01:00,"Москва, Ленинский проспект, 78к1",Доставка,Услуги Груши,0,0,0,1,0
220114-211-7382,2022-01-14,доставлен,10:25:00,10:56:00,"Москва, Ленинский проспект, 78к1",Вода Шишкин лес негазированная,Вода,49,49,0,1,49
220114-211-7382,2022-01-14,доставлен,10:25:00,10:56:00,"Москва, Ленинский проспект, 78к1","Масло сливочное 72,5% Из Груши",База,179,179,0,1,179
220114-211-7382,2022-01-14,доставлен,10:25:00,10:56:00,"Москва, Ленинский проспект, 78к1",Котлеты куриные с картофельным пюре Азбука Вкуса,Готовая еда,319,319,0,1,319
220114-211-7382,2022-01-14,доставлен,10:25:00,10:56:00,"Москва, Ленинский проспект, 78к1",Виноград кишмиш белый,Фрукты,249,249,0,1,249
220114-211-7382,2022-01-14,доставлен,10:25:00,10:56:00,"Москва, Ленинский проспект, 78к1",Батончик Snickers лесной орех,Сладости,79,79,0,3,237
220114-211-7382,2022-01-14,доставлен,10:25:00,10:56:00,"Москва, Ленинский проспект, 78к1",Банан,Фрукты,19,19,0,1,19
220114-211-7382,2022-01-14,доставлен,10:25:00,10:56:00,"Москва, Ленинский проспект, 78к1",Доставка,Услуги Груши,49,49,0,1,49
220116-229-8565,2022-01-16,доставлен,10:12:00,10:47:00,"Москва, Ленинский проспект, 78к1","Молоко 2,5% Асеньевская ферма пастеризованное",База,99,99,0,2,198
220116-229-8565,2022-01-16,доставлен,10:12:00,10:47:00,"Москва, Ленинский проспект, 78к1",Мандарины Абхазия,Фрукты,299,299,0,1,299
220116-229-8565,2022-01-16,доставлен,10:12:00,10:47:00,"Москва, Ленинский проспект, 78к1","Масло сладко-сливочное несолёное 82,5% Из Груши традиционное",База,159,119,40,1,119
220116-229-8565,2022-01-16,доставлен,10:12:00,10:47:00,"Москва, Ленинский проспект, 78к1",Кофе холодный латте Из Груши,Напитки,159,129,30,2,258
220116-229-8565,2022-01-16,доставлен,10:12:00,10:47:00,"Москва, Ленинский проспект, 78к1",Шоколад тёмный Lindt Excellence с кусочками апельсина,Сладости,249,249,0,3,747
220116-229-8565,2022-01-16,доставлен,10:12:00,10:47:00,"Москва, Ленинский проспект, 78к1",Доставка,Услуги Груши,79,79,0,1,79
220117-973-5721,2022-01-17,доставлен,21:03:00,21:13:00,"Москва, Ленинский проспект, 78к1",Сэндвич с ростбифом The Truffle,Готовая еда,309,309,0,1,309
220117-973-5721,2022-01-17,доставлен,21:03:00,21:13:00,"Москва, Ленинский проспект, 78к1",Голубика,Фрукты,199,199,0,1,199
220117-973-5721,2022-01-17,доставлен,21:03:00,21:13:00,"Москва, Ленинский проспект, 78к1","Масло сливочное 82,5% Из Груши традиционное",База,199,199,0,1,199
220117-973-5721,2022-01-17,доставлен,21:03:00,21:13:00,"Москва, Ленинский проспект, 78к1",Рис Басмати отварной Азбука Вкуса,Готовая еда,119,119,0,1,119
220117-973-5721,2022-01-17,доставлен,21:03:00,21:13:00,"Москва, Ленинский проспект, 78к1",Яблоки Гренни Смит,Фрукты,129,129,0,1,129
220117-973-5721,2022-01-17,доставлен,21:03:00,21:13:00,"Москва, Ленинский проспект, 78к1",Сок апельсиновый Из Груши прямой отжим,Напитки,359,299,60,1,299
220117-973-5721,2022-01-17,доставлен,21:03:00,21:13:00,"Москва, Ленинский проспект, 78к1",Доставка,Услуги Груши,119,119,0,1,119
220118-816-9266,2022-01-18,доставлен,20:07:00,20:24:00,"Москва, Ленинский проспект, 78к1",Яблоки Гренни Смит,Фрукты,129,129,0,3,387
220118-816-9266,2022-01-18,доставлен,20:07:00,20:24:00,"Москва, Ленинский проспект, 78к1",Круассан с миндалём Из Груши,Сладости,159,129,30,1,129
220118-816-9266,2022-01-18,доставлен,20:07:00,20:24:00,"Москва, Ленинский проспект, 78к1",Сыр Халлуми Из Груши,База,179,179,0,1,179
220118-816-9266,2022-01-18,доставлен,20:07:00,20:24:00,"Москва, Ленинский проспект, 78к1",Яблоки Гала,Фрукты,59,59,0,1,59
220118-816-9266,2022-01-18,доставлен,20:07:00,20:24:00,"Москва, Ленинский проспект, 78к1",Клубника,Фрукты,279,279,0,3,837
220118-816-9266,2022-01-18,доставлен,20:07:00,20:24:00,"Москва, Ленинский проспект, 78к1",Доставка,Услуги Груши,149,149,0,1,149
220118-816-9266,2022-01-18,доставлен,20:07:00,20:24:00,"Москва, Ленинский проспект, 78к1",Упаковка,Услуги Груши,12,12,0,1,12
220119-709-0978,2022-01-19,доставлен,09:22:00,09:31:00,"Москва, Ленинский проспект, 78к1",Вареники с картофелем и грибами Из Груши,Готовая еда,239,199,40,1,199
220119-709-0978,2022-01-19,доставлен,09:22:00,09:31:00,"Москва, Ленинский проспект, 78к1",Батончик шоколадный Bounty,Сладости,39,39,0,1,39
220119-709-0978,2022-01-19,доставлен,09:22:00,09:31:00,"Москва, Ленинский проспект, 78к1",Доставка,Услуги Груши,0,0,0,1,0
220120-748-0077,2022-01-20,доставлен,09:02:00,09:15:00,"Москва, Ленинский проспект, 78к1",Яйцо куриное СО Из Груши,База,129,129,0,1,129
220120-748-0077,2022-01-20,доставлен,09:02:00,09:15:00,"Москва, Ленинский проспект, 78к1",Капуста Кейл,Овощи,99,69,30,1,69
220120-748-0077,2022-01-20,доставлен,09:02:00,09:15:00,"Москва, Ленинский проспект, 78к1",Авокадо Хасс,Овощи,169,169,0,1,169
220120-748-0077,2022-01-20,доставлен,09:02:00,09:15:00,"Москва, Ленинский проспект, 78к1",Молоко топлёное 4% Асеньевская ферма пастеризованное,База,119,119,0,1,119
220120-748-0077,2022-01-20,доставлен,09:02:00,09:15:00,"Москва, Ленинский проспект, 78к1",Lay's Из печи томаты и базилик,Снеки,109,109,0,1,109
220120-748-0077,2022-01-20,доставлен,09:02:00,09:15:00,"Москва, Ленинский проспект, 78к1",Губки для посуды Master Fresh,Товары для дома,79,79,0,1,79
220120-748-0077,2022-01-20,доставлен,09:02:00,09:15:00,"Москва, Ленинский проспект, 78к1",Доставка,Услуги Груши,119,119,0,1,119
220120-748-0077,2022-01-20,доставлен,09:02:00,09:15:00,"Москва, Ленинский проспект, 78к1",Упаковка,Услуги Груши,12,12,0,1,12
220121-325-0137,2022-01-21,доставлен,18:30:00,18:58:00,"Москва, Ленинский проспект, 78к1",Уха с сёмгой Азбука вкуса,Готовая еда,379,379,0,1,379
220121-325-0137,2022-01-21,доставлен,18:30:00,18:58:00,"Москва, Ленинский проспект, 78к1",Капуста Кейл,Овощи,99,99,0,1,99
220121-325-0137,2022-01-21,доставлен,18:30:00,18:58:00,"Москва, Ленинский проспект, 78к1",Хачапури по-аджарски Из Груши,Готовая еда,289,289,0,1,289
220121-325-0137,2022-01-21,доставлен,18:30:00,18:58:00,"Москва, Ленинский проспект, 78к1",Лимонад Из Груши с соком груши и яблока,Напитки,139,139,0,1,139
220121-325-0137,2022-01-21,доставлен,18:30:00,18:58:00,"Москва, Ленинский проспект, 78к1",Доставка,Услуги Груши,0,0,0,1,0
220122-937-0927,2022-01-22,доставлен,11:21:00,11:41:00,"Москва, Ленинский проспект, 78к1","Масло сливочное 82,5% Вологодское Из Вологды",База,279,279,0,1,279
220122-937-0927,2022-01-22,доставлен,11:21:00,11:41:00,"Москва, Ленинский проспект, 78к1",Пластырь бактерицидный Cosmos 20 шт,Аптека,199,199,0,1,199
220122-937-0927,2022-01-22,доставлен,11:21:00,11:41:00,"Москва, Ленинский проспект, 78к1",Шоколад белый пористый Воздушный,Сладости,139,139,0,1,139
220122-937-0927,2022-01-22,доставлен,11:21:00,11:41:00,"Москва, Ленинский проспект, 78к1",Голубика Артфрут,Фрукты,509,509,0,1,509
220122-937-0927,2022-01-22,доставлен,11:21:00,11:41:00,"Москва, Ленинский проспект, 78к1",Манго спелое,Фрукты,249,249,0,1,249
220122-937-0927,2022-01-22,доставлен,11:21:00,11:41:00,"Москва, Ленинский проспект, 78к1",Сыр Моцарелла Mini Galbani 45%,База,239,199,40,2,398
220122-937-0927,2022-01-22,доставлен,11:21:00,11:41:00,"Москва, Ленинский проспект, 78к1",Доставка,Услуги Груши,0,0,0,1,0
220122-937-0927,2022-01-22,доставлен,11:21:00,11:41:00,"Москва, Ленинский проспект, 78к1",Упаковка,Услуги Груши,12,12,0,1,12
220123-875-3519,2022-01-23,доставлен,09:13:00,09:44:00,"Москва, Ленинский проспект, 78к1",Шоколад тёмный Lindt Excellence с кусочками апельсина,Сладости,249,249,0,1,249
220123-875-3519,2022-01-23,доставлен,09:13:00,09:44:00,"Москва, Ленинский проспект, 78к1",Горошек зелёный Bonduelle замороженный,Овощи,119,119,0,1,119
220123-875-3519,2022-01-23,доставлен,09:13:00,09:44:00,"Москва, Ленинский проспект, 78к1",Квас Очаковский,Напитки,99,99,0,1,99
220123-875-3519,2022-01-23,доставлен,09:13:00,09:44:00,"Москва, Ленинский проспект, 78к1",Лепешки Мексиканские Оригинальные Delicados Tortillas,База,149,119,30,1,119
220123-875-3519,2022-01-23,доставлен,09:13:00,09:44:00,"Москва, Ленинский проспект, 78к1",Доставка,Услуги Груши,49,49,0,1,49
220123-875-3519,2022-01-23,доставлен,09:13:00,09:44:00,"Москва, Ленинский проспект, 78к1",Упаковка,Услуги Груши,12,12,0,1,12
220126-948-8567,2022-01-26,доставлен,10:58:00,11:04:00,"Москва, Ленинский проспект, 78к1","Кефир 3,2% Асеньевская ферма",База,119,119,0,1,119
220126-948-8567,2022-01-26,доставлен,10:58:00,11:04:00,"Москва, Ленинский проспект, 78к1",Вода Шишкин лес негазированная,Вода,49,49,0,4,196
220126-948-8567,2022-01-26,доставлен,10:58:00,11:04:00,"Москва, Ленинский проспект, 78к1","Молоко 2,5% Асеньевская ферма пастеризованное",База,99,69,30,2,138
220126-948-8567,2022-01-26,доставлен,10:58:00,11:04:00,"Москва, Ленинский проспект, 78к1","Масло сливочное 72,5% Из Груши",База,179,179,0,1,179
220126-948-8567,2022-01-26,доставлен,10:58:00,11:04:00,"Москва, Ленинский проспект, 78к1",Доставка,Услуги Груши,0,0,0,1,0
220127-122-3466,2022-01-27,доставлен,10:03:00,10:19:00,"Москва, Ленинский проспект, 78к1",Сэндвич на зерновом хлебе с куриным филе и сливочным карри,Готовая еда,249,219,30,1,219
220127-122-3466,2022-01-27,доставлен,10:03:00,10:19:00,"Москва, Ленинский проспект, 78к1",Сэндвич на круассане с лососем и муссом из шпината Из Груши,Готовая еда,319,319,0,1,319
220127-122-3466,2022-01-27,доставлен,10:03:00,10:19:00,"Москва, Ленинский проспект, 78к1",Черри Конфетто Россия,Овощи,239,239,0,1,239
220127-122-3466,2022-01-27,доставлен,10:03:00,10:19:00,"Москва, Ленинский проспект, 78к1",Апельсины сладкие,Фрукты,299,299,0,1,299
220127-122-3466,2022-01-27,доставлен,10:03:00,10:19:00,"Москва, Ленинский проспект, 78к1",Доставка,Услуги Груши,79,79,0,1,79
220127-768-7043,2022-01-27,доставлен,17:35:00,17:59:00,"Москва, Ленинский проспект, 78к1",Грейпфрут,Фрукты,49,49,0,1,49
220127-768-7043,2022-01-27,доставлен,17:35:00,17:59:00,"Москва, Ленинский проспект, 78к1",Капуста Кейл,Овощи,99,99,0,1,99
220127-768-7043,2022-01-27,доставлен,17:35:00,17:59:00,"Москва, Ленинский проспект, 78к1",Яблоки Хонейкрисп (Медовый хруст),Фрукты,819,819,0,1,819
220127-768-7043,2022-01-27,доставлен,17:35:00,17:59:00,"Москва, Ленинский проспект, 78к1",Рулетик с корицей и изюмом Братья Караваевы,Сладости,339,289,50,1,289
220127-768-7043,2022-01-27,доставлен,17:35:00,17:59:00,"Москва, Ленинский проспект, 78к1",Доставка,Услуги Груши,149,149,0,1,149
220129-314-6442,2022-01-29,доставлен,19:54:00,20:16:00,"Москва, Ленинский проспект, 78к1",Гранола-мюсли Extra с молочным шоколадом,База,439,439,0,1,439
220129-314-6442,2022-01-29,доставлен,19:54:00,20:16:00,"Москва, Ленинский проспект, 78к1",Хлеб Деревенский Из Груши,База,169,169,0,1,169
220129-314-6442,2022-01-29,доставлен,19:54:00,20:16:00,"Москва, Ленинский проспект, 78к1","Помидоры розовые Бычье сердце, Азербайджан",Овощи,309,309,0,1,309
220129-314-6442,2022-01-29,доставлен,19:54:00,20:16:00,"Москва, Ленинский проспект, 78к1",Доставка,Услуги Груши,79,79,0,1,79
220129-314-6442,2022-01-29,доставлен,19:54:00,20:16:00,"Москва, Ленинский проспект, 78к1",Упаковка,Услуги Груши,12,12,0,1,12
220129-723-4177,2022-01-29,доставлен,20:05:00,21:50:00,"Москва, Ленинский проспект, 78к1",Шпинат,Овощи,259,259,0,1,259
220129-723-4177,2022-01-29,доставлен,20:05:00,21:50:00,"Москва, Ленинский проспект, 78к1",Спелые бананы,Фрукты,229,229,0,1,229
220129-723-4177,2022-01-29,доставлен,20:05:00,21:50:00,"Москва, Ленинский проспект, 78к1",Салат Айсберг,Овощи,119,119,0,1,119
220129-723-4177,2022-01-29,доставлен,20:05:00,21:50:00,"Москва, Ленинский проспект, 78к1",Черешня Бычье сердце,Фрукты,419,419,0,1,419
220129-723-4177,2022-01-29,доставлен,20:05:00,21:50:00,"Москва, Ленинский проспект, 78к1",Помидоры черри красные Премиум Рост,Овощи,239,239,0,1,239
220129-723-4177,2022-01-29,доставлен,20:05:00,21:50:00,"Москва, Ленинский проспект, 78к1",Доставка,Услуги Груши,99,99,0,1,99
220131-353-9387,2022-01-31,доставлен,10:20:00,10:27:00,"Москва, Ленинский проспект, 78к1",Зефир ванильный Шармэль,Сладости,189,189,0,1,189
220131-353-9387,2022-01-31,доставлен,10:20:00,10:27:00,"Москва, Ленинский проспект, 78к1",Сэндвич с мортаделлой и трюфельным соусом Из Груши,Готовая еда,219,219,0,1,219
220131-353-9387,2022-01-31,доставлен,10:20:00,10:27:00,"Москва, Ленинский проспект, 78к1",Хлебцы гречневые Dr. Korner,Снеки,89,89,0,1,89
220131-353-9387,2022-01-31,доставлен,10:20:00,10:27:00,"Москва, Ленинский проспект, 78к1",Витамин D3 2000 МЕ Solgar 60 капсул,Аптека,1190,1190,0,1,1190
220131-353-9387,2022-01-31,доставлен,10:20:00,10:27:00,"Москва, Ленинский проспект, 78к1",Батончик арахисовый Kick в карамельном шоколаде,Сладости,279,279,0,1,279
220131-353-9387,2022-01-31,доставлен,10:20:00,10:27:00,"Москва, Ленинский проспект, 78к1",Абрикосы,Фрукты,179,179,0,2,358
220131-353-9387,2022-01-31,доставлен,10:20:00,10:27:00,"Москва, Ленинский проспект, 78к1",Блинчики с ветчиной и сыром Азбука Вкуса,Готовая еда,279,279,0,2,558
220131-353-9387,2022-01-31,доставлен,10:20:00,10:27:00,"Москва, Ленинский проспект, 78к1",Доставка,Услуги Груши,99,99,0,1,99
220131-080-7835,2022-01-31,доставлен,10:40:00,10:50:00,"Москва, Ленинский проспект, 78к1",Морковь мытая,Овощи,69,69,0,2,138
220131-080-7835,2022-01-31,доставлен,10:40:00,10:50:00,"Москва, Ленинский проспект, 78к1",Микстура от кашля для взрослых порошок 1.7 г 1 шт,Аптека,19,19,0,1,19
220131-080-7835,2022-01-31,доставлен,10:40:00,10:50:00,"Москва, Ленинский проспект, 78к1",Перец микс,Овощи,359,269,90,1,269
220131-080-7835,2022-01-31,доставлен,10:40:00,10:50:00,"Москва, Ленинский проспект, 78к1",Яйцо куриное СО Из Груши,База,129,119,10,2,238
220131-080-7835,2022-01-31,доставлен,10:40:00,10:50:00,"Москва, Ленинский проспект, 78к1",Батончик Бабаевский с помадно-сливочной начинкой,Сладости,39,39,0,1,39
220131-080-7835,2022-01-31,доставлен,10:40:00,10:50:00,"Москва, Ленинский проспект, 78к1",Доставка,Услуги Груши,0,0,0,1,0
220201-668-8514,2022-02-01,доставлен,10:44:00,10:53:00,"Москва, Ленинский проспект, 78к1",Сыр Моцарелла Galbani 45%,База,189,189,0,2,378
220201-668-8514,2022-02-01,доставлен,10:44:00,10:53:00,"Москва, Ленинский проспект, 78к1",Авокадо Хасс Артфрут спелое,Овощи,269,269,0,1,269
220201-668-8514,2022-02-01,доставлен,10:44:00,10:53:00,"Москва, Ленинский проспект, 78к1",Чипсы Lay's Из печи Нежный сыр с зеленью,Снеки,109,109,0,1,109
220201-668-8514,2022-02-01,доставлен,10:44:00,10:53:00,"Москва, Ленинский проспект, 78к1","Напиток функциональный Actimuno гранат 1,5%",Напитки,49,49,0,1,49
220201-668-8514,2022-02-01,доставлен,10:44:00,10:53:00,"Москва, Ленинский проспект, 78к1",Огурцы короткоплодные,Овощи,89,89,0,1,89
220201-668-8514,2022-02-01,доставлен,10:44:00,10:53:00,"Москва, Ленинский проспект, 78к1",Напиток соевый Alpro банановый,Напитки,319,319,0,1,319
220201-668-8514,2022-02-01,доставлен,10:44:00,10:53:00,"Москва, Ленинский проспект, 78к1",Вода минеральная Petroglyph негазированная,Вода,129,129,0,1,129
220201-668-8514,2022-02-01,доставлен,10:44:00,10:53:00,"Москва, Ленинский проспект, 78к1",Петрушка,Овощи,89,89,0,2,178
220201-668-8514,2022-02-01,доставлен,10:44:00,10:53:00,"Москва, Ленинский проспект, 78к1",Доставка,Услуги Груши,149,149,0,1,149
220201-668-8514,2022-02-01,доставлен,10:44:00,10:53:00,"Москва, Ленинский проспект, 78к1",Упаковка,Услуги Груши,12,12,0,1,12
220201-767-9755,2022-02-01,доставлен,19:57:00,20:14:00,"Москва, Ленинский проспект, 78к1",Шоколад тёмный Lindt Excellence 70%,Сладости,449,449,0,3,1347
220201-767-9755,2022-02-01,доставлен,19:57:00,20:14:00,"Москва, Ленинский проспект, 78к1",Салат Крабовый Азбука вкуса,Готовая еда,159,159,0,1,159
220201-767-9755,2022-02-01,доставлен,19:57:00,20:14:00,"Москва, Ленинский проспект, 78к1",Сметана 15% Из Груши,База,109,109,0,1,109
220201-767-9755,2022-02-01,доставлен,19:57:00,20:14:00,"Москва, Ленинский проспект, 78к1",Батон Городской буше,База,119,119,0,1,119
220201-767-9755,2022-02-01,доставлен,19:57:00,20:14:00,"Москва, Ленинский проспект, 78к1",Перчики черри Из Груши фаршированные сливочным сыром,Овощи,299,299,0,1,299
220201-767-9755,2022-02-01,доставлен,19:57:00,20:14:00,"Москва, Ленинский проспект, 78к1",Пельмени с фермерской индейкой Из Груши,Готовая еда,399,399,0,1,399
220201-767-9755,2022-02-01,доставлен,19:57:00,20:14:00,"Москва, Ленинский проспект, 78к1",Сосиска в тесте Cook Chart Bakery,Готовая еда,99,99,0,1,99
220201-767-9755,2022-02-01,доставлен,19:57:00,20:14:00,"Москва, Ленинский проспект, 78к1",Доставка,Услуги Груши,79,79,0,1,79
220202-754-1217,2022-02-02,доставлен,17:31:00,18:00:00,"Москва, Ленинский проспект, 78к1",Яйцо куриное СО Из Груши,База,129,129,0,1,129
220202-754-1217,2022-02-02,доставлен,17:31:00,18:00:00,"Москва, Ленинский проспект, 78к1","Масло сливочное 82,5% Вологодское Из Вологды",База,279,279,0,1,279
220202-754-1217,2022-02-02,доставлен,17:31:00,18:00:00,"Москва, Ленинский проспект, 78к1",Доставка,Услуги Груши,99,99,0,1,99
220206-257-9878,2022-02-06,доставлен,20:13:00,20:40:00,"Москва, Ленинский проспект, 78к1",Вода Шишкин лес негазированная,Вода,49,49,0,1,49
220206-257-9878,2022-02-06,доставлен,20:13:00,20:40:00,"Москва, Ленинский проспект, 78к1","Молоко 2,5% Асеньевская ферма пастеризованное",База,99,99,0,1,99
220206-257-9878,2022-02-06,доставлен,20:13:00,20:40:00,"Москва, Ленинский проспект, 78к1",Доставка,Услуги Груши,79,79,0,1,79
220206-257-9878,2022-02-06,доставлен,20:13:00,20:40:00,"Москва, Ленинский проспект, 78к1",Упаковка,Услуги Груши,12,12,0,1,12
220207-532-4606,2022-02-07,доставлен,07:08:00,07:25:00,"Москва, Ленинский проспект, 78к1","Масло сливочное 72,5% Из Груши",База,179,179,0,1,179
220207-532-4606,2022-02-07,доставлен,07:08:00,07:25:00,"Москва, Ленинский проспект, 78к1",Клюква Планета витаминов замороженная,Фрукты,249,249,0,1,249
220207-532-4606,2022-02-07,доставлен,07:08:00,07:25:00,"Москва, Ленинский проспект, 78к1","Напиток овсяный Nemoloko 3,2% классический",Напитки,149,149,0,1,149
220207-532-4606,2022-02-07,доставлен,07:08:00,07:25:00,"Москва, Ленинский проспект, 78к1",Хурма Королёк,Фрукты,339,339,0,2,678
220207-532-4606,2022-02-07,доставлен,07:08:00,07:25:00,"Москва, Ленинский проспект, 78к1",Доставка,Услуги Груши,79,79,0,1,79
220207-332-9713,2022-02-07,доставлен,10:06:00,10:33:00,"Москва, Ленинский проспект, 78к1",Чипсы Pringles паприка,Снеки,299,299,0,1,299
220207-332-9713,2022-02-07,доставлен,10:06:00,10:33:00,"Москва, Ленинский проспект, 78к1",Доставка,Услуги Груши,99,99,0,1,99
220224-900-1739,2022-02-24,доставлен,10:01:00,10:14:00,"Москва, Ленинский проспект, 78к1","Кефир 3,2% Асеньевская ферма",База,119,119,0,1,119
220224-900-1739,2022-02-24,доставлен,10:01:00,10:14:00,"Москва, Ленинский проспект, 78к1",Вода Шишкин лес негазированная,Вода,49,49,0,3,147
220224-900-1739,2022-02-24,доставлен,10:01:00,10:14:00,"Москва, Ленинский проспект, 78к1",Яйцо куриное СО Из Груши,База,129,129,0,1,129
220224-900-1739,2022-02-24,доставлен,10:01:00,10:14:00,"Москва, Ленинский проспект, 78к1","Молоко 2,5% Асеньевская ферма пастеризованное",База,99,99,0,1,99
220224-900-1739,2022-02-24,доставлен,10:01:00,10:14:00,"Москва, Ленинский проспект, 78к1",Доставка,Услуги Груши,0,0,0,1,0
220224-900-1739,2022-02-24,доставлен,10:01:00,10:14:00,"Москва, Ленинский проспект, 78к1",Упаковка,Услуги Груши,12,12,0,1,12
220224-850-6192,2022-02-24,доставлен,10:46:00,11:03:00,"Москва, Ленинский проспект, 78к1","Масло сливочное 82,5% Вологодское Из Вологды",База,279,279,0,1,279
220224-850-6192,2022-02-24,доставлен,10:46:00,11:03:00,"Москва, Ленинский проспект, 78к1","Масло сливочное 72,5% Из Груши",База,179,179,0,1,179
220224-850-6192,2022-02-24,доставлен,10:46:00,11:03:00,"Москва, Ленинский проспект, 78к1",Груша Конференция,Фрукты,189,189,0,1,189
220224-850-6192,2022-02-24,доставлен,10:46:00,11:03:00,"Москва, Ленинский проспект, 78к1",Рис Басмати отварной Азбука Вкуса,Готовая еда,119,119,0,1,119
220224-850-6192,2022-02-24,доставлен,10:46:00,11:03:00,"Москва, Ленинский проспект, 78к1",Пастила яблочная Белёвская,Сладости,309,309,0,1,309
220224-850-6192,2022-02-24,доставлен,10:46:00,11:03:00,"Москва, Ленинский проспект, 78к1",Манго Артфрут,Фрукты,169,169,0,1,169
220224-850-6192,2022-02-24,доставлен,10:46:00,11:03:00,"Москва, Ленинский проспект, 78к1",Голубика Артфрут,Фрукты,509,509,0,1,509
220224-850-6192,2022-02-24,доставлен,10:46:00,11:03:00,"Москва, Ленинский проспект, 78к1",Батончик Snickers лесной орех,Сладости,79,79,0,1,79
220224-850-6192,2022-02-24,доставлен,10:46:00,11:03:00,"Москва, Ленинский проспект, 78к1",Вода минеральная Petroglyph негазированная,Вода,129,129,0,1,129
220224-850-6192,2022-02-24,доставлен,10:46:00,11:03:00,"Москва, Ленинский проспект, 78к1","Гранат, Азербайджан",Фрукты,149,149,0,1,149
220224-850-6192,2022-02-24,доставлен,10:46:00,11:03:00,"Москва, Ленинский проспект, 78к1",Лук-порей,Овощи,319,319,0,2,638
220224-850-6192,2022-02-24,доставлен,10:46:00,11:03:00,"Москва, Ленинский проспект, 78к1",Апельсины,Фрукты,129,129,0,1,129
220224-850-6192,2022-02-24,доставлен,10:46:00,11:03:00,"Москва, Ленинский проспект, 78к1",Доставка,Услуги Груши,0,0,0,1,0
220224-886-4379,2022-02-24,доставлен,20:07:00,20:27:00,"Москва, Ленинский проспект, 78к1",Апельсины сладкие,Фрукты,299,299,0,1,299
220224-886-4379,2022-02-24,доставлен,20:07:00,20:27:00,"Москва, Ленинский проспект, 78к1",Плёнка пищевая Master Fresh 20 м х 30 см,Товары для дома,59,59,0,1,59
220224-886-4379,2022-02-24,доставлен,20:07:00,20:27:00,"Москва, Ленинский проспект, 78к1",Яблоки Голден,Фрукты,179,179,0,1,179
220224-886-4379,2022-02-24,доставлен,20:07:00,20:27:00,"Москва, Ленинский проспект, 78к1","Яблоки Богатырь Агроном-сад отборные, 4 шт.",Фрукты,149,129,20,1,129
220224-886-4379,2022-02-24,доставлен,20:07:00,20:27:00,"Москва, Ленинский проспект, 78к1",Напиток овсяный Nemoloko шоколадный,Напитки,49,49,0,1,49
220224-886-4379,2022-02-24,доставлен,20:07:00,20:27:00,"Москва, Ленинский проспект, 78к1",Лимонад Из Груши с соком груши и яблока,Напитки,139,139,0,1,139
220224-886-4379,2022-02-24,доставлен,20:07:00,20:27:00,"Москва, Ленинский проспект, 78к1",Доставка,Услуги Груши,0,0,0,1,0
220225-264-0135,2022-02-25,доставлен,07:34:00,08:13:00,"Москва, Ленинский проспект, 78к1",Рис Басмати отварной Азбука Вкуса,Готовая еда,119,109,10,1,109
220225-264-0135,2022-02-25,доставлен,07:34:00,08:13:00,"Москва, Ленинский проспект, 78к1",Батарейки Kodak Max Super Alkaline AA,Товары для дома,389,339,50,1,339
220225-264-0135,2022-02-25,доставлен,07:34:00,08:13:00,"Москва, Ленинский проспект, 78к1",Батончик молочный KitKat с хрустящей вафлей,Сладости,69,69,0,1,69
220225-264-0135,2022-02-25,доставлен,07:34:00,08:13:00,"Москва, Ленинский проспект, 78к1",Салфетки для уборки Master Fresh,Товары для дома,119,119,0,1,119
220225-264-0135,2022-02-25,доставлен,07:34:00,08:13:00,"Москва, Ленинский проспект, 78к1",Вода минеральная San Benedetto негазированная,Вода,239,239,0,1,239
220225-264-0135,2022-02-25,доставлен,07:34:00,08:13:00,"Москва, Ленинский проспект, 78к1",Яйцо куриное СО Из Груши,База,129,129,0,1,129
220225-264-0135,2022-02-25,доставлен,07:34:00,08:13:00,"Москва, Ленинский проспект, 78к1",Доставка,Услуги Груши,99,99,0,1,99
220301-159-0207,2022-03-01,доставлен,18:22:00,18:33:00,"Москва, Ленинский проспект, 78к1",Салат Крабовый Азбука вкуса,Готовая еда,159,159,0,1,159
220301-159-0207,2022-03-01,доставлен,18:22:00,18:33:00,"Москва, Ленинский проспект, 78к1",Помидоры черри на ветке,Овощи,289,289,0,2,578
220301-159-0207,2022-03-01,доставлен,18:22:00,18:33:00,"Москва, Ленинский проспект, 78к1","Кефир 3,2% Из Груши",База,89,89,0,2,178
220301-159-0207,2022-03-01,доставлен,18:22:00,18:33:00,"Москва, Ленинский проспект, 78к1","Молоко цельное 3,4-6% Нашей дойки пастеризованное",База,99,99,0,1,99
220301-159-0207,2022-03-01,доставлен,18:22:00,18:33:00,"Москва, Ленинский проспект, 78к1",Малина Из Груши,Фрукты,749,749,0,1,749
220301-159-0207,2022-03-01,доставлен,18:22:00,18:33:00,"Москва, Ленинский проспект, 78к1",Ромовая баба глазированная шоколадной помадкой Из Груши,Сладости,159,159,0,1,159
220301-159-0207,2022-03-01,доставлен,18:22:00,18:33:00,"Москва, Ленинский проспект, 78к1","Суп с куриными фрикадельками, с пастой Алфавит Азбука Вкуса",Готовая еда,289,289,0,1,289
220301-159-0207,2022-03-01,доставлен,18:22:00,18:33:00,"Москва, Ленинский проспект, 78к1",Доставка,Услуги Груши,149,149,0,1,149
220301-159-0207,2022-03-01,доставлен,18:22:00,18:33:00,"Москва, Ленинский проспект, 78к1",Упаковка,Услуги Груши,12,12,0,1,12
220302-390-8490,2022-03-02,доставлен,18:59:00,19:31:00,"Москва, Ленинский проспект, 78к1",Сыр Пармезан Из Груши тёртый 40%,База,389,389,0,2,778
220302-390-8490,2022-03-02,доставлен,18:59:00,19:31:00,"Москва, Ленинский проспект, 78к1",Доставка,Услуги Груши,49,49,0,1,49
220303-451-0334,2022-03-03,доставлен,11:06:00,11:20:00,"Москва, Ленинский проспект, 78к1",Гранола ореховая Bionova без добавления сахара,База,599,599,0,1,599
220303-451-0334,2022-03-03,доставлен,11:06:00,11:20:00,"Москва, Ленинский проспект, 78к1",Сэндвич на круассане с индейкой и мандариновым соусом Eggsellent x Груша,Готовая еда,339,239,100,1,239
220303-451-0334,2022-03-03,доставлен,11:06:00,11:20:00,"Москва, Ленинский проспект, 78к1",Шоколад тёмный Lindt Excellence апельсин,Сладости,379,339,40,1,339
220303-451-0334,2022-03-03,доставлен,11:06:00,11:20:00,"Москва, Ленинский проспект, 78к1",Помидоры черри на ветке,Овощи,289,219,70,1,219
220303-451-0334,2022-03-03,доставлен,11:06:00,11:20:00,"Москва, Ленинский проспект, 78к1",Курица тандури в сливочно-томатном карри с рисом басмати Чикен Баттер Масала Chindi Kitchen,Готовая еда,649,649,0,1,649
220303-451-0334,2022-03-03,доставлен,11:06:00,11:20:00,"Москва, Ленинский проспект, 78к1",Доставка,Услуги Груши,99,99,0,1,99
220303-175-6024,2022-03-03,доставлен,12:39:00,12:52:00,"Москва, Ленинский проспект, 78к1",Руккола Из Груши,Овощи,139,139,0,1,139
220303-175-6024,2022-03-03,доставлен,12:39:00,12:52:00,"Москва, Ленинский проспект, 78к1",Чипсы Lay's сметана и лук рифлёные,Снеки,199,199,0,1,199
220303-175-6024,2022-03-03,доставлен,12:39:00,12:52:00,"Москва, Ленинский проспект, 78к1",Lay's Из печи сыр-зелень,Снеки,109,109,0,1,109
220303-175-6024,2022-03-03,доставлен,12:39:00,12:52:00,"Москва, Ленинский проспект, 78к1",Доставка,Услуги Груши,119,119,0,1,119
220303-216-2122,2022-03-03,доставлен,18:21:00,18:39:00,"Москва, Ленинский проспект, 78к1",Блинчики с курицей и грибами Азбука Вкуса,Готовая еда,229,229,0,1,229
220303-216-2122,2022-03-03,доставлен,18:21:00,18:39:00,"Москва, Ленинский проспект, 78к1","Напиток соевый Alpro Banana банановый 1,8%",Напитки,109,79,30,1,79
220303-216-2122,2022-03-03,доставлен,18:21:00,18:39:00,"Москва, Ленинский проспект, 78к1",Чипсы Pringles сметана-лук,Снеки,299,299,0,1,299
220303-216-2122,2022-03-03,доставлен,18:21:00,18:39:00,"Москва, Ленинский проспект, 78к1",Доставка,Услуги Груши,99,99,0,1,99
220303-216-2122,2022-03-03,доставлен,18:21:00,18:39:00,"Москва, Ленинский проспект, 78к1",Упаковка,Услуги Груши,12,12,0,1,12
220304-978-9785,2022-03-04,доставлен,08:49:00,09:07:00,"Москва, Ленинский проспект, 78к1",Брокколи свежая,Овощи,209,209,0,1,209
220304-978-9785,2022-03-04,доставлен,08:49:00,09:07:00,"Москва, Ленинский проспект, 78к1",Хурма Королёк,Фрукты,339,339,0,1,339
220304-978-9785,2022-03-04,доставлен,08:49:00,09:07:00,"Москва, Ленинский проспект, 78к1",Спелые бананы,Фрукты,229,229,0,1,229
220304-978-9785,2022-03-04,доставлен,08:49:00,09:07:00,"Москва, Ленинский проспект, 78к1",Чистящее средство Synergetic для окон и зеркал,Товары для дома,279,279,0,1,279
220304-978-9785,2022-03-04,доставлен,08:49:00,09:07:00,"Москва, Ленинский проспект, 78к1",Баклажаны,Овощи,149,149,0,2,298
220304-978-9785,2022-03-04,доставлен,08:49:00,09:07:00,"Москва, Ленинский проспект, 78к1",Доставка,Услуги Груши,0,0,0,1,0
220305-548-3756,2022-03-05,доставлен,11:25:00,11:43:00,"Москва, Ленинский проспект, 78к1","Молоко 2,5% Асеньевская ферма пастеризованное",База,99,99,0,1,99
220305-548-3756,2022-03-05,доставлен,11:25:00,11:43:00,"Москва, Ленинский проспект, 78к1",Фарш говяжий Из Груши,База,429,429,0,1,429
220305-548-3756,2022-03-05,доставлен,11:25:00,11:43:00,"Москва, Ленинский проспект, 78к1",Брокколи свежая,Овощи,209,209,0,1,209
220305-548-3756,2022-03-05,доставлен,11:25:00,11:43:00,"Москва, Ленинский проспект, 78к1",Доставка,Услуги Груши,499,499,0,1,499
220306-817-3816,2022-03-06,доставлен,09:38:00,09:55:00,"Москва, Ленинский проспект, 78к1",Вода Шишкин лес негазированная,Вода,49,49,0,1,49
220306-817-3816,2022-03-06,доставлен,09:38:00,09:55:00,"Москва, Ленинский проспект, 78к1","Масло сливочное 72,5% Из Груши",База,179,129,50,1,129
220306-817-3816,2022-03-06,доставлен,09:38:00,09:55:00,"Москва, Ленинский проспект, 78к1",Яблоки Гренни Смит,Фрукты,129,129,0,1,129
220306-817-3816,2022-03-06,доставлен,09:38:00,09:55:00,"Москва, Ленинский проспект, 78к1",Гречка отварная с маслом Азбука вкуса,Готовая еда,129,129,0,1,129
220306-817-3816,2022-03-06,доставлен,09:38:00,09:55:00,"Москва, Ленинский проспект, 78к1",Йогурт Epica натуральный без сахара 6%,База,59,59,0,2,118
220306-817-3816,2022-03-06,доставлен,09:38:00,09:55:00,"Москва, Ленинский проспект, 78к1",Чай холодный Из Груши с лимоном,Напитки,129,109,20,1,109
220306-817-3816,2022-03-06,доставлен,09:38:00,09:55:00,"Москва, Ленинский проспект, 78к1",Помидоры черри на ветке,Овощи,289,289,0,1,289
220306-817-3816,2022-03-06,доставлен,09:38:00,09:55:00,"Москва, Ленинский проспект, 78к1",Помидоры черри Эко-культура круглые жёлтые на ветке,Овощи,219,219,0,1,219
220306-817-3816,2022-03-06,доставлен,09:38:00,09:55:00,"Москва, Ленинский проспект, 78к1",Доставка,Услуги Груши,99,99,0,1,99
220307-050-8525,2022-03-07,доставлен,08:46:00,09:16:00,"Москва, Ленинский проспект, 78к1","Масло сливочное 82,5% Вологодское Из Вологды",База,279,279,0,1,279
220307-050-8525,2022-03-07,доставлен,08:46:00,09:16:00,"Москва, Ленинский проспект, 78к1","Йогурт Epica с гранатом и малиной 4,8%",База,69,69,0,1,69
220307-050-8525,2022-03-07,доставлен,08:46:00,09:16:00,"Москва, Ленинский проспект, 78к1",Котлеты куриные на пару Азбука вкуса,Готовая еда,209,209,0,1,209
220307-050-8525,2022-03-07,доставлен,08:46:00,09:16:00,"Москва, Ленинский проспект, 78к1",Апельсины,Фрукты,129,129,0,1,129
220307-050-8525,2022-03-07,доставлен,08:46:00,09:16:00,"Москва, Ленинский проспект, 78к1",Банан,Фрукты,19,19,0,1,19
220307-050-8525,2022-03-07,доставлен,08:46:00,09:16:00,"Москва, Ленинский проспект, 78к1",Доставка,Услуги Груши,79,79,0,1,79
220307-050-8525,2022-03-07,доставлен,08:46:00,09:16:00,"Москва, Ленинский проспект, 78к1",Упаковка,Услуги Груши,12,12,0,1,12
220310-125-4358,2022-03-10,доставлен,19:36:00,20:00:00,"Москва, Ленинский проспект, 78к1","Кефир 3,2% Асеньевская ферма",База,119,89,30,1,89
220310-125-4358,2022-03-10,доставлен,19:36:00,20:00:00,"Москва, Ленинский проспект, 78к1",Яйцо куриное СО Из Груши,База,129,129,0,2,258
220310-125-4358,2022-03-10,доставлен,19:36:00,20:00:00,"Москва, Ленинский проспект, 78к1",Капуста Кейл,Овощи,99,99,0,1,99
220310-125-4358,2022-03-10,доставлен,19:36:00,20:00:00,"Москва, Ленинский проспект, 78к1","Гранола-мюсли Extra с орехами, фруктами и ягодами",База,439,439,0,1,439
220310-125-4358,2022-03-10,доставлен,19:36:00,20:00:00,"Москва, Ленинский проспект, 78к1",Руккола Из Груши,Овощи,139,139,0,2,278
220310-125-4358,2022-03-10,доставлен,19:36:00,20:00:00,"Москва, Ленинский проспект, 78к1",Туалетная бумага Zewa Плюс белая 2 слоя,Товары для дома,139,139,0,1,139
220310-125-4358,2022-03-10,доставлен,19:36:00,20:00:00,"Москва, Ленинский проспект, 78к1",Доставка,Услуги Груши,99,99,0,1,99
220310-125-4358,2022-03-10,доставлен,19:36:00,20:00:00,"Москва, Ленинский проспект, 78к1",Упаковка,Услуги Груши,12,12,0,1,12
220314-905-4288,2022-03-14,доставлен,08:49:00,08:56:00,"Москва, Ленинский проспект, 78к1",Помидоры сладкие Бархатный мёд,Овощи,909,909,0,1,909
220314-905-4288,2022-03-14,доставлен,08:49:00,08:56:00,"Москва, Ленинский проспект, 78к1",Сельдь крупная XXL в масле Матиас кусочки,База,229,229,0,1,229
220314-905-4288,2022-03-14,доставлен,08:49:00,08:56:00,"Москва, Ленинский проспект, 78к1",Шоколад белый пористый Воздушный,Сладости,139,139,0,1,139
220314-905-4288,2022-03-14,доставлен,08:49:00,08:56:00,"Москва, Ленинский проспект, 78к1",Капуста Кейл,Овощи,99,99,0,1,99
220314-905-4288,2022-03-14,доставлен,08:49:00,08:56:00,"Москва, Ленинский проспект, 78к1",Доставка,Услуги Груши,119,119,0,1,119
220314-619-7779,2022-03-14,доставлен,19:15:00,19:27:00,"Москва, Ленинский проспект, 78к1",Черешня,Фрукты,119,119,0,1,119
220314-619-7779,2022-03-14,доставлен,19:15:00,19:27:00,"Москва, Ленинский проспект, 78к1","Напиток овсяный Nemoloko 3,2% классический",Напитки,149,149,0,1,149
220314-619-7779,2022-03-14,доставлен,19:15:00,19:27:00,"Москва, Ленинский проспект, 78к1",Батончик Бабаевский с помадно-сливочной начинкой,Сладости,39,39,0,1,39
220314-619-7779,2022-03-14,доставлен,19:15:00,19:27:00,"Москва, Ленинский проспект, 78к1",Доставка,Услуги Груши,119,119,0,1,119
220314-636-3066,2022-03-14,доставлен,21:13:00,21:30:00,"Москва, Ленинский проспект, 78к1","Молоко 2,5% Асеньевская ферма пастеризованное",База,99,99,0,1,99
220314-636-3066,2022-03-14,доставлен,21:13:00,21:30:00,"Москва, Ленинский проспект, 78к1",Смесь орехов с цукатами Семушка,Фрукты,179,179,0,1,179
220314-636-3066,2022-03-14,доставлен,21:13:00,21:30:00,"Москва, Ленинский проспект, 78к1",Грейпфрут дольки нарезанные Из Груши,Фрукты,239,239,0,1,239
220314-636-3066,2022-03-14,доставлен,21:13:00,21:30:00,"Москва, Ленинский проспект, 78к1",Печенье Орешек со сгущёнкой Братья Караваевы,Сладости,399,399,0,1,399
220314-636-3066,2022-03-14,доставлен,21:13:00,21:30:00,"Москва, Ленинский проспект, 78к1",Батон нарезной Из Груши,База,49,49,0,2,98
220314-636-3066,2022-03-14,доставлен,21:13:00,21:30:00,"Москва, Ленинский проспект, 78к1",Лимон,Фрукты,39,39,0,1,39
220314-636-3066,2022-03-14,доставлен,21:13:00,21:30:00,"Москва, Ленинский проспект, 78к1",Доставка,Услуги Груши,0,0,0,1,0
220319-688-1230,2022-03-19,доставлен,18:41:00,19:08:00,"Москва, Ленинский проспект, 78к1",Вода Шишкин лес негазированная,Вода,49,49,0,1,49
220319-688-1230,2022-03-19,доставлен,18:41:00,19:08:00,"Москва, Ленинский проспект, 78к1","Масло сливочное 82,5% Вологодское Из Вологды",База,279,279,0,1,279
220319-688-1230,2022-03-19,доставлен,18:41:00,19:08:00,"Москва, Ленинский проспект, 78к1","Масло сливочное 72,5% Из Груши",База,179,179,0,1,179
220319-688-1230,2022-03-19,доставлен,18:41:00,19:08:00,"Москва, Ленинский проспект, 78к1",Голубика Артфрут,Фрукты,509,359,150,1,359
220319-688-1230,2022-03-19,доставлен,18:41:00,19:08:00,"Москва, Ленинский проспект, 78к1",Яблоки Гренни Смит,Фрукты,129,129,0,1,129
220319-688-1230,2022-03-19,доставлен,18:41:00,19:08:00,"Москва, Ленинский проспект, 78к1",Помидоры черри на ветке,Овощи,289,239,50,1,239
220319-688-1230,2022-03-19,доставлен,18:41:00,19:08:00,"Москва, Ленинский проспект, 78к1","Напиток овсяный Nemoloko 3,2% классический",Напитки,149,149,0,2,298
220319-688-1230,2022-03-19,доставлен,18:41:00,19:08:00,"Москва, Ленинский проспект, 78к1",Салат Крабовый Азбука вкуса,Готовая еда,159,129,30,1,129
220319-688-1230,2022-03-19,доставлен,18:41:00,19:08:00,"Москва, Ленинский проспект, 78к1",Доставка,Услуги Груши,79,79,0,1,79
220320-169-7972,2022-03-20,доставлен,08:37:00,08:59:00,"Москва, Ленинский проспект, 78к1",Сосиска в тесте Cook Chart Bakery,Готовая еда,99,99,0,1,99
220320-169-7972,2022-03-20,доставлен,08:37:00,08:59:00,"Москва, Ленинский проспект, 78к1",Голубика,Фрукты,199,199,0,1,199
220320-169-7972,2022-03-20,доставлен,08:37:00,08:59:00,"Москва, Ленинский проспект, 78к1",Улитка с корицей Из Груши,Сладости,129,109,20,1,109
220320-169-7972,2022-03-20,доставлен,08:37:00,08:59:00,"Москва, Ленинский проспект, 78к1",Картофель молодой мытый,Овощи,99,99,0,1,99
220320-169-7972,2022-03-20,доставлен,08:37:00,08:59:00,"Москва, Ленинский проспект, 78к1",Доставка,Услуги Груши,79,79,0,1,79
220321-450-1910,2022-03-21,доставлен,09:07:00,09:19:00,"Москва, Ленинский проспект, 78к1",Шоколад тёмный Lindt Excellence 85% cocoa,Сладости,319,319,0,1,319
220321-450-1910,2022-03-21,доставлен,09:07:00,09:19:00,"Москва, Ленинский проспект, 78к1",Батончик арахисовый Kick в карамельном шоколаде,Сладости,279,279,0,1,279
220321-450-1910,2022-03-21,доставлен,09:07:00,09:19:00,"Москва, Ленинский проспект, 78к1",Доставка,Услуги Груши,79,79,0,1,79
220321-817-9546,2022-03-21,доставлен,17:54:00,18:02:00,"Москва, Ленинский проспект, 78к1",Каша овсяная с ягодами Из Груши,Готовая еда,159,159,0,1,159
220321-817-9546,2022-03-21,доставлен,17:54:00,18:02:00,"Москва, Ленинский проспект, 78к1",Салат Айсберг,Овощи,119,89,30,1,89
220321-817-9546,2022-03-21,доставлен,17:54:00,18:02:00,"Москва, Ленинский проспект, 78к1",Шоколад белый пористый Воздушный,Сладости,139,109,30,1,109
220321-817-9546,2022-03-21,доставлен,17:54:00,18:02:00,"Москва, Ленинский проспект, 78к1",Шпинат,Овощи,259,259,0,1,259
220321-817-9546,2022-03-21,доставлен,17:54:00,18:02:00,"Москва, Ленинский проспект, 78к1",Абрикосы,Фрукты,179,179,0,1,179
220321-817-9546,2022-03-21,доставлен,17:54:00,18:02:00,"Москва, Ленинский проспект, 78к1",Доставка,Услуги Груши,0,0,0,1,0
220322-041-0552,2022-03-22,доставлен,19:23:00,19:35:00,"Москва, Ленинский проспект, 78к1","Лейкопластырь водоотталкивающий Dr.Safe универсальный бактерицидный 1,9х7,2 см",Товары для дома,109,109,0,1,109
220322-041-0552,2022-03-22,доставлен,19:23:00,19:35:00,"Москва, Ленинский проспект, 78к1",Чипсы креветочные Nongshim острые,Снеки,139,139,0,1,139
220322-041-0552,2022-03-22,доставлен,19:23:00,19:35:00,"Москва, Ленинский проспект, 78к1",Крекеры Tuc сыр,Снеки,119,119,0,1,119
220322-041-0552,2022-03-22,доставлен,19:23:00,19:35:00,"Москва, Ленинский проспект, 78к1",Круассан с сыром Из Груши,Готовая еда,239,239,0,1,239
220322-041-0552,2022-03-22,доставлен,19:23:00,19:35:00,"Москва, Ленинский проспект, 78к1",Бекон сырокопчёный Велком нарезка,База,289,289,0,1,289
220322-041-0552,2022-03-22,доставлен,19:23:00,19:35:00,"Москва, Ленинский проспект, 78к1",Помидоры сливовидные Эко-культура красные на ветке,Овощи,359,359,0,1,359
220322-041-0552,2022-03-22,доставлен,19:23:00,19:35:00,"Москва, Ленинский проспект, 78к1",Вода минеральная Petroglyph негазированная,Вода,129,129,0,1,129
220322-041-0552,2022-03-22,доставлен,19:23:00,19:35:00,"Москва, Ленинский проспект, 78к1",Чистящее средство Synergetic для сантехники от известкового налёта и ржавчины,Товары для дома,399,399,0,1,399
220322-041-0552,2022-03-22,доставлен,19:23:00,19:35:00,"Москва, Ленинский проспект, 78к1",Доставка,Услуги Груши,79,79,0,1,79
220322-793-0314,2022-03-22,доставлен,19:30:00,19:47:00,"Москва, Ленинский проспект, 78к1",Кондиционер для белья детский Synergetic Нежное прикосновение,Товары для дома,359,359,0,1,359
220322-793-0314,2022-03-22,доставлен,19:30:00,19:47:00,"Москва, Ленинский проспект, 78к1",Блинчики с ветчиной и сыром Азбука Вкуса,Готовая еда,279,279,0,1,279
220322-793-0314,2022-03-22,доставлен,19:30:00,19:47:00,"Москва, Ленинский проспект, 78к1",Напиток газированный Кола Добрый,Напитки,99,99,0,1,99
220322-793-0314,2022-03-22,доставлен,19:30:00,19:47:00,"Москва, Ленинский проспект, 78к1",Зефир ванильный Шармэль,Сладости,189,189,0,1,189
220322-793-0314,2022-03-22,доставлен,19:30:00,19:47:00,"Москва, Ленинский проспект, 78к1",Доставка,Услуги Груши,79,79,0,1,79
220322-793-0314,2022-03-22,доставлен,19:30:00,19:47:00,"Москва, Ленинский проспект, 78к1",Упаковка,Услуги Груши,12,12,0,1,12
220325-485-3949,2022-03-25,доставлен,09:50:00,10:22:00,"Москва, Ленинский проспект, 78к1","Кефир 3,2% Асеньевская ферма",База,119,119,0,1,119
220325-485-3949,2022-03-25,доставлен,09:50:00,10:22:00,"Москва, Ленинский проспект, 78к1",Яйцо куриное СО Из Груши,База,129,129,0,1,129
220325-485-3949,2022-03-25,доставлен,09:50:00,10:22:00,"Москва, Ленинский проспект, 78к1","Молоко 2,5% Асеньевская ферма пастеризованное",База,99,99,0,1,99
220325-485-3949,2022-03-25,доставлен,09:50:00,10:22:00,"Москва, Ленинский проспект, 78к1",Шарики сырные с моцареллой Азбука Вкуса,Готовая еда,199,199,0,1,199
220325-485-3949,2022-03-25,доставлен,09:50:00,10:22:00,"Москва, Ленинский проспект, 78к1",Капуста Кейл,Овощи,99,79,20,1,79
220325-485-3949,2022-03-25,доставлен,09:50:00,10:22:00,"Москва, Ленинский проспект, 78к1",Доставка,Услуги Груши,0,0,0,1,0
220326-181-9253,2022-03-26,доставлен,09:50:00,11:13:00,"Москва, Ленинский проспект, 78к1",Помидоры черри на ветке,Овощи,289,289,0,2,578
220326-181-9253,2022-03-26,доставлен,09:50:00,11:13:00,"Москва, Ленинский проспект, 78к1",Апельсины,Фрукты,129,129,0,3,387
220326-181-9253,2022-03-26,доставлен,09:50:00,11:13:00,"Москва, Ленинский проспект, 78к1",Шоколад тёмный Lindt Excellence апельсин,Сладости,379,379,0,1,379
220326-181-9253,2022-03-26,доставлен,09:50:00,11:13:00,"Москва, Ленинский проспект, 78к1",Грейпфрут,Фрукты,49,49,0,1,49
220326-181-9253,2022-03-26,доставлен,09:50:00,11:13:00,"Москва, Ленинский проспект, 78к1",Доставка,Услуги Груши,499,499,0,1,499
220329-621-5037,2022-03-29,доставлен,07:00:00,07:18:00,"Москва, Ленинский проспект, 78к1",Вода Шишкин лес негазированная,Вода,49,49,0,1,49
220329-621-5037,2022-03-29,доставлен,07:00:00,07:18:00,"Москва, Ленинский проспект, 78к1","Масло сливочное 72,5% Из Груши",База,179,139,40,1,139
220329-621-5037,2022-03-29,доставлен,07:00:00,07:18:00,"Москва, Ленинский проспект, 78к1",Лимонад Из Груши с соком грейпфрута,Напитки,149,149,0,1,149
220329-621-5037,2022-03-29,доставлен,07:00:00,07:18:00,"Москва, Ленинский проспект, 78к1",Макароны Fettuccine Barilla Collezione,База,349,349,0,1,349
220329-621-5037,2022-03-29,доставлен,07:00:00,07:18:00,"Москва, Ленинский проспект, 78к1",Доставка,Услуги Груши,0,0,0,1,0
220329-621-5037,2022-03-29,доставлен,07:00:00,07:18:00,"Москва, Ленинский проспект, 78к1",Упаковка,Услуги Груши,12,12,0,1,12
220329-196-4418,2022-03-29,доставлен,08:48:00,08:59:00,"Москва, Ленинский проспект, 78к1",Пастила яблочная Белёвская,Сладости,309,309,0,1,309
220329-196-4418,2022-03-29,доставлен,08:48:00,08:59:00,"Москва, Ленинский проспект, 78к1",Мандарины Абхазия,Фрукты,299,299,0,1,299
220329-196-4418,2022-03-29,доставлен,08:48:00,08:59:00,"Москва, Ленинский проспект, 78к1",Сосиска в слоёном тесте с сыром и горчицей Хлеб насущный,Готовая еда,119,119,0,1,119
220329-196-4418,2022-03-29,доставлен,08:48:00,08:59:00,"Москва, Ленинский проспект, 78к1",Доставка,Услуги Груши,79,79,0,1,79
220331-222-5862,2022-03-31,доставлен,18:45:00,18:54:00,"Москва, Ленинский проспект, 78к1",Печенье Original Oreo,Сладости,159,129,30,1,129
220331-222-5862,2022-03-31,доставлен,18:45:00,18:54:00,"Москва, Ленинский проспект, 78к1",Черешня,Фрукты,119,119,0,2,238
220331-222-5862,2022-03-31,доставлен,18:45:00,18:54:00,"Москва, Ленинский проспект, 78к1",Огурцы короткоплодные,Овощи,89,89,0,1,89
220331-222-5862,2022-03-31,доставлен,18:45:00,18:54:00,"Москва, Ленинский проспект, 78к1",Тыква Баттернат,Овощи,149,149,0,2,298
220331-222-5862,2022-03-31,доставлен,18:45:00,18:54:00,"Москва, Ленинский проспект, 78к1",Огурцы Корнишон,Овощи,99,99,0,2,198
220331-222-5862,2022-03-31,доставлен,18:45:00,18:54:00,"Москва, Ленинский проспект, 78к1",Доставка,Услуги Груши,79,79,0,1,79
220331-996-8797,2022-03-31,доставлен,20:43:00,20:56:00,"Москва, Ленинский проспект, 78к1","Масло сливочное 82,5% Вологодское Из Вологды",База,279,279,0,1,279
220331-996-8797,2022-03-31,доставлен,20:43:00,20:56:00,"Москва, Ленинский проспект, 78к1",Вода минеральная лечебно-столовая Borjomi газированная,Вода,149,149,0,1,149
220331-996-8797,2022-03-31,доставлен,20:43:00,20:56:00,"Москва, Ленинский проспект, 78к1",Рис Басмати отварной Азбука Вкуса,Готовая еда,119,119,0,1,119
220331-996-8797,2022-03-31,доставлен,20:43:00,20:56:00,"Москва, Ленинский проспект, 78к1",Доставка,Услуги Груши,0,0,0,1,0
220331-996-8797,2022-03-31,доставлен,20:43:00,20:56:00,"Москва, Ленинский проспект, 78к1",Упаковка,Услуги Груши,12,12,0,1,12
220404-145-2462,2022-04-04,доставлен,09:58:00,10:15:00,"Москва, Ленинский проспект, 78к1","Молоко 2,5% Асеньевская ферма пастеризованное",База,99,99,0,2,198
220404-145-2462,2022-04-04,доставлен,09:58:00,10:15:00,"Москва, Ленинский проспект, 78к1",Огурцы колючие ТСХ,Овощи,199,169,30,2,338
220404-145-2462,2022-04-04,доставлен,09:58:00,10:15:00,"Москва, Ленинский проспект, 78к1",Шоколад молочный пористый Milka Bubbles с кокосом,Сладости,129,89,40,3,267
220404-145-2462,2022-04-04,доставлен,09:58:00,10:15:00,"Москва, Ленинский проспект, 78к1","Напиток функциональный Actimuno гранат 1,5%",Напитки,49,39,10,3,117
220404-145-2462,2022-04-04,доставлен,09:58:00,10:15:00,"Москва, Ленинский проспект, 78к1",Фарш говяжий Из Груши,База,429,339,90,1,339
220404-145-2462,2022-04-04,доставлен,09:58:00,10:15:00,"Москва, Ленинский проспект, 78к1",Стиральный порошок Persil автомат,Товары для дома,599,599,0,1,599
220404-145-2462,2022-04-04,доставлен,09:58:00,10:15:00,"Москва, Ленинский проспект, 78к1",Сок апельсиновый Из Груши прямой отжим,Напитки,359,359,0,1,359
220404-145-2462,2022-04-04,доставлен,09:58:00,10:15:00,"Москва, Ленинский проспект, 78к1",Доставка,Услуги Груши,0,0,0,1,0
220404-145-2462,2022-04-04,доставлен,09:58:00,10:15:00,"Москва, Ленинский проспект, 78к1",Упаковка,Услуги Груши,12,12,0,1,12
220405-705-5669,2022-04-05,доставлен,10:29:00,10:48:00,"Москва, Ленинский проспект, 78к1",Фокачча гриль-чиз с вялеными томатами и шпинатом Mates,Готовая еда,379,379,0,1,379
220405-705-5669,2022-04-05,доставлен,10:29:00,10:48:00,"Москва, Ленинский проспект, 78к1","Гранола-мюсли Extra с орехами, фруктами и ягодами",База,439,439,0,2,878
220405-705-5669,2022-04-05,доставлен,10:29:00,10:48:00,"Москва, Ленинский проспект, 78к1",Малина Из Груши,Фрукты,749,749,0,1,749
220405-705-5669,2022-04-05,доставлен,10:29:00,10:48:00,"Москва, Ленинский проспект, 78к1",Яблоки Криппс Пинк Собрано в саду 4 шт.,Фрукты,169,169,0,1,169
220405-705-5669,2022-04-05,доставлен,10:29:00,10:48:00,"Москва, Ленинский проспект, 78к1","Напиток функциональный Actimuno гранат 1,5%",Напитки,49,49,0,1,49
220405-705-5669,2022-04-05,доставлен,10:29:00,10:48:00,"Москва, Ленинский проспект, 78к1",Макароны Fusilli Barilla №98,База,129,129,0,2,258
220405-705-5669,2022-04-05,доставлен,10:29:00,10:48:00,"Москва, Ленинский проспект, 78к1",Туалетная бумага Zewa Плюс белая 2 слоя,Товары для дома,139,139,0,1,139
220405-705-5669,2022-04-05,доставлен,10:29:00,10:48:00,"Москва, Ленинский проспект, 78к1",Сыр Маскарпоне Из Груши 80%,База,249,249,0,1,249
220405-705-5669,2022-04-05,доставлен,10:29:00,10:48:00,"Москва, Ленинский проспект, 78к1",Доставка,Услуги Груши,0,0,0,1,0
220410-739-1135,2022-04-10,доставлен,09:08:00,09:18:00,"Москва, Ленинский проспект, 78к1","Кефир 3,2% Асеньевская ферма",База,119,119,0,1,119
220410-739-1135,2022-04-10,доставлен,09:08:00,09:18:00,"Москва, Ленинский проспект, 78к1",Вода Шишкин лес негазированная,Вода,49,49,0,1,49
220410-739-1135,2022-04-10,доставлен,09:08:00,09:18:00,"Москва, Ленинский проспект, 78к1",Яйцо куриное СО Из Груши,База,129,129,0,1,129
220410-739-1135,2022-04-10,доставлен,09:08:00,09:18:00,"Москва, Ленинский проспект, 78к1",Доставка,Услуги Груши,49,49,0,1,49
220411-618-5543,2022-04-11,доставлен,11:46:00,12:03:00,"Москва, Ленинский проспект, 78к1","Масло сливочное 82,5% Вологодское Из Вологды",База,279,279,0,1,279
220411-618-5543,2022-04-11,доставлен,11:46:00,12:03:00,"Москва, Ленинский проспект, 78к1","Масло сливочное 72,5% Из Груши",База,179,179,0,1,179
220411-618-5543,2022-04-11,доставлен,11:46:00,12:03:00,"Москва, Ленинский проспект, 78к1",Квас Очаковский,Напитки,99,99,0,1,99
220411-618-5543,2022-04-11,доставлен,11:46:00,12:03:00,"Москва, Ленинский проспект, 78к1",Доставка,Услуги Груши,0,0,0,1,0
220411-618-5543,2022-04-11,доставлен,11:46:00,12:03:00,"Москва, Ленинский проспект, 78к1",Упаковка,Услуги Груши,12,12,0,1,12
220413-351-1166,2022-04-13,доставлен,09:09:00,09:43:00,"Москва, Ленинский проспект, 78к1",Помидоры черри Эко-культура круглые красные на ветке,Овощи,339,339,0,1,339
220413-351-1166,2022-04-13,доставлен,09:09:00,09:43:00,"Москва, Ленинский проспект, 78к1",Мыло жидкое Сандал и Ягоды можжевельника Synergetic,Товары для дома,219,219,0,1,219
220413-351-1166,2022-04-13,доставлен,09:09:00,09:43:00,"Москва, Ленинский проспект, 78к1",Напиток соевый Alpro банановый,Напитки,319,319,0,1,319
220413-351-1166,2022-04-13,доставлен,09:09:00,09:43:00,"Москва, Ленинский проспект, 78к1",Макароны Спагетти Barilla №5,База,139,99,40,1,99
220413-351-1166,2022-04-13,доставлен,09:09:00,09:43:00,"Москва, Ленинский проспект, 78к1",Огурцы короткоплодные,Овощи,89,89,0,1,89
220413-351-1166,2022-04-13,доставлен,09:09:00,09:43:00,"Москва, Ленинский проспект, 78к1",Доставка,Услуги Груши,99,99,0,1,99
220413-351-1166,2022-04-13,доставлен,09:09:00,09:43:00,"Москва, Ленинский проспект, 78к1",Упаковка,Услуги Груши,12,12,0,1,12
220413-192-3416,2022-04-13,доставлен,17:12:00,17:30:00,"Москва, Ленинский проспект, 78к1","Молоко 2,5% Асеньевская ферма пастеризованное",База,99,99,0,2,198
220413-192-3416,2022-04-13,доставлен,17:12:00,17:30:00,"Москва, Ленинский проспект, 78к1",Жареная на воке яичная лапша с креветками Ми Ксао Том Lao Lee,Готовая еда,399,399,0,1,399
220413-192-3416,2022-04-13,доставлен,17:12:00,17:30:00,"Москва, Ленинский проспект, 78к1",Мандарины Абхазия,Фрукты,299,299,0,1,299
220413-192-3416,2022-04-13,доставлен,17:12:00,17:30:00,"Москва, Ленинский проспект, 78к1",Брокколи свежая,Овощи,209,209,0,1,209
220413-192-3416,2022-04-13,доставлен,17:12:00,17:30:00,"Москва, Ленинский проспект, 78к1",Апельсины сладкие,Фрукты,299,299,0,1,299
220413-192-3416,2022-04-13,доставлен,17:12:00,17:30:00,"Москва, Ленинский проспект, 78к1",Доставка,Услуги Груши,49,49,0,1,49
220413-192-3416,2022-04-13,доставлен,17:12:00,17:30:00,"Москва, Ленинский проспект, 78к1",Упаковка,Услуги Груши,12,12,0,1,12
220415-633-9145,2022-04-15,отменен,19:50:00,,"Москва, Ленинский проспект, 78к1",Рис Басмати отварной Азбука Вкуса,Готовая еда,119,79,40,1,79
220415-633-9145,2022-04-15,отменен,19:50:00,,"Москва, Ленинский проспект, 78к1",Спелые бананы,Фрукты,229,229,0,1,229
220415-633-9145,2022-04-15,отменен,19:50:00,,"Москва, Ленинский проспект, 78к1",Грейпфрут дольки нарезанные Из Груши,Фрукты,239,239,0,3,717
220415-633-9145,2022-04-15,отменен,19:50:00,,"Москва, Ленинский проспект, 78к1",Доставка,Услуги Груши,79,79,0,1,79
220421-705-2945,2022-04-21,доставлен,18:33:00,18:48:00,"Москва, Ленинский проспект, 78к1",Помидоры черри на ветке,Овощи,289,289,0,1,289
220421-705-2945,2022-04-21,доставлен,18:33:00,18:48:00,"Москва, Ленинский проспект, 78к1",Огурцы Корнишон,Овощи,99,99,0,1,99
220421-705-2945,2022-04-21,доставлен,18:33:00,18:48:00,"Москва, Ленинский проспект, 78к1",Хлеб Деревенский Из Груши,База,169,169,0,2,338
220421-705-2945,2022-04-21,доставлен,18:33:00,18:48:00,"Москва, Ленинский проспект, 78к1",Сыр Ламбер 50%,База,349,349,0,2,698
220421-705-2945,2022-04-21,доставлен,18:33:00,18:48:00,"Москва, Ленинский проспект, 78к1",Крекеры Tuc сыр,Снеки,119,119,0,1,119
220421-705-2945,2022-04-21,доставлен,18:33:00,18:48:00,"Москва, Ленинский проспект, 78к1",Доставка,Услуги Груши,79,79,0,1,79
220421-939-5555,2022-04-21,доставлен,18:47:00,19:48:00,"Москва, Ленинский проспект, 78к1",Вода Шишкин лес негазированная,Вода,49,49,0,1,49
220421-939-5555,2022-04-21,доставлен,18:47:00,19:48:00,"Москва, Ленинский проспект, 78к1","Масло сливочное 72,5% Из Груши",База,179,179,0,1,179
220421-939-5555,2022-04-21,доставлен,18:47:00,19:48:00,"Москва, Ленинский проспект, 78к1",Вода минеральная Нарзан газированная,Вода,159,159,0,1,159
220421-939-5555,2022-04-21,доставлен,18:47:00,19:48:00,"Москва, Ленинский проспект, 78к1","Масло сливочное 82,5% Из Груши",База,189,189,0,1,189
220421-939-5555,2022-04-21,доставлен,18:47:00,19:48:00,"Москва, Ленинский проспект, 78к1",Макароны Farfalle Barilla №65,База,129,129,0,1,129
220421-939-5555,2022-04-21,доставлен,18:47:00,19:48:00,"Москва, Ленинский проспект, 78к1",Доставка,Услуги Груши,0,0,0,1,0
220502-143-3564,2022-05-02,доставлен,10:15:00,10:26:00,"Московская область, Одинцовский городской округ, СНТ Полянка, 14","Кефир 3,2% Асеньевская ферма",База,119,89,30,1,89
220502-143-3564,2022-05-02,доставлен,10:15:00,10:26:00,"Московская область, Одинцовский городской округ, СНТ Полянка, 14",Вода Шишкин лес негазированная,Вода,49,49,0,2,98
220502-143-3564,2022-05-02,доставлен,10:15:00,10:26:00,"Московская область, Одинцовский городской округ, СНТ Полянка, 14",Яйцо куриное СО Из Груши,База,129,129,0,1,129
220502-143-3564,2022-05-02,доставлен,10:15:00,10:26:00,"Московская область, Одинцовский городской округ, СНТ Полянка, 14","Молоко 2,5% Асеньевская ферма пастеризованное",База,99,99,0,1,99
220502-143-3564,2022-05-02,доставлен,10:15:00,10:26:00,"Московская область, Одинцовский городской округ, СНТ Полянка, 14","Масло сливочное 82,5% Вологодское Из Вологды",База,279,219,60,2,438
220502-143-3564,2022-05-02,доставлен,10:15:00,10:26:00,"Московская область, Одинцовский городской округ, СНТ Полянка, 14",Доставка,Услуги Груши,499,499,0,1,499
220502-143-3564,2022-05-02,доставлен,10:15:00,10:26:00,"Московская область, Одинцовский городской округ, СНТ Полянка, 14",Упаковка,Услуги Груши,12,12,0,1,12
220506-158-7212,2022-05-06,доставлен,11:15:00,11:28:00,"Московская область, Одинцовский городской округ, СНТ Полянка, 14","Масло сливочное 72,5% Из Груши",База,179,179,0,1,179
220506-158-7212,2022-05-06,доставлен,11:15:00,11:28:00,"Московская область, Одинцовский городской округ, СНТ Полянка, 14",Спелые бананы,Фрукты,229,199,30,1,199
220506-158-7212,2022-05-06,доставлен,11:15:00,11:28:00,"Московская область, Одинцовский городской округ, СНТ Полянка, 14",Зелёный горошек Из Груши быстрозамороженный,Овощи,149,149,0,1,149
220506-158-7212,2022-05-06,доставлен,11:15:00,11:28:00,"Московская область, Одинцовский городской округ, СНТ Полянка, 14",Картофель молодой мытый,Овощи,99,99,0,1,99
220506-158-7212,2022-05-06,доставлен,11:15:00,11:28:00,"Московская область, Одинцовский городской округ, СНТ Полянка, 14","Напиток овсяный Nemoloko 3,2% классический",Напитки,149,149,0,1,149
220506-158-7212,2022-05-06,доставлен,11:15:00,11:28:00,"Московская область, Одинцовский городской округ, СНТ Полянка, 14",Лепешки Мексиканские Оригинальные Delicados Tortillas,База,149,149,0,1,149
220506-158-7212,2022-05-06,доставлен,11:15:00,11:28:00,"Московская область, Одинцовский городской округ, СНТ Полянка, 14",Доставка,Услуги Груши,119,119,0,1,119
220508-374-8491,2022-05-08,доставлен,09:48:00,10:21:00,"Московская область, Одинцовский городской округ, СНТ Полянка, 14",Абрикосы,Фрукты,179,179,0,1,179
220508-374-8491,2022-05-08,доставлен,09:48:00,10:21:00,"Московская область, Одинцовский городской округ, СНТ Полянка, 14",Лук репчатый,Овощи,49,49,0,1,49
220508-374-8491,2022-05-08,доставлен,09:48:00,10:21:00,"Московская область, Одинцовский городской округ, СНТ Полянка, 14",Грейпфрут,Фрукты,49,49,0,1,49
220508-374-8491,2022-05-08,доставлен,09:48:00,10:21:00,"Московская область, Одинцовский городской округ, СНТ Полянка, 14",Лимонад Из Груши с соком груши и яблока,Напитки,139,139,0,1,139
220508-374-8491,2022-05-08,доставлен,09:48:00,10:21:00,"Московская область, Одинцовский городской округ, СНТ Полянка, 14",Доставка,Услуги Груши,79,79,0,1,79
220508-032-6784,2022-05-08,доставлен,19:43:00,20:11:00,"Московская область, Одинцовский городской округ, СНТ Полянка, 14",Батончик арахисовый Kick в карамельном шоколаде,Сладости,279,279,0,3,837
220508-032-6784,2022-05-08,доставлен,19:43:00,20:11:00,"Московская область, Одинцовский городской округ, СНТ Полянка, 14",Сосиска в тесте Cook Chart Bakery,Готовая еда,99,99,0,2,198
220508-032-6784,2022-05-08,доставлен,19:43:00,20:11:00,"Московская область, Одинцовский городской округ, СНТ Полянка, 14",Доставка,Услуги Груши,79,79,0,1,79
220510-272-8873,2022-05-10,доставлен,18:17:00,18:29:00,"Московская область, Одинцовский городской округ, СНТ Полянка, 14",Пельмени Домашние Из Груши,База,249,209,40,2,418
220510-272-8873,2022-05-10,доставлен,18:17:00,18:29:00,"Московская область, Одинцовский городской округ, СНТ Полянка, 14",Грейпфрут,Фрукты,49,49,0,1,49
220510-272-8873,2022-05-10,доставлен,18:17:00,18:29:00,"Московская область, Одинцовский городской округ, СНТ Полянка, 14",Яблоки Гренни Смит,Фрукты,129,89,40,1,89
220510-272-8873,2022-05-10,доставлен,18:17:00,18:29:00,"Московская область, Одинцовский городской округ, СНТ Полянка, 14",Батончики KitKat с хрустящей вафлей в молочном шоколаде,Сладости,239,239,0,1,239
220510-272-8873,2022-05-10,доставлен,18:17:00,18:29:00,"Московская область, Одинцовский городской округ, СНТ Полянка, 14","Молоко 2,5% Из Груши пастеризованное",База,79,79,0,1,79
220510-272-8873,2022-05-10,доставлен,18:17:00,18:29:00,"Московская область, Одинцовский городской округ, СНТ Полянка, 14",Помидоры черри на ветке,Овощи,289,289,0,1,289
220510-272-8873,2022-05-10,доставлен,18:17:00,18:29:00,"Московская область, Одинцовский городской округ, СНТ Полянка, 14","Лейкопластырь водоотталкивающий Dr.Safe универсальный бактерицидный 1,9х7,2 см",Товары для дома,109,89,20,1,89
220510-272-8873,2022-05-10,доставлен,18:17:00,18:29:00,"Московская область, Одинцовский городской округ, СНТ Полянка, 14",Салат сырный Азбука вкуса,Готовая еда,419,419,0,1,419
220510-272-8873,2022-05-10,доставлен,18:17:00,18:29:00,"Московская область, Одинцовский городской округ, СНТ Полянка, 14",Доставка,Услуги Груши,0,0,0,1,0
220512-919-8478,2022-05-12,доставлен,09:58:00,10:12:00,"Московская область, Одинцовский городской округ, СНТ Полянка, 14",Вода Шишкин лес негазированная,Вода,49,49,0,2,98
220512-919-8478,2022-05-12,доставлен,09:58:00,10:12:00,"Московская область, Одинцовский городской округ, СНТ Полянка, 14","Молоко 2,5% Асеньевская ферма пастеризованное",База,99,99,0,1,99
220512-919-8478,2022-05-12,доставлен,09:58:00,10:12:00,"Московская область, Одинцовский городской округ, СНТ Полянка, 14",Доставка,Услуги Груши,0,0,0,1,0
220514-290-5924,2022-05-14,доставлен,20:18:00,20:36:00,"Московская область, Одинцовский городской округ, СНТ Полянка, 14","Масло сливочное 82,5% Вологодское Из Вологды",База,279,279,0,1,279
220514-290-5924,2022-05-14,доставлен,20:18:00,20:36:00,"Московская область, Одинцовский городской округ, СНТ Полянка, 14",Голубика,Фрукты,199,199,0,1,199
220514-290-5924,2022-05-14,доставлен,20:18:00,20:36:00,"Московская область, Одинцовский городской округ, СНТ Полянка, 14",Абрикосы,Фрукты,179,179,0,1,179
220514-290-5924,2022-05-14,доставлен,20:18:00,20:36:00,"Московская область, Одинцовский городской округ, СНТ Полянка, 14",Батончик шоколадный Cadbury Wispa,Сладости,59,59,0,1,59
220514-290-5924,2022-05-14,доставлен,20:18:00,20:36:00,"Московская область, Одинцовский городской округ, СНТ Полянка, 14",Суп-пюре сырный с креветками Азбука вкуса,Готовая еда,299,299,0,1,299
220514-290-5924,2022-05-14,доставлен,20:18:00,20:36:00,"Московская область, Одинцовский городской округ, СНТ Полянка, 14",Доставка,Услуги Груши,0,0,0,1,0
220516-103-7319,2022-05-16,доставлен,10:21:00,10:33:00,"Московская область, Одинцовский городской округ, СНТ Полянка, 14","Кефир 3,2% Асеньевская ферма",База,119,119,0,1,119
220516-103-7319,2022-05-16,доставлен,10:21:00,10:33:00,"Московская область, Одинцовский городской округ, СНТ Полянка, 14",Яйцо куриное СО Из Груши,База,129,129,0,1,129
220516-103-7319,2022-05-16,доставлен,10:21:00,10:33:00,"Московская область, Одинцовский городской округ, СНТ Полянка, 14",Доставка,Услуги Груши,0,0,0,1,0
220517-057-1881,2022-05-17,доставлен,10:27:00,10:49:00,"Московская область, Одинцовский городской округ, СНТ Полянка, 14","Масло сливочное 72,5% Из Груши",База,179,179,0,1,179
220517-057-1881,2022-05-17,доставлен,10:27:00,10:49:00,"Московская область, Одинцовский городской округ, СНТ Полянка, 14",Доставка,Услуги Груши,0,0,0,1,0
220520-437-9984,2022-05-20,доставлен,10:57:00,11:15:00,"Московская область, Одинцовский городской округ, СНТ Полянка, 14",Помидоры черри Эко-культура круглые жёлтые на ветке,Овощи,219,219,0,1,219
220520-437-9984,2022-05-20,доставлен,10:57:00,11:15:00,"Московская область, Одинцовский городской округ, СНТ Полянка, 14","Молоко 3,4%-6% Асеньевская ферма пастеризованное",База,99,99,0,1,99
220520-437-9984,2022-05-20,доставлен,10:57:00,11:15:00,"Московская область, Одинцовский городской округ, СНТ Полянка, 14",Доставка,Услуги Груши,0,0,0,1,0
220520-437-9984,2022-05-20,доставлен,10:57:00,11:15:00,"Московская область, Одинцовский городской округ, СНТ Полянка, 14",Упаковка,Услуги Груши,12,12,0,1,12
220524-630-0470,2022-05-24,доставлен,18:38:00,18:51:00,"Московская область, Одинцовский городской округ, СНТ Полянка, 14",Вода Шишкин лес негазированная,Вода,49,49,0,1,49
220524-630-0470,2022-05-24,доставлен,18:38:00,18:51:00,"Московская область, Одинцовский городской округ, СНТ Полянка, 14","Молоко 2,5% Асеньевская ферма пастеризованное",База,99,99,0,1,99
220524-630-0470,2022-05-24,доставлен,18:38:00,18:51:00,"Московская область, Одинцовский городской округ, СНТ Полянка, 14",Клубника Из Груши,Фрукты,289,289,0,2,578
220524-630-0470,2022-05-24,доставлен,18:38:00,18:51:00,"Московская область, Одинцовский городской округ, СНТ Полянка, 14",Доставка,Услуги Груши,0,0,0,1,0
220524-630-0470,2022-05-24,доставлен,18:38:00,18:51:00,"Московская область, Одинцовский городской округ, СНТ Полянка, 14",Упаковка,Услуги Груши,12,12,0,1,12
220525-186-8085,2022-05-25,доставлен,19:15:00,19:28:00,"Московская область, Одинцовский городской округ, СНТ Полянка, 14","Масло сливочное 82,5% Вологодское Из Вологды",База,279,229,50,1,229
220525-186-8085,2022-05-25,доставлен,19:15:00,19:28:00,"Московская область, Одинцовский городской округ, СНТ Полянка, 14",Бумажные полотенца Zewa Премиум,Товары для дома,229,229,0,1,229
220525-186-8085,2022-05-25,доставлен,19:15:00,19:28:00,"Московская область, Одинцовский городской округ, СНТ Полянка, 14",Батарейки Energizer MAX AA,Товары для дома,219,219,0,1,219
220525-186-8085,2022-05-25,доставлен,19:15:00,19:28:00,"Московская область, Одинцовский городской округ, СНТ Полянка, 14",Помидоры черри на ветке,Овощи,289,289,0,1,289
220525-186-8085,2022-05-25,доставлен,19:15:00,19:28:00,"Московская область, Одинцовский городской округ, СНТ Полянка, 14",Крекеры Tuc сыр,Снеки,119,119,0,1,119
220525-186-8085,2022-05-25,доставлен,19:15:00,19:28:00,"Московская область, Одинцовский городской округ, СНТ Полянка, 14",Доставка,Услуги Груши,49,49,0,1,49
220525-186-8085,2022-05-25,доставлен,19:15:00,19:28:00,"Московская область, Одинцовский городской округ, СНТ Полянка, 14",Упаковка,Услуги Груши,12,12,0,1,12
220528-092-6588,2022-05-28,доставлен,09:40:00,09:58:00,"Московская область, Одинцовский городской округ, СНТ Полянка, 14","Масло сливочное 72,5% Из Груши",База,179,179,0,1,179
220528-092-6588,2022-05-28,доставлен,09:40:00,09:58:00,"Московская область, Одинцовский городской округ, СНТ Полянка, 14",Морковь мытая,Овощи,69,69,0,1,69
220528-092-6588,2022-05-28,доставлен,09:40:00,09:58:00,"Московская область, Одинцовский городской округ, СНТ Полянка, 14",Батарейки Kodak Max Super Alkaline AA,Товары для дома,389,389,0,1,389
220528-092-6588,2022-05-28,доставлен,09:40:00,09:58:00,"Московская область, Одинцовский городской округ, СНТ Полянка, 14",Груша Конференция,Фрукты,189,189,0,1,189
220528-092-6588,2022-05-28,доставлен,09:40:00,09:58:00,"Московская область, Одинцовский городской округ, СНТ Полянка, 14",Доставка,Услуги Груши,0,0,0,1,0
220603-104-9867,2022-06-03,доставлен,08:59:00,09:16:00,"Московская область, Одинцовский городской округ, СНТ Полянка, 14","Кефир 3,2% Асеньевская ферма",База,119,119,0,1,119
220603-104-9867,2022-06-03,доставлен,08:59:00,09:16:00,"Московская область, Одинцовский городской округ, СНТ Полянка, 14",Вода Шишкин лес негазированная,Вода,49,49,0,1,49
220603-104-9867,2022-06-03,доставлен,08:59:00,09:16:00,"Московская область, Одинцовский городской округ, СНТ Полянка, 14",Яйцо куриное СО Из Груши,База,129,109,20,2,218
220603-104-9867,2022-06-03,доставлен,08:59:00,09:16:00,"Московская область, Одинцовский городской округ, СНТ Полянка, 14","Молоко 2,5% Асеньевская ферма пастеризованное",База,99,99,0,1,99
220603-104-9867,2022-06-03,доставлен,08:59:00,09:16:00,"Московская область, Одинцовский городской округ, СНТ Полянка, 14","Шоколад молочный Ritter Sport с ромом, изюмом и орехом",Сладости,159,159,0,1,159
220603-104-9867,2022-06-03,доставлен,08:59:00,09:16:00,"Московская область, Одинцовский городской округ, СНТ Полянка, 14",Доставка,Услуги Груши,0,0,0,1,0
220604-686-9729,2022-06-04,доставлен,07:41:00,07:57:00,"Московская область, Одинцовский городской округ, СНТ Полянка, 14",Авокадо Хасс Puro Gusto Ready to eat,Овощи,159,159,0,1,159
220604-686-9729,2022-06-04,доставлен,07:41:00,07:57:00,"Московская область, Одинцовский городской округ, СНТ Полянка, 14",Картофель молодой мытый,Овощи,99,99,0,1,99
220604-686-9729,2022-06-04,доставлен,07:41:00,07:57:00,"Московская область, Одинцовский городской округ, СНТ Полянка, 14",Перчики черри Из Груши фаршированные сливочным сыром,Овощи,299,299,0,1,299
220604-686-9729,2022-06-04,доставлен,07:41:00,07:57:00,"Московская область, Одинцовский городской округ, СНТ Полянка, 14",Доставка,Услуги Груши,99,99,0,1,99
220606-659-6748,2022-06-06,доставлен,18:57:00,19:10:00,"Московская область, Одинцовский городской округ, СНТ Полянка, 14",Лапша быстрого приготовления Доширак курица,Готовая еда,69,69,0,1,69
220606-659-6748,2022-06-06,доставлен,18:57:00,19:10:00,"Московская область, Одинцовский городской округ, СНТ Полянка, 14",Горошек зелёный Bonduelle замороженный,Овощи,119,119,0,1,119
220606-659-6748,2022-06-06,доставлен,18:57:00,19:10:00,"Московская область, Одинцовский городской округ, СНТ Полянка, 14",Огурцы Корнишон,Овощи,99,99,0,1,99
220606-659-6748,2022-06-06,доставлен,18:57:00,19:10:00,"Московская область, Одинцовский городской округ, СНТ Полянка, 14",Яблоки Гренни Смит,Фрукты,129,129,0,3,387
220606-659-6748,2022-06-06,доставлен,18:57:00,19:10:00,"Московская область, Одинцовский городской округ, СНТ Полянка, 14",Доставка,Услуги Груши,0,0,0,1,0
220606-659-6748,2022-06-06,доставлен,18:57:00,19:10:00,"Московская область, Одинцовский городской округ, СНТ Полянка, 14",Упаковка,Услуги Груши,12,12,0,1,12
220606-755-4467,2022-06-06,доставлен,19:26:00,19:36:00,"Московская область, Одинцовский городской округ, СНТ Полянка, 14","Масло сливочное 82,5% Вологодское Из Вологды",База,279,279,0,1,279
220606-755-4467,2022-06-06,доставлен,19:26:00,19:36:00,"Московская область, Одинцовский городской округ, СНТ Полянка, 14",Картошка Братья Караваевы,Сладости,209,209,0,1,209
220606-755-4467,2022-06-06,доставлен,19:26:00,19:36:00,"Московская область, Одинцовский городской округ, СНТ Полянка, 14",Руккола Из Груши,Овощи,139,139,0,1,139
220606-755-4467,2022-06-06,доставлен,19:26:00,19:36:00,"Московская область, Одинцовский городской округ, СНТ Полянка, 14",Смесь орехов с цукатами Семушка,Фрукты,179,179,0,1,179
220606-755-4467,2022-06-06,доставлен,19:26:00,19:36:00,"Московская область, Одинцовский городской округ, СНТ Полянка, 14",Клубника свежая Артфрут,Фрукты,1390,1390,0,1,1390
220606-755-4467,2022-06-06,доставлен,19:26:00,19:36:00,"Московская область, Одинцовский городской округ, СНТ Полянка, 14",Шоколад белый пористый Воздушный,Сладости,139,139,0,1,139
220606-755-4467,2022-06-06,доставлен,19:26:00,19:36:00,"Московская область, Одинцовский городской округ, СНТ Полянка, 14",Доставка,Услуги Груши,79,79,0,1,79
220606-755-4467,2022-06-06,доставлен,19:26:00,19:36:00,"Московская область, Одинцовский городской округ, СНТ Полянка, 14",Упаковка,Услуги Груши,12,12,0,1,12
220608-767-0101,2022-06-08,доставлен,08:58:00,09:14:00,"Московская область, Одинцовский городской округ, СНТ Полянка, 14",Кабачки,Овощи,129,129,0,1,129
220608-767-0101,2022-06-08,доставлен,08:58:00,09:14:00,"Московская область, Одинцовский городской округ, СНТ Полянка, 14",Грейпфрут дольки нарезанные Из Груши,Фрукты,239,239,0,2,478
220608-767-0101,2022-06-08,доставлен,08:58:00,09:14:00,"Московская область, Одинцовский городской округ, СНТ Полянка, 14",Авокадо Хасс Puro Gusto Ready to eat,Овощи,159,159,0,1,159
220608-767-0101,2022-06-08,доставлен,08:58:00,09:14:00,"Московская область, Одинцовский городской округ, СНТ Полянка, 14",Кисель Леовит Leo Kids при простуде от 1 года 12 г 5 шт,Аптека,199,199,0,1,199
220608-767-0101,2022-06-08,доставлен,08:58:00,09:14:00,"Московская область, Одинцовский городской округ, СНТ Полянка, 14",Грейпфрут,Фрукты,49,49,0,1,49
220608-767-0101,2022-06-08,доставлен,08:58:00,09:14:00,"Московская область, Одинцовский городской округ, СНТ Полянка, 14",Мука пшеничная Makfa,База,139,139,0,1,139
220608-767-0101,2022-06-08,доставлен,08:58:00,09:14:00,"Московская область, Одинцовский городской округ, СНТ Полянка, 14",Доставка,Услуги Груши,0,0,0,1,0
220608-083-8309,2022-06-08,отменен,19:08:00,,"Московская область, Одинцовский городской округ, СНТ Полянка, 14","Масло сливочное 72,5% Из Груши",База,179,179,0,1,179
220608-083-8309,2022-06-08,отменен,19:08:00,,"Московская область, Одинцовский городской округ, СНТ Полянка, 14",Помидоры черри Ароматто Эко-культура сливовидные красные на ветке,Овощи,219,219,0,2,438
220608-083-8309,2022-06-08,отменен,19:08:00,,"Московская область, Одинцовский городской округ, СНТ Полянка, 14",Мармелад жевательный Haribo Goldbaren,Сладости,149,149,0,1,149
220608-083-8309,2022-06-08,отменен,19:08:00,,"Московская область, Одинцовский городской округ, СНТ Полянка, 14",Горошек зелёный Bonduelle замороженный,Овощи,119,119,0,1,119
220608-083-8309,2022-06-08,отменен,19:08:00,,"Московская область, Одинцовский городской округ, СНТ Полянка, 14",Салат Крабовый Азбука вкуса,Готовая еда,159,159,0,1,159
220608-083-8309,2022-06-08,отменен,19:08:00,,"Московская область, Одинцовский городской округ, СНТ Полянка, 14",Салат Айсберг,Овощи,119,119,0,2,238
220608-083-8309,2022-06-08,отменен,19:08:00,,"Московская область, Одинцовский городской округ, СНТ Полянка, 14",Доставка,Услуги Груши,49,49,0,1,49
220612-151-0652,2022-06-12,доставлен,09:46:00,10:09:00,"Московская область, Одинцовский городской округ, СНТ Полянка, 14","Молоко 2,5% Асеньевская ферма пастеризованное",База,99,99,0,1,99
220612-151-0652,2022-06-12,доставлен,09:46:00,10:09:00,"Московская область, Одинцовский городской округ, СНТ Полянка, 14",Вода Калинов родник негазированная,Вода,209,209,0,2,418
220612-151-0652,2022-06-12,доставлен,09:46:00,10:09:00,"Московская область, Одинцовский городской округ, СНТ Полянка, 14",Торт Медовик Из Груши,Сладости,639,639,0,1,639
220612-151-0652,2022-06-12,доставлен,09:46:00,10:09:00,"Московская область, Одинцовский городской округ, СНТ Полянка, 14",Батончик Snickers лесной орех,Сладости,79,79,0,2,158
220612-151-0652,2022-06-12,доставлен,09:46:00,10:09:00,"Московская область, Одинцовский городской округ, СНТ Полянка, 14","Молоко 3,2% Из Груши",База,99,99,0,1,99
220612-151-0652,2022-06-12,доставлен,09:46:00,10:09:00,"Московская область, Одинцовский городской округ, СНТ Полянка, 14",Руккола Из Груши,Овощи,139,139,0,1,139
220612-151-0652,2022-06-12,доставлен,09:46:00,10:09:00,"Московская область, Одинцовский городской округ, СНТ Полянка, 14",Доставка,Услуги Груши,0,0,0,1,0
220617-747-2911,2022-06-17,доставлен,10:43:00,10:51:00,"Московская область, Одинцовский городской округ, СНТ Полянка, 14","Кефир 3,2% Асеньевская ферма",База,119,79,40,1,79
220617-747-2911,2022-06-17,доставлен,10:43:00,10:51:00,"Московская область, Одинцовский городской округ, СНТ Полянка, 14",Вода Шишкин лес негазированная,Вода,49,49,0,1,49
220617-747-2911,2022-06-17,доставлен,10:43:00,10:51:00,"Московская область, Одинцовский городской округ, СНТ Полянка, 14",Яйцо куриное СО Из Груши,База,129,129,0,1,129
220617-747-2911,2022-06-17,доставлен,10:43:00,10:51:00,"Московская область, Одинцовский городской округ, СНТ Полянка, 14","Масло сливочное 82,5% Вологодское Из Вологды",База,279,199,80,2,398
220617-747-2911,2022-06-17,доставлен,10:43:00,10:51:00,"Московская область, Одинцовский городской округ, СНТ Полянка, 14",Салат Цезарь с курицей Азбука Вкуса,Готовая еда,329,329,0,1,329
220617-747-2911,2022-06-17,доставлен,10:43:00,10:51:00,"Московская область, Одинцовский городской округ, СНТ Полянка, 14",Доставка,Услуги Груши,119,119,0,1,119
220617-747-2911,2022-06-17,доставлен,10:43:00,10:51:00,"Московская область, Одинцовский городской округ, СНТ Полянка, 14",Упаковка,Услуги Груши,12,12,0,1,12
220620-699-2834,2022-06-20,доставлен,19:11:00,19:36:00,"Московская область, Одинцовский городской округ, СНТ Полянка, 14","Масло сливочное 72,5% Из Груши",База,179,179,0,2,358
220620-699-2834,2022-06-20,доставлен,19:11:00,19:36:00,"Московская область, Одинцовский городской округ, СНТ Полянка, 14",Суп-пюре сырный с креветками Азбука вкуса,Готовая еда,299,299,0,1,299
220620-699-2834,2022-06-20,доставлен,19:11:00,19:36:00,"Московская область, Одинцовский городской округ, СНТ Полянка, 14",Таблетки для посудомоечных машин Synergetic,Товары для дома,569,569,0,1,569
220620-699-2834,2022-06-20,доставлен,19:11:00,19:36:00,"Московская область, Одинцовский городской округ, СНТ Полянка, 14",Черешня,Фрукты,119,119,0,1,119
220620-699-2834,2022-06-20,доставлен,19:11:00,19:36:00,"Московская область, Одинцовский городской округ, СНТ Полянка, 14",Чипсы Lay's Из Печи Сметана и ароматные травы,Снеки,99,89,10,1,89
220620-699-2834,2022-06-20,доставлен,19:11:00,19:36:00,"Московская область, Одинцовский городской округ, СНТ Полянка, 14",Голубика Артфрут,Фрукты,509,509,0,1,509
220620-699-2834,2022-06-20,доставлен,19:11:00,19:36:00,"Московская область, Одинцовский городской округ, СНТ Полянка, 14",Доставка,Услуги Груши,119,119,0,1,119
220620-699-2834,2022-06-20,доставлен,19:11:00,19:36:00,"Московская область, Одинцовский городской округ, СНТ Полянка, 14",Упаковка,Услуги Груши,12,12,0,1,12
220621-622-0693,2022-06-21,доставлен,11:38:00,12:07:00,"Московская область, Одинцовский городской округ, СНТ Полянка, 14","Молоко 2,5% Асеньевская ферма пастеризованное",База,99,99,0,1,99
220621-622-0693,2022-06-21,доставлен,11:38:00,12:07:00,"Московская область, Одинцовский городской округ, СНТ Полянка, 14",Кабачки,Овощи,129,129,0,1,129
220621-622-0693,2022-06-21,доставлен,11:38:00,12:07:00,"Московская область, Одинцовский городской округ, СНТ Полянка, 14",Рулетик с корицей и изюмом Братья Караваевы,Сладости,339,339,0,1,339
220621-622-0693,2022-06-21,доставлен,11:38:00,12:07:00,"Московская область, Одинцовский городской округ, СНТ Полянка, 14",Доставка,Услуги Груши,119,119,0,1,119
220622-688-2093,2022-06-22,доставлен,09:09:00,09:19:00,"Московская область, Одинцовский городской округ, СНТ Полянка, 14",Яблоки Гренни Смит,Фрукты,129,129,0,2,258
220622-688-2093,2022-06-22,доставлен,09:09:00,09:19:00,"Московская область, Одинцовский городской округ, СНТ Полянка, 14",Фольга пищевая Из Груши,Товары для дома,129,129,0,1,129
220622-688-2093,2022-06-22,доставлен,09:09:00,09:19:00,"Московская область, Одинцовский городской округ, СНТ Полянка, 14",Зиртек таблетки 10 мг 30 шт,Аптека,389,299,90,1,299
220622-688-2093,2022-06-22,доставлен,09:09:00,09:19:00,"Московская область, Одинцовский городской округ, СНТ Полянка, 14",Банан,Фрукты,19,19,0,1,19
220622-688-2093,2022-06-22,доставлен,09:09:00,09:19:00,"Московская область, Одинцовский городской округ, СНТ Полянка, 14",Свечка с ароматом камина в подарок Из Груши,Товары для дома,29,19,10,1,19
220622-688-2093,2022-06-22,доставлен,09:09:00,09:19:00,"Московская область, Одинцовский городской округ, СНТ Полянка, 14",Взбитые сливки 17% Альпенгурт Классик,Сладости,269,269,0,1,269
220622-688-2093,2022-06-22,доставлен,09:09:00,09:19:00,"Московская область, Одинцовский городской округ, СНТ Полянка, 14",Плов с бараниной Азбука Вкуса,Готовая еда,349,349,0,2,698
220622-688-2093,2022-06-22,доставлен,09:09:00,09:19:00,"Московская область, Одинцовский городской округ, СНТ Полянка, 14",Мандарины мини,Фрукты,149,149,0,1,149
220622-688-2093,2022-06-22,доставлен,09:09:00,09:19:00,"Московская область, Одинцовский городской округ, СНТ Полянка, 14",Батончик шоколадный Bounty Trio,Сладости,69,69,0,1,69
220622-688-2093,2022-06-22,доставлен,09:09:00,09:19:00,"Московская область, Одинцовский городской округ, СНТ Полянка, 14",Доставка,Услуги Груши,0,0,0,1,0
220622-688-2093,2022-06-22,доставлен,09:09:00,09:19:00,"Московская область, Одинцовский городской округ, СНТ Полянка, 14",Упаковка,Услуги Груши,12,12,0,1,12
220622-973-0286,2022-06-22,доставлен,10:14:00,10:22:00,"Московская область, Одинцовский городской округ, СНТ Полянка, 14",Голубика Артфрут,Фрукты,509,509,0,1,509
220622-973-0286,2022-06-22,доставлен,10:14:00,10:22:00,"Московская область, Одинцовский городской округ, СНТ Полянка, 14",Помидоры сливовидные Эко-культура красные на ветке,Овощи,359,359,0,1,359
220622-973-0286,2022-06-22,доставлен,10:14:00,10:22:00,"Московская область, Одинцовский городской округ, СНТ Полянка, 14",Булочка с маком Братья Караваевы,Сладости,89,89,0,1,89
220622-973-0286,2022-06-22,доставлен,10:14:00,10:22:00,"Московская область, Одинцовский городской округ, СНТ Полянка, 14",Доставка,Услуги Груши,0,0,0,1,0
220627-181-4251,2022-06-27,доставлен,17:20:00,17:28:00,"Московская область, Одинцовский городской округ, СНТ Полянка, 14",Вода Шишкин лес негазированная,Вода,49,49,0,1,49
220627-181-4251,2022-06-27,доставлен,17:20:00,17:28:00,"Московская область, Одинцовский городской округ, СНТ Полянка, 14",Черешня,Фрукты,119,119,0,1,119
220627-181-4251,2022-06-27,доставлен,17:20:00,17:28:00,"Московская область, Одинцовский городской округ, СНТ Полянка, 14",Апельсины,Фрукты,129,129,0,1,129
220627-181-4251,2022-06-27,доставлен,17:20:00,17:28:00,"Московская область, Одинцовский городской округ, СНТ Полянка, 14",Доставка,Услуги Груши,149,149,0,1,149
220629-351-6823,2022-06-29,доставлен,09:37:00,10:02:00,"Московская область, Одинцовский городской округ, СНТ Полянка, 14","Масло сливочное 82,5% Вологодское Из Вологды",База,279,279,0,1,279
220629-351-6823,2022-06-29,доставлен,09:37:00,10:02:00,"Московская область, Одинцовский городской округ, СНТ Полянка, 14",Боул с цыплёнком тандури Soul in the Bowl,Готовая еда,259,259,0,1,259
220629-351-6823,2022-06-29,доставлен,09:37:00,10:02:00,"Московская область, Одинцовский городской округ, СНТ Полянка, 14",Салат Крабовый Азбука вкуса,Готовая еда,159,119,40,1,119
220629-351-6823,2022-06-29,доставлен,09:37:00,10:02:00,"Московская область, Одинцовский городской округ, СНТ Полянка, 14",Доставка,Услуги Груши,79,79,0,1,79
220630-854-8685,2022-06-30,доставлен,19:22:00,19:40:00,"Московская область, Одинцовский городской округ, СНТ Полянка, 14",Яйцо куриное СО Из Груши,База,129,129,0,2,258
220630-854-8685,2022-06-30,доставлен,19:22:00,19:40:00,"Московская область, Одинцовский городской округ, СНТ Полянка, 14","Молоко 2,5% Асеньевская ферма пастеризованное",База,99,99,0,1,99
220630-854-8685,2022-06-30,доставлен,19:22:00,19:40:00,"Московская область, Одинцовский городской округ, СНТ Полянка, 14","Масло сливочное 72,5% Из Груши",База,179,179,0,1,179
220630-854-8685,2022-06-30,доставлен,19:22:00,19:40:00,"Московская область, Одинцовский городской округ, СНТ Полянка, 14",Арбуз,Фрукты,279,279,0,1,279
220630-854-8685,2022-06-30,доставлен,19:22:00,19:40:00,"Московская область, Одинцовский городской округ, СНТ Полянка, 14",Торт Медовый Братья Караваевы 2 шт,Сладости,279,279,0,3,837
220630-854-8685,2022-06-30,доставлен,19:22:00,19:40:00,"Московская область, Одинцовский городской округ, СНТ Полянка, 14",Черри Конфетто Россия,Овощи,239,239,0,2,478
220630-854-8685,2022-06-30,доставлен,19:22:00,19:40:00,"Московская область, Одинцовский городской округ, СНТ Полянка, 14",Доставка,Услуги Груши,49,49,0,1,49
220702-593-1687,2022-07-02,доставлен,09:09:00,09:37:00,"Московская область, Одинцовский городской округ, СНТ Полянка, 14","Кефир 3,2% Асеньевская ферма",База,119,119,0,1,119
220702-593-1687,2022-07-02,доставлен,09:09:00,09:37:00,"Московская область, Одинцовский городской округ, СНТ Полянка, 14",Творог зернёный 5% Савушкин,База,69,69,0,2,138
220702-593-1687,2022-07-02,доставлен,09:09:00,09:37:00,"Московская область, Одинцовский городской округ, СНТ Полянка, 14",Клубника свежая Артфрут,Фрукты,1390,1390,0,1,1390
220702-593-1687,2022-07-02,доставлен,09:09:00,09:37:00,"Московская область, Одинцовский городской округ, СНТ Полянка, 14",Абрикосы,Фрукты,179,179,0,1,179
220702-593-1687,2022-07-02,доставлен,09:09:00,09:37:00,"Московская область, Одинцовский городской округ, СНТ Полянка, 14",Помидоры розовые Эко-культура круглые,Овощи,199,199,0,1,199
220702-593-1687,2022-07-02,доставлен,09:09:00,09:37:00,"Московская область, Одинцовский городской округ, СНТ Полянка, 14",Поке с креветкой том ям Soul in the Bowl,Готовая еда,469,469,0,1,469
220702-593-1687,2022-07-02,доставлен,09:09:00,09:37:00,"Московская область, Одинцовский городской округ, СНТ Полянка, 14",Вода минеральная Donat Mg газированная,Вода,379,379,0,1,379
220702-593-1687,2022-07-02,доставлен,09:09:00,09:37:00,"Московская область, Одинцовский городской округ, СНТ Полянка, 14",Доставка,Услуги Груши,119,119,0,1,119
220702-593-1687,2022-07-02,доставлен,09:09:00,09:37:00,"Московская область, Одинцовский городской округ, СНТ Полянка, 14",Упаковка,Услуги Груши,12,12,0,1,12
220703-055-7138,2022-07-03,доставлен,08:16:00,08:39:00,"Московская область, Одинцовский городской округ, СНТ Полянка, 14",Зефир ванильный Шармэль,Сладости,189,189,0,1,189
220703-055-7138,2022-07-03,доставлен,08:16:00,08:39:00,"Московская область, Одинцовский городской округ, СНТ Полянка, 14",Яблоки Голден,Фрукты,179,179,0,2,358
220703-055-7138,2022-07-03,доставлен,08:16:00,08:39:00,"Московская область, Одинцовский городской округ, СНТ Полянка, 14",Батарейка GP Super Alkaline АA,Товары для дома,279,279,0,1,279
220703-055-7138,2022-07-03,доставлен,08:16:00,08:39:00,"Московская область, Одинцовский городской округ, СНТ Полянка, 14",Булочка с маком Братья Караваевы,Сладости,89,89,0,1,89
220703-055-7138,2022-07-03,доставлен,08:16:00,08:39:00,"Московская область, Одинцовский городской округ, СНТ Полянка, 14",Сосиска в тесте Cook Chart Bakery,Готовая еда,99,99,0,1,99
220703-055-7138,2022-07-03,доставлен,08:16:00,08:39:00,"Московская область, Одинцовский городской округ, СНТ Полянка, 14",Доставка,Услуги Груши,0,0,0,1,0
220706-242-9241,2022-07-06,доставлен,21:40:00,22:05:00,"Московская область, Одинцовский городской округ, СНТ Полянка, 14","Молоко 2,5% Из Груши пастеризованное",База,79,79,0,1,79
220706-242-9241,2022-07-06,доставлен,21:40:00,22:05:00,"Московская область, Одинцовский городской округ, СНТ Полянка, 14",Голубика,Фрукты,199,199,0,1,199
220706-242-9241,2022-07-06,доставлен,21:40:00,22:05:00,"Московская область, Одинцовский городской округ, СНТ Полянка, 14",Попкорн для СВЧ Из Груши с сыром,Снеки,59,59,0,1,59
220706-242-9241,2022-07-06,доставлен,21:40:00,22:05:00,"Московская область, Одинцовский городской округ, СНТ Полянка, 14",Мука пшеничная Makfa,База,139,139,0,1,139
220706-242-9241,2022-07-06,доставлен,21:40:00,22:05:00,"Московская область, Одинцовский городской округ, СНТ Полянка, 14",Помидоры черри Эко-культура круглые жёлтые на ветке,Овощи,219,219,0,1,219
220706-242-9241,2022-07-06,доставлен,21:40:00,22:05:00,"Московская область, Одинцовский городской округ, СНТ Полянка, 14",Печенье Original Oreo,Сладости,159,159,0,3,477
220706-242-9241,2022-07-06,доставлен,21:40:00,22:05:00,"Московская область, Одинцовский городской округ, СНТ Полянка, 14",Чипсы Lay's Из Печи Лисички в сметане,Снеки,109,109,0,1,109
220706-242-9241,2022-07-06,доставлен,21:40:00,22:05:00,"Московская область, Одинцовский городской округ, СНТ Полянка, 14",Доставка,Услуги Груши,0,0,0,1,0
220709-966-2948,2022-07-09,доставлен,07:02:00,07:28:00,"Московская область, Одинцовский городской округ, СНТ Полянка, 14",Вода Шишкин лес негазированная,Вода,49,49,0,2,98
220709-966-2948,2022-07-09,доставлен,07:02:00,07:28:00,"Московская область, Одинцовский городской округ, СНТ Полянка, 14","Молоко 2,5% Асеньевская ферма пастеризованное",База,99,99,0,1,99
220709-966-2948,2022-07-09,доставлен,07:02:00,07:28:00,"Московская область, Одинцовский городской округ, СНТ Полянка, 14",Доставка,Услуги Груши,0,0,0,1,0
220717-163-4055,2022-07-17,доставлен,10:34:00,10:42:00,"Московская область, Одинцовский городской округ, СНТ Полянка, 14","Кефир 3,2% Асеньевская ферма",База,119,119,0,2,238
220717-163-4055,2022-07-17,доставлен,10:34:00,10:42:00,"Московская область, Одинцовский городской округ, СНТ Полянка, 14",Яйцо куриное СО Из Груши,База,129,129,0,1,129
220717-163-4055,2022-07-17,доставлен,10:34:00,10:42:00,"Московская область, Одинцовский городской округ, СНТ Полянка, 14","Масло сливочное 82,5% Вологодское Из Вологды",База,279,279,0,1,279
220717-163-4055,2022-07-17,доставлен,10:34:00,10:42:00,"Московская область, Одинцовский городской округ, СНТ Полянка, 14","Масло сливочное 72,5% Из Груши",База,179,129,50,2,258
220717-163-4055,2022-07-17,доставлен,10:34:00,10:42:00,"Московская область, Одинцовский городской округ, СНТ Полянка, 14","Йогурт натуральный 3,5% Из Груши",База,79,79,0,1,79
220717-163-4055,2022-07-17,доставлен,10:34:00,10:42:00,"Московская область, Одинцовский городской округ, СНТ Полянка, 14",Клубника Из Груши,Фрукты,289,259,30,1,259
220717-163-4055,2022-07-17,доставлен,10:34:00,10:42:00,"Московская область, Одинцовский городской округ, СНТ Полянка, 14",Огурцы колючие ТСХ,Овощи,199,149,50,2,298
220717-163-4055,2022-07-17,доставлен,10:34:00,10:42:00,"Московская область, Одинцовский городской округ, СНТ Полянка, 14",Доставка,Услуги Груши,99,99,0,1,99
220724-939-6595,2022-07-24,доставлен,09:02:00,09:28:00,"Московская область, Одинцовский городской округ, СНТ Полянка, 14",Вода Шишкин лес негазированная,Вода,49,49,0,1,49
220724-939-6595,2022-07-24,доставлен,09:02:00,09:28:00,"Московская область, Одинцовский городской округ, СНТ Полянка, 14","Молоко 2,5% Асеньевская ферма пастеризованное",База,99,99,0,1,99
220724-939-6595,2022-07-24,доставлен,09:02:00,09:28:00,"Московская область, Одинцовский городской округ, СНТ Полянка, 14",Чистящее средство Synergetic для окон и зеркал,Товары для дома,279,239,40,1,239
220724-939-6595,2022-07-24,доставлен,09:02:00,09:28:00,"Московская область, Одинцовский городской округ, СНТ Полянка, 14",Доставка,Услуги Груши,49,49,0,1,49
220724-427-5605,2022-07-24,доставлен,22:20:00,22:27:00,"Московская область, Одинцовский городской округ, СНТ Полянка, 14",Сыр Халлуми Из Груши,База,179,179,0,1,179
220724-427-5605,2022-07-24,доставлен,22:20:00,22:27:00,"Московская область, Одинцовский городской округ, СНТ Полянка, 14",Омлет запечённый с муссом из филе лосося,Готовая еда,199,199,0,1,199
220724-427-5605,2022-07-24,доставлен,22:20:00,22:27:00,"Московская область, Одинцовский городской округ, СНТ Полянка, 14",Суп-пюре сырный с креветками Азбука вкуса,Готовая еда,299,299,0,1,299
220724-427-5605,2022-07-24,доставлен,22:20:00,22:27:00,"Московская область, Одинцовский городской округ, СНТ Полянка, 14",Пакеты для мусора Master Fresh 30 л чёрные,Товары для дома,79,79,0,1,79
220724-427-5605,2022-07-24,доставлен,22:20:00,22:27:00,"Московская область, Одинцовский городской округ, СНТ Полянка, 14",Печенье овсяное Овсянки Бейкери с клюквой,Сладости,209,209,0,1,209
220724-427-5605,2022-07-24,доставлен,22:20:00,22:27:00,"Московская область, Одинцовский городской округ, СНТ Полянка, 14",Доставка,Услуги Груши,79,79,0,1,79
220726-762-3752,2022-07-26,доставлен,09:18:00,09:42:00,"Московская область, Одинцовский городской округ, СНТ Полянка, 14",Лук репчатый,Овощи,49,39,10,1,39
220726-762-3752,2022-07-26,доставлен,09:18:00,09:42:00,"Московская область, Одинцовский городской округ, СНТ Полянка, 14",Суп том-ям с креветками Азбука Вкуса,Готовая еда,389,389,0,1,389
220726-762-3752,2022-07-26,доставлен,09:18:00,09:42:00,"Московская область, Одинцовский городской округ, СНТ Полянка, 14",Морковь мытая,Овощи,69,69,0,1,69
220726-762-3752,2022-07-26,доставлен,09:18:00,09:42:00,"Московская область, Одинцовский городской округ, СНТ Полянка, 14",Яйцо куриное СО Из Груши,База,129,129,0,1,129
220726-762-3752,2022-07-26,доставлен,09:18:00,09:42:00,"Московская область, Одинцовский городской округ, СНТ Полянка, 14",Банан,Фрукты,19,19,0,1,19
220726-762-3752,2022-07-26,доставлен,09:18:00,09:42:00,"Московская область, Одинцовский городской округ, СНТ Полянка, 14",Черешня Розовый жемчуг,Фрукты,859,859,0,1,859
220726-762-3752,2022-07-26,доставлен,09:18:00,09:42:00,"Московская область, Одинцовский городской округ, СНТ Полянка, 14","Напиток функциональный Actimuno клубника 1,5%",Напитки,49,49,0,1,49
220726-762-3752,2022-07-26,доставлен,09:18:00,09:42:00,"Московская область, Одинцовский городской округ, СНТ Полянка, 14",Доставка,Услуги Груши,0,0,0,1,0
220728-026-3412,2022-07-28,доставлен,19:10:00,19:40:00,"Московская область, Одинцовский городской округ, СНТ Полянка, 14","Масло сливочное 82,5% Вологодское Из Вологды",База,279,279,0,1,279
220728-026-3412,2022-07-28,доставлен,19:10:00,19:40:00,"Московская область, Одинцовский городской округ, СНТ Полянка, 14","Масло сливочное 72,5% Из Груши",База,179,179,0,1,179
220728-026-3412,2022-07-28,доставлен,19:10:00,19:40:00,"Московская область, Одинцовский городской округ, СНТ Полянка, 14",Голубика,Фрукты,199,199,0,1,199
220728-026-3412,2022-07-28,доставлен,19:10:00,19:40:00,"Московская область, Одинцовский городской округ, СНТ Полянка, 14",Вода минеральная Evian негазированная,Вода,269,269,0,1,269
220728-026-3412,2022-07-28,доставлен,19:10:00,19:40:00,"Московская область, Одинцовский городской округ, СНТ Полянка, 14",Шницель из курицы со спагетти и кетчупом Из Груши,Готовая еда,259,259,0,1,259
220728-026-3412,2022-07-28,доставлен,19:10:00,19:40:00,"Московская область, Одинцовский городской округ, СНТ Полянка, 14",Котлеты куриные с картофельным пюре Азбука Вкуса,Готовая еда,319,319,0,1,319
220728-026-3412,2022-07-28,доставлен,19:10:00,19:40:00,"Московская область, Одинцовский городской округ, СНТ Полянка, 14",Пирог с сыром и шпинатом Рамонти Пайз,Готовая еда,179,179,0,1,179
220728-026-3412,2022-07-28,доставлен,19:10:00,19:40:00,"Московская область, Одинцовский городской округ, СНТ Полянка, 14",Доставка,Услуги Груши,0,0,0,1,0
220805-485-4627,2022-08-05,доставлен,19:00:00,19:14:00,"Московская область, Одинцовский городской округ, СНТ Полянка, 14","Кефир 3,2% Асеньевская ферма",База,119,119,0,2,238
220805-485-4627,2022-08-05,доставлен,19:00:00,19:14:00,"Московская область, Одинцовский городской округ, СНТ Полянка, 14",Вода Шишкин лес негазированная,Вода,49,49,0,1,49
220805-485-4627,2022-08-05,доставлен,19:00:00,19:14:00,"Московская область, Одинцовский городской округ, СНТ Полянка, 14",Яйцо куриное СО Из Груши,База,129,129,0,1,129
220805-485-4627,2022-08-05,доставлен,19:00:00,19:14:00,"Московская область, Одинцовский городской округ, СНТ Полянка, 14","Молоко 2,5% Асеньевская ферма пастеризованное",База,99,79,20,1,79
220805-485-4627,2022-08-05,доставлен,19:00:00,19:14:00,"Московская область, Одинцовский городской округ, СНТ Полянка, 14",Доставка,Услуги Груши,0,0,0,1,0
220809-438-4396,2022-08-09,доставлен,20:09:00,20:28:00,"Московская область, Одинцовский городской округ, СНТ Полянка, 14","Масло сливочное 82,5% Вологодское Из Вологды",База,279,279,0,1,279
220809-438-4396,2022-08-09,доставлен,20:09:00,20:28:00,"Московская область, Одинцовский городской округ, СНТ Полянка, 14","Масло сливочное 72,5% Из Груши",База,179,179,0,1,179
220809-438-4396,2022-08-09,доставлен,20:09:00,20:28:00,"Московская область, Одинцовский городской округ, СНТ Полянка, 14",Сэндвич Гриль чиз Mates,Готовая еда,299,299,0,1,299
220809-438-4396,2022-08-09,доставлен,20:09:00,20:28:00,"Московская область, Одинцовский городской округ, СНТ Полянка, 14",Чипсы Pringles сметана-лук,Снеки,299,299,0,1,299
220809-438-4396,2022-08-09,доставлен,20:09:00,20:28:00,"Московская область, Одинцовский городской округ, СНТ Полянка, 14",Печенье овсяное Из Груши,Сладости,99,99,0,1,99
220809-438-4396,2022-08-09,доставлен,20:09:00,20:28:00,"Московская область, Одинцовский городской округ, СНТ Полянка, 14",Ряженка 4% Из Груши,База,99,99,0,2,198
220809-438-4396,2022-08-09,доставлен,20:09:00,20:28:00,"Московская область, Одинцовский городской округ, СНТ Полянка, 14",Лапша рисовая с креветками и овощами Азбука life,Готовая еда,519,519,0,1,519
220809-438-4396,2022-08-09,доставлен,20:09:00,20:28:00,"Московская область, Одинцовский городской округ, СНТ Полянка, 14",Доставка,Услуги Груши,79,79,0,1,79
220809-438-4396,2022-08-09,доставлен,20:09:00,20:28:00,"Московская область, Одинцовский городской округ, СНТ Полянка, 14",Упаковка,Услуги Груши,12,12,0,1,12
220815-248-9383,2022-08-15,доставлен,08:42:00,08:50:00,"Московская область, Одинцовский городской округ, СНТ Полянка, 14",Вода Bonaqua негазированная,Вода,69,69,0,4,276
220815-248-9383,2022-08-15,доставлен,08:42:00,08:50:00,"Московская область, Одинцовский городской округ, СНТ Полянка, 14",Груша Конференция,Фрукты,189,169,20,1,169
220815-248-9383,2022-08-15,доставлен,08:42:00,08:50:00,"Московская область, Одинцовский городской округ, СНТ Полянка, 14",Чипсы Из Груши с томатом и паприкой,Снеки,79,79,0,1,79
220815-248-9383,2022-08-15,доставлен,08:42:00,08:50:00,"Московская область, Одинцовский городской округ, СНТ Полянка, 14",Мандарины Абхазия,Фрукты,299,299,0,1,299
220815-248-9383,2022-08-15,доставлен,08:42:00,08:50:00,"Московская область, Одинцовский городской округ, СНТ Полянка, 14",Блинчики с творогом Азбука Вкуса,Готовая еда,169,169,0,2,338
220815-248-9383,2022-08-15,доставлен,08:42:00,08:50:00,"Московская область, Одинцовский городской округ, СНТ Полянка, 14",Доставка,Услуги Груши,149,149,0,1,149
220815-674-6205,2022-08-15,доставлен,22:43:00,23:14:00,"Московская область, Одинцовский городской округ, СНТ Полянка, 14",Вода Шишкин лес негазированная,Вода,49,49,0,3,147
220815-674-6205,2022-08-15,доставлен,22:43:00,23:14:00,"Московская область, Одинцовский городской округ, СНТ Полянка, 14","Молоко 2,5% Асеньевская ферма пастеризованное",База,99,99,0,1,99
220815-674-6205,2022-08-15,доставлен,22:43:00,23:14:00,"Московская область, Одинцовский городской округ, СНТ Полянка, 14",Шоколад молочный Ritter Sport Extra Nut с цельным лесным орехом,Сладости,159,159,0,1,159
220815-674-6205,2022-08-15,доставлен,22:43:00,23:14:00,"Московская область, Одинцовский городской округ, СНТ Полянка, 14",Батончик Snickers лесной орех,Сладости,79,59,20,1,59
220815-674-6205,2022-08-15,доставлен,22:43:00,23:14:00,"Московская область, Одинцовский городской округ, СНТ Полянка, 14",Морковь мытая,Овощи,69,69,0,2,138
220815-674-6205,2022-08-15,доставлен,22:43:00,23:14:00,"Московская область, Одинцовский городской округ, СНТ Полянка, 14",Вода минеральная лечебно-столовая Borjomi газированная,Вода,149,149,0,1,149
220815-674-6205,2022-08-15,доставлен,22:43:00,23:14:00,"Московская область, Одинцовский городской округ, СНТ Полянка, 14",Арбуз,Фрукты,279,279,0,2,558
220815-674-6205,2022-08-15,доставлен,22:43:00,23:14:00,"Московская область, Одинцовский городской округ, СНТ Полянка, 14",Творог 5% Из Груши,База,129,129,0,2,258
220815-674-6205,2022-08-15,доставлен,22:43:00,23:14:00,"Московская область, Одинцовский городской округ, СНТ Полянка, 14",Йогурт греческий Teos Савушкин натуральный 2%,База,59,59,0,1,59
220815-674-6205,2022-08-15,доставлен,22:43:00,23:14:00,"Московская область, Одинцовский городской округ, СНТ Полянка, 14",Фунчоза с овощами по-корейски Азбука Вкуса,Готовая еда,129,129,0,1,129
220815-674-6205,2022-08-15,доставлен,22:43:00,23:14:00,"Московская область, Одинцовский городской округ, СНТ Полянка, 14",Доставка,Услуги Груши,49,49,0,1,49
220815-674-6205,2022-08-15,доставлен,22:43:00,23:14:00,"Московская область, Одинцовский городской округ, СНТ Полянка, 14",Упаковка,Услуги Груши,12,12,0,1,12
220826-521-0361,2022-08-26,доставлен,09:48:00,10:01:00,"Московская область, Одинцовский городской округ, СНТ Полянка, 14","Кефир 3,2% Асеньевская ферма",База,119,119,0,1,119
220826-521-0361,2022-08-26,доставлен,09:48:00,10:01:00,"Московская область, Одинцовский городской округ, СНТ Полянка, 14",Вода Шишкин лес негазированная,Вода,49,49,0,1,49
220826-521-0361,2022-08-26,доставлен,09:48:00,10:01:00,"Московская область, Одинцовский городской округ, СНТ Полянка, 14",Яйцо куриное СО Из Груши,База,129,129,0,1,129
220826-521-0361,2022-08-26,доставлен,09:48:00,10:01:00,"Московская область, Одинцовский городской округ, СНТ Полянка, 14","Молоко 2,5% Асеньевская ферма пастеризованное",База,99,99,0,1,99
220826-521-0361,2022-08-26,доставлен,09:48:00,10:01:00,"Московская область, Одинцовский городской округ, СНТ Полянка, 14","Масло сливочное 82,5% Вологодское Из Вологды",База,279,279,0,1,279
220826-521-0361,2022-08-26,доставлен,09:48:00,10:01:00,"Московская область, Одинцовский городской округ, СНТ Полянка, 14",Доставка,Услуги Груши,79,79,0,1,79
220830-939-9882,2022-08-30,доставлен,10:43:00,10:57:00,"Московская область, Одинцовский городской округ, СНТ Полянка, 14","Масло сливочное 72,5% Из Груши",База,179,179,0,1,179
220830-939-9882,2022-08-30,доставлен,10:43:00,10:57:00,"Московская область, Одинцовский городской округ, СНТ Полянка, 14",Шоколад белый пористый Воздушный,Сладости,139,139,0,1,139
220830-939-9882,2022-08-30,доставлен,10:43:00,10:57:00,"Московская область, Одинцовский городской округ, СНТ Полянка, 14",Доставка,Услуги Груши,79,79,0,1,79
220906-422-3053,2022-09-06,доставлен,08:39:00,10:08:00,"Москва, Ленинский проспект, 78к1",Вода Шишкин лес негазированная,Вода,49,29,20,1,29
220906-422-3053,2022-09-06,доставлен,08:39:00,10:08:00,"Москва, Ленинский проспект, 78к1",Доставка,Услуги Груши,0,0,0,1,0
220907-549-3986,2022-09-07,доставлен,19:49:00,19:54:00,"Москва, Ленинский проспект, 78к1","Молоко 2,5% Асеньевская ферма пастеризованное",База,99,99,0,1,99
220907-549-3986,2022-09-07,доставлен,19:49:00,19:54:00,"Москва, Ленинский проспект, 78к1","Масло сливочное 82,5% Вологодское Из Вологды",База,279,279,0,1,279
220907-549-3986,2022-09-07,доставлен,19:49:00,19:54:00,"Москва, Ленинский проспект, 78к1",Паста Карбонара Азбука Вкуса,Готовая еда,439,439,0,1,439
220907-549-3986,2022-09-07,доставлен,19:49:00,19:54:00,"Москва, Ленинский проспект, 78к1",Семечки жареные отборные От Мартина,Снеки,119,119,0,1,119
220907-549-3986,2022-09-07,доставлен,19:49:00,19:54:00,"Москва, Ленинский проспект, 78к1",Доставка,Услуги Груши,99,99,0,1,99
220908-794-7751,2022-09-08,доставлен,11:56:00,12:06:00,"Москва, Ленинский проспект, 78к1",Яйцо куриное СО Из Груши,База,129,129,0,1,129
220908-794-7751,2022-09-08,доставлен,11:56:00,12:06:00,"Москва, Ленинский проспект, 78к1",Вода минеральная Нарзан газированная,Вода,159,159,0,1,159
220908-794-7751,2022-09-08,доставлен,11:56:00,12:06:00,"Москва, Ленинский проспект, 78к1",Помидоры черри на ветке,Овощи,289,289,0,1,289
220908-794-7751,2022-09-08,доставлен,11:56:00,12:06:00,"Москва, Ленинский проспект, 78к1",Омлет Классический со шпинатным соусом Из Груши,Готовая еда,179,179,0,1,179
220908-794-7751,2022-09-08,доставлен,11:56:00,12:06:00,"Москва, Ленинский проспект, 78к1",Баклажаны,Овощи,149,149,0,1,149
220908-794-7751,2022-09-08,доставлен,11:56:00,12:06:00,"Москва, Ленинский проспект, 78к1",Суп-пюре сырный с креветками Азбука вкуса,Готовая еда,299,299,0,1,299
220908-794-7751,2022-09-08,доставлен,11:56:00,12:06:00,"Москва, Ленинский проспект, 78к1",Доставка,Услуги Груши,0,0,0,1,0
220909-694-4344,2022-09-09,доставлен,09:09:00,09:31:00,"Москва, Ленинский проспект, 78к1","Кефир 3,2% Асеньевская ферма",База,119,119,0,2,238
220909-694-4344,2022-09-09,доставлен,09:09:00,09:31:00,"Москва, Ленинский проспект, 78к1","Масло сливочное 72,5% Из Груши",База,179,129,50,1,129
220909-694-4344,2022-09-09,доставлен,09:09:00,09:31:00,"Москва, Ленинский проспект, 78к1",Свечка с ароматом камина в подарок Из Груши,Товары для дома,29,29,0,1,29
220909-694-4344,2022-09-09,доставлен,09:09:00,09:31:00,"Москва, Ленинский проспект, 78к1",Вода минеральная Новотерская лечебно-столовая газированная,Вода,69,59,10,1,59
220909-694-4344,2022-09-09,доставлен,09:09:00,09:31:00,"Москва, Ленинский проспект, 78к1",Помидоры коктейльные сливовидные на ветке,Овощи,219,219,0,1,219
220909-694-4344,2022-09-09,доставлен,09:09:00,09:31:00,"Москва, Ленинский проспект, 78к1",Доставка,Услуги Груши,49,49,0,1,49
220910-845-4533,2022-09-10,доставлен,08:36:00,08:56:00,"Москва, Ленинский проспект, 78к1",Пельмени с фермерской индейкой Из Груши,Готовая еда,399,399,0,1,399
220910-845-4533,2022-09-10,доставлен,08:36:00,08:56:00,"Москва, Ленинский проспект, 78к1",Доставка,Услуги Груши,119,119,0,1,119
220916-634-3038,2022-09-16,доставлен,10:03:00,10:21:00,"Москва, Ленинский проспект, 78к1",Вода Шишкин лес негазированная,Вода,49,49,0,1,49
220916-634-3038,2022-09-16,доставлен,10:03:00,10:21:00,"Москва, Ленинский проспект, 78к1","Молоко 2,5% Асеньевская ферма пастеризованное",База,99,99,0,1,99
220916-634-3038,2022-09-16,доставлен,10:03:00,10:21:00,"Москва, Ленинский проспект, 78к1",Голубцы мясные тушеные в томатно-сливочном соусе Азбука Вкуса,Готовая еда,209,209,0,1,209
220916-634-3038,2022-09-16,доставлен,10:03:00,10:21:00,"Москва, Ленинский проспект, 78к1",Фольга пищевая Из Груши,Товары для дома,129,129,0,1,129
220916-634-3038,2022-09-16,доставлен,10:03:00,10:21:00,"Москва, Ленинский проспект, 78к1",Доставка,Услуги Груши,0,0,0,1,0
220920-966-4041,2022-09-20,доставлен,19:38:00,19:57:00,"Москва, Ленинский проспект, 78к1","Масло сливочное 82,5% Вологодское Из Вологды",База,279,279,0,1,279
220920-966-4041,2022-09-20,доставлен,19:38:00,19:57:00,"Москва, Ленинский проспект, 78к1","Масло сливочное 72,5% Из Груши",База,179,179,0,2,358
220920-966-4041,2022-09-20,доставлен,19:38:00,19:57:00,"Москва, Ленинский проспект, 78к1","Напиток функциональный Actimuno клубника 1,5%",Напитки,49,49,0,1,49
220920-966-4041,2022-09-20,доставлен,19:38:00,19:57:00,"Москва, Ленинский проспект, 78к1","Напиток овсяный Nemoloko 3,2% классический",Напитки,149,149,0,1,149
220920-966-4041,2022-09-20,доставлен,19:38:00,19:57:00,"Москва, Ленинский проспект, 78к1",Лимон,Фрукты,39,39,0,1,39
220920-966-4041,2022-09-20,доставлен,19:38:00,19:57:00,"Москва, Ленинский проспект, 78к1",Помидоры черри на ветке,Овощи,289,289,0,1,289
220920-966-4041,2022-09-20,доставлен,19:38:00,19:57:00,"Москва, Ленинский проспект, 78к1",Доставка,Услуги Груши,0,0,0,1,0
220921-174-6930,2022-09-21,доставлен,07:32:00,07:47:00,"Москва, Ленинский проспект, 78к1",Яйцо куриное СО Из Груши,База,129,129,0,1,129
220921-174-6930,2022-09-21,доставлен,07:32:00,07:47:00,"Москва, Ленинский проспект, 78к1",Сок апельсиновый Из Груши прямой отжим,Напитки,359,359,0,1,359
220921-174-6930,2022-09-21,доставлен,07:32:00,07:47:00,"Москва, Ленинский проспект, 78к1",Доставка,Услуги Груши,0,0,0,1,0
220921-233-5445,2022-09-21,доставлен,08:18:00,08:28:00,"Москва, Ленинский проспект, 78к1",Вода Bonaqua негазированная,Вода,69,69,0,1,69
220921-233-5445,2022-09-21,доставлен,08:18:00,08:28:00,"Москва, Ленинский проспект, 78к1",Апельсины,Фрукты,129,129,0,1,129
220921-233-5445,2022-09-21,доставлен,08:18:00,08:28:00,"Москва, Ленинский проспект, 78к1",Картофель Из Груши варёный,Готовая еда,69,69,0,1,69
220921-233-5445,2022-09-21,доставлен,08:18:00,08:28:00,"Москва, Ленинский проспект, 78к1",Доставка,Услуги Груши,0,0,0,1,0
220921-233-5445,2022-09-21,доставлен,08:18:00,08:28:00,"Москва, Ленинский проспект, 78к1",Упаковка,Услуги Груши,12,12,0,1,12
220922-958-6844,2022-09-22,доставлен,08:44:00,09:02:00,"Москва, Ленинский проспект, 78к1",Шоколад молочный Ritter Sport Extra Nut с цельным лесным орехом,Сладости,159,159,0,2,318
220922-958-6844,2022-09-22,доставлен,08:44:00,09:02:00,"Москва, Ленинский проспект, 78к1",Творог 5% Из Груши,База,129,129,0,1,129
220922-958-6844,2022-09-22,доставлен,08:44:00,09:02:00,"Москва, Ленинский проспект, 78к1",Пакеты для мусора 30 л Paclan,Товары для дома,159,159,0,1,159
220922-958-6844,2022-09-22,доставлен,08:44:00,09:02:00,"Москва, Ленинский проспект, 78к1","Кефир 3,2% Из Груши",База,89,89,0,2,178
220922-958-6844,2022-09-22,доставлен,08:44:00,09:02:00,"Москва, Ленинский проспект, 78к1",Доставка,Услуги Груши,49,49,0,1,49
220922-958-6844,2022-09-22,доставлен,08:44:00,09:02:00,"Москва, Ленинский проспект, 78к1",Упаковка,Услуги Груши,12,12,0,1,12
220926-112-2909,2022-09-26,доставлен,08:29:00,08:46:00,"Москва, Ленинский проспект, 78к1","Кефир 3,2% Асеньевская ферма",База,119,119,0,2,238
220926-112-2909,2022-09-26,доставлен,08:29:00,08:46:00,"Москва, Ленинский проспект, 78к1",Вода Шишкин лес негазированная,Вода,49,49,0,2,98
220926-112-2909,2022-09-26,доставлен,08:29:00,08:46:00,"Москва, Ленинский проспект, 78к1",Доставка,Услуги Груши,49,49,0,1,49
221002-032-8663,2022-10-02,доставлен,18:13:00,18:19:00,"Москва, Ленинский проспект, 78к1","Молоко 2,5% Асеньевская ферма пастеризованное",База,99,99,0,1,99
221002-032-8663,2022-10-02,доставлен,18:13:00,18:19:00,"Москва, Ленинский проспект, 78к1","Масло сливочное 82,5% Вологодское Из Вологды",База,279,279,0,1,279
221002-032-8663,2022-10-02,доставлен,18:13:00,18:19:00,"Москва, Ленинский проспект, 78к1","Масло сливочное 72,5% Из Груши",База,179,179,0,1,179
221002-032-8663,2022-10-02,доставлен,18:13:00,18:19:00,"Москва, Ленинский проспект, 78к1",Доставка,Услуги Груши,99,99,0,1,99
221002-032-8663,2022-10-02,доставлен,18:13:00,18:19:00,"Москва, Ленинский проспект, 78к1",Упаковка,Услуги Груши,12,12,0,1,12
221006-030-5254,2022-10-06,доставлен,09:48:00,10:16:00,"Москва, Ленинский проспект, 78к1",Вода Шишкин лес негазированная,Вода,49,49,0,1,49
221006-030-5254,2022-10-06,доставлен,09:48:00,10:16:00,"Москва, Ленинский проспект, 78к1",Яйцо куриное СО Из Груши,База,129,129,0,1,129
221006-030-5254,2022-10-06,доставлен,09:48:00,10:16:00,"Москва, Ленинский проспект, 78к1",Огурцы короткоплодные,Овощи,89,89,0,2,178
221006-030-5254,2022-10-06,доставлен,09:48:00,10:16:00,"Москва, Ленинский проспект, 78к1","Кефир 3,2% Из Груши",База,89,89,0,2,178
221006-030-5254,2022-10-06,доставлен,09:48:00,10:16:00,"Москва, Ленинский проспект, 78к1",Блинчики с ветчиной и сыром Азбука Вкуса,Готовая еда,279,279,0,1,279
221006-030-5254,2022-10-06,доставлен,09:48:00,10:16:00,"Москва, Ленинский проспект, 78к1",Доставка,Услуги Груши,79,79,0,1,79
221007-153-8771,2022-10-07,доставлен,07:24:00,07:34:00,"Москва, Ленинский проспект, 78к1",Чипсы Pringles паприка,Снеки,299,299,0,2,598
221007-153-8771,2022-10-07,доставлен,07:24:00,07:34:00,"Москва, Ленинский проспект, 78к1",Помидоры коктейльные сливовидные на ветке,Овощи,219,219,0,2,438
221007-153-8771,2022-10-07,доставлен,07:24:00,07:34:00,"Москва, Ленинский проспект, 78к1",Торт Медовик Из Груши,Сладости,639,639,0,1,639
221007-153-8771,2022-10-07,доставлен,07:24:00,07:34:00,"Москва, Ленинский проспект, 78к1",Чипсы Lay's Из печи Нежный сыр с зеленью,Снеки,109,109,0,1,109
221007-153-8771,2022-10-07,доставлен,07:24:00,07:34:00,"Москва, Ленинский проспект, 78к1",Доставка,Услуги Груши,0,0,0,1,0
221007-153-8771,2022-10-07,доставлен,07:24:00,07:34:00,"Москва, Ленинский проспект, 78к1",Упаковка,Услуги Груши,12,12,0,1,12
221010-088-0608,2022-10-10,доставлен,11:17:00,11:32:00,"Москва, Ленинский проспект, 78к1","Кефир 3,2% Асеньевская ферма",База,119,119,0,1,119
221010-088-0608,2022-10-10,доставлен,11:17:00,11:32:00,"Москва, Ленинский проспект, 78к1",Огурцы короткоплодные,Овощи,89,89,0,1,89
221010-088-0608,2022-10-10,доставлен,11:17:00,11:32:00,"Москва, Ленинский проспект, 78к1",Авокадо Хасс Ready to eat Артфрут,Овощи,759,759,0,1,759
221010-088-0608,2022-10-10,доставлен,11:17:00,11:32:00,"Москва, Ленинский проспект, 78к1",Сэндвич с карамелизированным луком и индейкой Mates,Готовая еда,369,369,0,1,369
221010-088-0608,2022-10-10,доставлен,11:17:00,11:32:00,"Москва, Ленинский проспект, 78к1",Доставка,Услуги Груши,99,99,0,1,99
221010-088-0608,2022-10-10,доставлен,11:17:00,11:32:00,"Москва, Ленинский проспект, 78к1",Упаковка,Услуги Груши,12,12,0,1,12
221012-655-0853,2022-10-12,доставлен,18:24:00,18:50:00,"Москва, Ленинский проспект, 78к1","Молоко 2,5% Асеньевская ферма пастеризованное",База,99,99,0,1,99
221012-655-0853,2022-10-12,доставлен,18:24:00,18:50:00,"Москва, Ленинский проспект, 78к1",Доставка,Услуги Груши,0,0,0,1,0
221012-655-0853,2022-10-12,доставлен,18:24:00,18:50:00,"Москва, Ленинский проспект, 78к1",Упаковка,Услуги Груши,12,12,0,1,12
221016-262-2356,2022-10-16,доставлен,07:48:00,07:56:00,"Москва, Ленинский проспект, 78к1",Вода Шишкин лес негазированная,Вода,49,49,0,1,49
221016-262-2356,2022-10-16,доставлен,07:48:00,07:56:00,"Москва, Ленинский проспект, 78к1","Масло сливочное 82,5% Вологодское Из Вологды",База,279,279,0,2,558
221016-262-2356,2022-10-16,доставлен,07:48:00,07:56:00,"Москва, Ленинский проспект, 78к1","Масло сливочное 72,5% Из Груши",База,179,179,0,1,179
221016-262-2356,2022-10-16,доставлен,07:48:00,07:56:00,"Москва, Ленинский проспект, 78к1",Горошек зелёный Bonduelle замороженный,Овощи,119,89,30,1,89
221016-262-2356,2022-10-16,доставлен,07:48:00,07:56:00,"Москва, Ленинский проспект, 78к1",Доставка,Услуги Груши,0,0,0,1,0
221016-262-2356,2022-10-16,доставлен,07:48:00,07:56:00,"Москва, Ленинский проспект, 78к1",Упаковка,Услуги Груши,12,12,0,1,12
221017-913-2792,2022-10-17,доставлен,09:31:00,09:48:00,"Москва, Ленинский проспект, 78к1","Яблоки Богатырь Агроном-сад отборные, 4 шт.",Фрукты,149,149,0,1,149
221017-913-2792,2022-10-17,доставлен,09:31:00,09:48:00,"Москва, Ленинский проспект, 78к1",Шпинат,Овощи,259,259,0,1,259
221017-913-2792,2022-10-17,доставлен,09:31:00,09:48:00,"Москва, Ленинский проспект, 78к1",Попкорн Holy Corn морская соль,Снеки,179,179,0,1,179
221017-913-2792,2022-10-17,доставлен,09:31:00,09:48:00,"Москва, Ленинский проспект, 78к1",Фокачча гриль-чиз с вялеными томатами и шпинатом Mates,Готовая еда,379,379,0,1,379
221017-913-2792,2022-10-17,доставлен,09:31:00,09:48:00,"Москва, Ленинский проспект, 78к1",Клубника Из Груши,Фрукты,289,289,0,1,289
221017-913-2792,2022-10-17,доставлен,09:31:00,09:48:00,"Москва, Ленинский проспект, 78к1",Помидоры розовые Эко-культура круглые,Овощи,199,199,0,1,199
221017-913-2792,2022-10-17,доставлен,09:31:00,09:48:00,"Москва, Ленинский проспект, 78к1",Доставка,Услуги Груши,0,0,0,1,0
221020-411-0613,2022-10-20,доставлен,20:15:00,20:22:00,"Москва, Ленинский проспект, 78к1",Яйцо куриное СО Из Груши,База,129,129,0,1,129
221020-411-0613,2022-10-20,доставлен,20:15:00,20:22:00,"Москва, Ленинский проспект, 78к1",Рис Басмати отварной Азбука Вкуса,Готовая еда,119,119,0,1,119
221020-411-0613,2022-10-20,доставлен,20:15:00,20:22:00,"Москва, Ленинский проспект, 78к1",Абрикосы,Фрукты,179,179,0,2,358
221020-411-0613,2022-10-20,доставлен,20:15:00,20:22:00,"Москва, Ленинский проспект, 78к1",Горошек зелёный Bonduelle замороженный,Овощи,119,119,0,1,119
221020-411-0613,2022-10-20,доставлен,20:15:00,20:22:00,"Москва, Ленинский проспект, 78к1",Доставка,Услуги Груши,0,0,0,1,0
221025-833-2963,2022-10-25,доставлен,08:28:00,08:41:00,"Москва, Ленинский проспект, 78к1","Кефир 3,2% Асеньевская ферма",База,119,89,30,1,89
221025-833-2963,2022-10-25,доставлен,08:28:00,08:41:00,"Москва, Ленинский проспект, 78к1",Доставка,Услуги Груши,0,0,0,1,0
221027-680-1252,2022-10-27,доставлен,09:45:00,09:59:00,"Москва, Ленинский проспект, 78к1",Вода Шишкин лес негазированная,Вода,49,49,0,1,49
221027-680-1252,2022-10-27,доставлен,09:45:00,09:59:00,"Москва, Ленинский проспект, 78к1","Молоко 2,5% Асеньевская ферма пастеризованное",База,99,99,0,1,99
221027-680-1252,2022-10-27,доставлен,09:45:00,09:59:00,"Москва, Ленинский проспект, 78к1","Масло сливочное 82,5% Вологодское Из Вологды",База,279,279,0,1,279
221027-680-1252,2022-10-27,доставлен,09:45:00,09:59:00,"Москва, Ленинский проспект, 78к1","Масло сливочное 72,5% Из Груши",База,179,179,0,1,179
221027-680-1252,2022-10-27,доставлен,09:45:00,09:59:00,"Москва, Ленинский проспект, 78к1",Батарейка GP Super Alkaline ААА,Товары для дома,279,279,0,1,279
221027-680-1252,2022-10-27,доставлен,09:45:00,09:59:00,"Москва, Ленинский проспект, 78к1",Доставка,Услуги Груши,49,49,0,1,49
221027-680-1252,2022-10-27,доставлен,09:45:00,09:59:00,"Москва, Ленинский проспект, 78к1",Упаковка,Услуги Груши,12,12,0,1,12
221027-225-1240,2022-10-27,доставлен,10:33:00,10:42:00,"Москва, Ленинский проспект, 78к1","Фруктовый микс манго, голубика",Фрукты,389,389,0,1,389
221027-225-1240,2022-10-27,доставлен,10:33:00,10:42:00,"Москва, Ленинский проспект, 78к1",Сырок глазированный Из Груши ванильный в бельгийском шоколаде,Сладости,89,89,0,1,89
221027-225-1240,2022-10-27,доставлен,10:33:00,10:42:00,"Москва, Ленинский проспект, 78к1",Доставка,Услуги Груши,0,0,0,1,0
221028-398-2799,2022-10-28,доставлен,17:50:00,18:04:00,"Москва, Ленинский проспект, 78к1",Сок апельсиновый Из Груши прямой отжим,Напитки,359,359,0,1,359
221028-398-2799,2022-10-28,доставлен,17:50:00,18:04:00,"Москва, Ленинский проспект, 78к1",Блинчики с курицей и грибами Азбука Вкуса,Готовая еда,229,229,0,1,229
221028-398-2799,2022-10-28,доставлен,17:50:00,18:04:00,"Москва, Ленинский проспект, 78к1",Доставка,Услуги Груши,0,0,0,1,0
221029-121-3495,2022-10-29,доставлен,08:07:00,08:15:00,"Москва, Ленинский проспект, 78к1",Пластырь бактерицидный Cosmos 20 шт,Аптека,199,199,0,1,199
221029-121-3495,2022-10-29,доставлен,08:07:00,08:15:00,"Москва, Ленинский проспект, 78к1",Колбаса Докторская Мясной дом Бородина варёная,База,479,479,0,1,479
221029-121-3495,2022-10-29,доставлен,08:07:00,08:15:00,"Москва, Ленинский проспект, 78к1",Мандарины Абхазия,Фрукты,299,249,50,1,249
221029-121-3495,2022-10-29,доставлен,08:07:00,08:15:00,"Москва, Ленинский проспект, 78к1",Доставка,Услуги Груши,79,79,0,1,79
221029-462-2849,2022-10-29,доставлен,15:48:00,15:56:00,"Москва, Ленинский проспект, 78к1",Сыр Моцарелла Mini Galbani 45%,База,239,239,0,1,239
221029-462-2849,2022-10-29,доставлен,15:48:00,15:56:00,"Москва, Ленинский проспект, 78к1",Омлет с беконом и релишем из болгарского перца Из Груши,Готовая еда,299,299,0,1,299
221029-462-2849,2022-10-29,доставлен,15:48:00,15:56:00,"Москва, Ленинский проспект, 78к1",Доставка,Услуги Груши,199,199,0,1,199
221029-462-2849,2022-10-29,доставлен,15:48:00,15:56:00,"Москва, Ленинский проспект, 78к1",Упаковка,Услуги Груши,12,12,0,1,12
221030-863-3383,2022-10-30,доставлен,10:17:00,10:37:00,"Москва, Ленинский проспект, 78к1",Апельсины сладкие,Фрукты,299,299,0,3,897
221030-863-3383,2022-10-30,доставлен,10:17:00,10:37:00,"Москва, Ленинский проспект, 78к1",Батончик кокосовый Kick в карамельном шоколаде,Сладости,159,159,0,1,159
221030-863-3383,2022-10-30,доставлен,10:17:00,10:37:00,"Москва, Ленинский проспект, 78к1",Вода минеральная Evian негазированная,Вода,269,269,0,1,269
221030-863-3383,2022-10-30,доставлен,10:17:00,10:37:00,"Москва, Ленинский проспект, 78к1",Доставка,Услуги Груши,99,99,0,1,99
221103-404-7870,2022-11-03,доставлен,18:06:00,18:29:00,"Москва, Ленинский проспект, 78к1",Яйцо куриное СО Из Груши,База,129,129,0,1,129
221103-404-7870,2022-11-03,доставлен,18:06:00,18:29:00,"Москва, Ленинский проспект, 78к1",Печенье Орешек со сгущёнкой Братья Караваевы,Сладости,399,399,0,2,798
221103-404-7870,2022-11-03,доставлен,18:06:00,18:29:00,"Москва, Ленинский проспект, 78к1","Молоко цельное 3,4-6% Нашей дойки пастеризованное",База,99,99,0,1,99
221103-404-7870,2022-11-03,доставлен,18:06:00,18:29:00,"Москва, Ленинский проспект, 78к1",Миндаль жареный солёный Из Груши,Снеки,399,289,110,1,289
221103-404-7870,2022-11-03,доставлен,18:06:00,18:29:00,"Москва, Ленинский проспект, 78к1",Доставка,Услуги Груши,49,49,0,1,49
221104-194-3048,2022-11-04,доставлен,09:53:00,09:59:00,"Москва, Ленинский проспект, 78к1","Напиток соевый Alpro Banana банановый 0,9%",Напитки,249,249,0,3,747
221104-194-3048,2022-11-04,доставлен,09:53:00,09:59:00,"Москва, Ленинский проспект, 78к1",Доставка,Услуги Груши,0,0,0,1,0
221104-194-3048,2022-11-04,доставлен,09:53:00,09:59:00,"Москва, Ленинский проспект, 78к1",Упаковка,Услуги Груши,12,12,0,1,12
221104-930-6562,2022-11-04,доставлен,12:41:00,12:51:00,"Москва, Ленинский проспект, 78к1",Апельсины,Фрукты,129,129,0,1,129
221104-930-6562,2022-11-04,доставлен,12:41:00,12:51:00,"Москва, Ленинский проспект, 78к1",Сэндвич с жареными шампиньонами и сыром Чеддер Mates,Готовая еда,319,319,0,1,319
221104-930-6562,2022-11-04,доставлен,12:41:00,12:51:00,"Москва, Ленинский проспект, 78к1",Доставка,Услуги Груши,0,0,0,1,0
221104-071-0143,2022-11-04,отменен,21:27:00,,"Москва, Ленинский проспект, 78к1",Виноград кишмиш белый,Фрукты,249,249,0,1,249
221104-071-0143,2022-11-04,отменен,21:27:00,,"Москва, Ленинский проспект, 78к1",Бумага для офисной техники Комус Документ Premium А4 80 г/м2,Товары для дома,479,479,0,1,479
221104-071-0143,2022-11-04,отменен,21:27:00,,"Москва, Ленинский проспект, 78к1",Помидоры черри на ветке,Овощи,289,289,0,1,289
221104-071-0143,2022-11-04,отменен,21:27:00,,"Москва, Ленинский проспект, 78к1",Вафельные рулетики Яшкино сгущёнка,Сладости,79,79,0,2,158
221104-071-0143,2022-11-04,отменен,21:27:00,,"Москва, Ленинский проспект, 78к1",Сэндвич с мортаделлой и трюфельным соусом Из Груши,Готовая еда,219,219,0,1,219
221104-071-0143,2022-11-04,отменен,21:27:00,,"Москва, Ленинский проспект, 78к1",Шпинат,Овощи,259,259,0,2,518
221104-071-0143,2022-11-04,отменен,21:27:00,,"Москва, Ленинский проспект, 78к1",Доставка,Услуги Груши,0,0,0,1,0
221105-522-5450,2022-11-05,доставлен,18:11:00,18:37:00,"Москва, Ленинский проспект, 78к1","Молоко 2,5% Асеньевская ферма пастеризованное",База,99,99,0,1,99
221105-522-5450,2022-11-05,доставлен,18:11:00,18:37:00,"Москва, Ленинский проспект, 78к1",Помидоры коктейльные сливовидные на ветке,Овощи,219,219,0,1,219
221105-522-5450,2022-11-05,доставлен,18:11:00,18:37:00,"Москва, Ленинский проспект, 78к1",Форель слабосолёная Из Груши нарезка,База,479,479,0,1,479
221105-522-5450,2022-11-05,доставлен,18:11:00,18:37:00,"Москва, Ленинский проспект, 78к1",Зефир ванильный Шармэль,Сладости,189,189,0,3,567
221105-522-5450,2022-11-05,доставлен,18:11:00,18:37:00,"Москва, Ленинский проспект, 78к1",Творог зернёный 4% домашний Карат,База,159,159,0,2,318
221105-522-5450,2022-11-05,доставлен,18:11:00,18:37:00,"Москва, Ленинский проспект, 78к1",Доставка,Услуги Груши,149,149,0,1,149
221105-522-5450,2022-11-05,доставлен,18:11:00,18:37:00,"Москва, Ленинский проспект, 78к1",Упаковка,Услуги Груши,12,12,0,1,12
221105-847-7121,2022-11-05,доставлен,18:14:00,18:32:00,"Москва, Ленинский проспект, 78к1",Бумажные полотенца Zewa Премиум,Товары для дома,229,229,0,1,229
221105-847-7121,2022-11-05,доставлен,18:14:00,18:32:00,"Москва, Ленинский проспект, 78к1",Банан,Фрукты,19,19,0,1,19
221105-847-7121,2022-11-05,доставлен,18:14:00,18:32:00,"Москва, Ленинский проспект, 78к1","Яблоки Богатырь Агроном-сад отборные, 4 шт.",Фрукты,149,149,0,1,149
221105-847-7121,2022-11-05,доставлен,18:14:00,18:32:00,"Москва, Ленинский проспект, 78к1",Доставка,Услуги Груши,0,0,0,1,0
221105-854-3866,2022-11-05,доставлен,19:46:00,20:03:00,"Москва, Ленинский проспект, 78к1",Сыр Моцарелла Galbani 45%,База,189,189,0,1,189
221105-854-3866,2022-11-05,доставлен,19:46:00,20:03:00,"Москва, Ленинский проспект, 78к1",Чай чёрный Yantra цейлонский листовой,База,259,259,0,1,259
221105-854-3866,2022-11-05,доставлен,19:46:00,20:03:00,"Москва, Ленинский проспект, 78к1",Руккола Из Груши,Овощи,139,139,0,1,139
221105-854-3866,2022-11-05,доставлен,19:46:00,20:03:00,"Москва, Ленинский проспект, 78к1",Каша овсяная с ягодами Из Груши,Готовая еда,159,159,0,2,318
221105-854-3866,2022-11-05,доставлен,19:46:00,20:03:00,"Москва, Ленинский проспект, 78к1",Паста Карбонара Азбука Вкуса,Готовая еда,439,439,0,1,439
221105-854-3866,2022-11-05,доставлен,19:46:00,20:03:00,"Москва, Ленинский проспект, 78к1",Мандарины Абхазия,Фрукты,299,299,0,1,299
221105-854-3866,2022-11-05,доставлен,19:46:00,20:03:00,"Москва, Ленинский проспект, 78к1",Хурма Королёк,Фрукты,339,339,0,1,339
221105-854-3866,2022-11-05,доставлен,19:46:00,20:03:00,"Москва, Ленинский проспект, 78к1",Шоколад белый пористый Воздушный,Сладости,139,139,0,1,139
221105-854-3866,2022-11-05,доставлен,19:46:00,20:03:00,"Москва, Ленинский проспект, 78к1",Доставка,Услуги Груши,0,0,0,1,0
221107-925-9265,2022-11-07,доставлен,18:41:00,19:07:00,"Москва, Ленинский проспект, 78к1",Вода Шишкин лес негазированная,Вода,49,49,0,4,196
221107-925-9265,2022-11-07,доставлен,18:41:00,19:07:00,"Москва, Ленинский проспект, 78к1","Масло сливочное 82,5% Вологодское Из Вологды",База,279,279,0,1,279
221107-925-9265,2022-11-07,доставлен,18:41:00,19:07:00,"Москва, Ленинский проспект, 78к1","Масло сливочное 72,5% Из Груши",База,179,179,0,1,179
221107-925-9265,2022-11-07,доставлен,18:41:00,19:07:00,"Москва, Ленинский проспект, 78к1",Батончик Бабаевский с помадно-сливочной начинкой,Сладости,39,39,0,1,39
221107-925-9265,2022-11-07,доставлен,18:41:00,19:07:00,"Москва, Ленинский проспект, 78к1",Доставка,Услуги Груши,0,0,0,1,0
221107-925-9265,2022-11-07,доставлен,18:41:00,19:07:00,"Москва, Ленинский проспект, 78к1",Упаковка,Услуги Груши,12,12,0,1,12
221117-230-7524,2022-11-17,доставлен,10:04:00,10:18:00,"Москва, Ленинский проспект, 78к1","Кефир 3,2% Асеньевская ферма",База,119,119,0,1,119
221117-230-7524,2022-11-17,доставлен,10:04:00,10:18:00,"Москва, Ленинский проспект, 78к1",Доставка,Услуги Груши,119,119,0,1,119
221119-344-3857,2022-11-19,доставлен,10:00:00,10:19:00,"Москва, Ленинский проспект, 78к1",Печенье Творожные ушки Братья Караваевы,Сладости,299,299,0,1,299
221119-344-3857,2022-11-19,доставлен,10:00:00,10:19:00,"Москва, Ленинский проспект, 78к1",Филе куриное запечённое с помидорами и сыром Азбука Вкуса,Готовая еда,289,289,0,1,289
221119-344-3857,2022-11-19,доставлен,10:00:00,10:19:00,"Москва, Ленинский проспект, 78к1",Помидоры коктейльные сливовидные на ветке,Овощи,219,219,0,1,219
221119-344-3857,2022-11-19,доставлен,10:00:00,10:19:00,"Москва, Ленинский проспект, 78к1",Сырники со сметаной Азбука Вкуса,Готовая еда,329,329,0,1,329
221119-344-3857,2022-11-19,доставлен,10:00:00,10:19:00,"Москва, Ленинский проспект, 78к1",Доставка,Услуги Груши,119,119,0,1,119
221119-344-3857,2022-11-19,доставлен,10:00:00,10:19:00,"Москва, Ленинский проспект, 78к1",Упаковка,Услуги Груши,12,12,0,1,12
221119-523-4895,2022-11-19,доставлен,21:32:00,22:18:00,"Москва, Ленинский проспект, 78к1",Вода Шишкин лес негазированная,Вода,49,49,0,1,49
221119-523-4895,2022-11-19,доставлен,21:32:00,22:18:00,"Москва, Ленинский проспект, 78к1",Яйцо куриное СО Из Груши,База,129,129,0,2,258
221119-523-4895,2022-11-19,доставлен,21:32:00,22:18:00,"Москва, Ленинский проспект, 78к1","Молоко 2,5% Асеньевская ферма пастеризованное",База,99,99,0,1,99
221119-523-4895,2022-11-19,доставлен,21:32:00,22:18:00,"Москва, Ленинский проспект, 78к1","Масло сливочное 82,5% Вологодское Из Вологды",База,279,279,0,1,279
221119-523-4895,2022-11-19,доставлен,21:32:00,22:18:00,"Москва, Ленинский проспект, 78к1","Масло сливочное 72,5% Из Груши",База,179,179,0,2,358
221119-523-4895,2022-11-19,доставлен,21:32:00,22:18:00,"Москва, Ленинский проспект, 78к1",Батончик арахисовый Kick в карамельном шоколаде,Сладости,279,279,0,1,279
221119-523-4895,2022-11-19,доставлен,21:32:00,22:18:00,"Москва, Ленинский проспект, 78к1",Помидоры черри Эко-культура круглые жёлтые на ветке,Овощи,219,169,50,1,169
221119-523-4895,2022-11-19,доставлен,21:32:00,22:18:00,"Москва, Ленинский проспект, 78к1",Блинчики с курицей и грибами Азбука Вкуса,Готовая еда,229,229,0,1,229
221119-523-4895,2022-11-19,доставлен,21:32:00,22:18:00,"Москва, Ленинский проспект, 78к1",Доставка,Услуги Груши,0,0,0,1,0
221119-523-4895,2022-11-19,доставлен,21:32:00,22:18:00,"Москва, Ленинский проспект, 78к1",Упаковка,Услуги Груши,12,12,0,1,12
221120-096-8019,2022-11-20,доставлен,07:28:00,07:34:00,"Москва, Ленинский проспект, 78к1",Голубика,Фрукты,199,199,0,3,597
221120-096-8019,2022-11-20,доставлен,07:28:00,07:34:00,"Москва, Ленинский проспект, 78к1",Грейпфрут,Фрукты,49,49,0,1,49
221120-096-8019,2022-11-20,доставлен,07:28:00,07:34:00,"Москва, Ленинский проспект, 78к1",Голубика Артфрут,Фрукты,509,439,70,1,439
221120-096-8019,2022-11-20,доставлен,07:28:00,07:34:00,"Москва, Ленинский проспект, 78к1",Доставка,Услуги Груши,0,0,0,1,0
221120-096-8019,2022-11-20,доставлен,07:28:00,07:34:00,"Москва, Ленинский проспект, 78к1",Упаковка,Услуги Груши,12,12,0,1,12
221120-878-3998,2022-11-20,доставлен,09:41:00,10:47:00,"Москва, Ленинский проспект, 78к1",Огурцы Корнишон,Овощи,99,99,0,1,99
221120-878-3998,2022-11-20,доставлен,09:41:00,10:47:00,"Москва, Ленинский проспект, 78к1",Грейпфрут дольки нарезанные Из Груши,Фрукты,239,239,0,1,239
221120-878-3998,2022-11-20,доставлен,09:41:00,10:47:00,"Москва, Ленинский проспект, 78к1",Нектар апельсиновый Rich,Напитки,309,309,0,1,309
221120-878-3998,2022-11-20,доставлен,09:41:00,10:47:00,"Москва, Ленинский проспект, 78к1",Яйцо куриное С1 Из Груши,База,99,99,0,1,99
221120-878-3998,2022-11-20,доставлен,09:41:00,10:47:00,"Москва, Ленинский проспект, 78к1",Горошек зелёный Bonduelle замороженный,Овощи,119,119,0,2,238
221120-878-3998,2022-11-20,доставлен,09:41:00,10:47:00,"Москва, Ленинский проспект, 78к1",Доставка,Услуги Груши,0,0,0,1,0
221124-222-3493,2022-11-24,доставлен,10:05:00,10:38:00,"Москва, Ленинский проспект, 78к1",Арбуз,Фрукты,279,279,0,1,279
221124-222-3493,2022-11-24,доставлен,10:05:00,10:38:00,"Москва, Ленинский проспект, 78к1",Сэндвич с мортаделлой и трюфельным соусом Из Груши,Готовая еда,219,219,0,1,219
221124-222-3493,2022-11-24,доставлен,10:05:00,10:38:00,"Москва, Ленинский проспект, 78к1",Апельсины сладкие,Фрукты,299,299,0,1,299
221124-222-3493,2022-11-24,доставлен,10:05:00,10:38:00,"Москва, Ленинский проспект, 78к1",Руккола Из Груши,Овощи,139,139,0,1,139
221124-222-3493,2022-11-24,доставлен,10:05:00,10:38:00,"Москва, Ленинский проспект, 78к1",Блинчики с начинкой с манго и кокосовым кремом Азбука вкуса,Готовая еда,249,249,0,2,498
221124-222-3493,2022-11-24,доставлен,10:05:00,10:38:00,"Москва, Ленинский проспект, 78к1",Шоколад Kinder Chocolate с молочной начинкой,Сладости,49,49,0,1,49
221124-222-3493,2022-11-24,доставлен,10:05:00,10:38:00,"Москва, Ленинский проспект, 78к1",Мармелад жевательный Happy Cola Haribo,Сладости,99,99,0,1,99
221124-222-3493,2022-11-24,доставлен,10:05:00,10:38:00,"Москва, Ленинский проспект, 78к1",Сосиска в слоёном тесте с сыром и горчицей Хлеб насущный,Готовая еда,119,119,0,1,119
221124-222-3493,2022-11-24,доставлен,10:05:00,10:38:00,"Москва, Ленинский проспект, 78к1",Доставка,Услуги Груши,0,0,0,1,0
221124-222-3493,2022-11-24,доставлен,10:05:00,10:38:00,"Москва, Ленинский проспект, 78к1",Упаковка,Услуги Груши,12,12,0,1,12
221124-282-2484,2022-11-24,доставлен,19:01:00,19:22:00,"Москва, Ленинский проспект, 78к1",Чипсы Pringles паприка,Снеки,299,299,0,1,299
221124-282-2484,2022-11-24,доставлен,19:01:00,19:22:00,"Москва, Ленинский проспект, 78к1",Клубника свежая Артфрут,Фрукты,1390,1390,0,3,4170
221124-282-2484,2022-11-24,доставлен,19:01:00,19:22:00,"Москва, Ленинский проспект, 78к1",Баклажаны,Овощи,149,149,0,1,149
221124-282-2484,2022-11-24,доставлен,19:01:00,19:22:00,"Москва, Ленинский проспект, 78к1",Черешня Бычье сердце,Фрукты,419,419,0,1,419
221124-282-2484,2022-11-24,доставлен,19:01:00,19:22:00,"Москва, Ленинский проспект, 78к1",Помидоры черри Эко-культура круглые красные,Овощи,199,199,0,1,199
221124-282-2484,2022-11-24,доставлен,19:01:00,19:22:00,"Москва, Ленинский проспект, 78к1","Лейкопластырь водоотталкивающий Dr.Safe универсальный бактерицидный 1,9х7,2 см",Товары для дома,109,109,0,1,109
221124-282-2484,2022-11-24,доставлен,19:01:00,19:22:00,"Москва, Ленинский проспект, 78к1",Доставка,Услуги Груши,79,79,0,1,79
221125-784-6395,2022-11-25,доставлен,10:48:00,11:14:00,"Москва, Ленинский проспект, 78к1",Конфеты Птица дивная Акконд,Сладости,219,219,0,1,219
221125-784-6395,2022-11-25,доставлен,10:48:00,11:14:00,"Москва, Ленинский проспект, 78к1",Пельмени Домашние Из Груши,База,249,249,0,1,249
221125-784-6395,2022-11-25,доставлен,10:48:00,11:14:00,"Москва, Ленинский проспект, 78к1",Грейпфрут дольки нарезанные Из Груши,Фрукты,239,239,0,1,239
221125-784-6395,2022-11-25,доставлен,10:48:00,11:14:00,"Москва, Ленинский проспект, 78к1",Вафли гречишные Nature’s own factory с молочным шоколадом,Сладости,79,79,0,1,79
221125-784-6395,2022-11-25,доставлен,10:48:00,11:14:00,"Москва, Ленинский проспект, 78к1",Арбуз,Фрукты,279,279,0,1,279
221125-784-6395,2022-11-25,доставлен,10:48:00,11:14:00,"Москва, Ленинский проспект, 78к1",Смесь орехов с цукатами Семушка,Фрукты,179,179,0,1,179
221125-784-6395,2022-11-25,доставлен,10:48:00,11:14:00,"Москва, Ленинский проспект, 78к1",Доставка,Услуги Груши,79,79,0,1,79
221125-784-6395,2022-11-25,доставлен,10:48:00,11:14:00,"Москва, Ленинский проспект, 78к1",Упаковка,Услуги Груши,12,12,0,1,12
221125-849-8549,2022-11-25,доставлен,17:59:00,18:18:00,"Москва, Ленинский проспект, 78к1",Фриттата с креветками и овощами Из Груши,Готовая еда,239,239,0,1,239
221125-849-8549,2022-11-25,доставлен,17:59:00,18:18:00,"Москва, Ленинский проспект, 78к1",Помидоры розовые Эко-культура круглые,Овощи,199,199,0,1,199
221125-849-8549,2022-11-25,доставлен,17:59:00,18:18:00,"Москва, Ленинский проспект, 78к1",Абрикосы,Фрукты,179,179,0,1,179
221125-849-8549,2022-11-25,доставлен,17:59:00,18:18:00,"Москва, Ленинский проспект, 78к1",Помидоры черри Эко-культура круглые красные,Овощи,199,169,30,1,169
221125-849-8549,2022-11-25,доставлен,17:59:00,18:18:00,"Москва, Ленинский проспект, 78к1",Мыло жидкое Сандал и Ягоды можжевельника Synergetic,Товары для дома,219,189,30,1,189
221125-849-8549,2022-11-25,доставлен,17:59:00,18:18:00,"Москва, Ленинский проспект, 78к1",Чипсы Lay's Из печи Нежный сыр с зеленью,Снеки,109,109,0,1,109
221125-849-8549,2022-11-25,доставлен,17:59:00,18:18:00,"Москва, Ленинский проспект, 78к1",Творог зернёный 5% Савушкин,База,69,69,0,2,138
221125-849-8549,2022-11-25,доставлен,17:59:00,18:18:00,"Москва, Ленинский проспект, 78к1",Брусника Планета витаминов замороженная,Фрукты,299,299,0,2,598
221125-849-8549,2022-11-25,доставлен,17:59:00,18:18:00,"Москва, Ленинский проспект, 78к1",Доставка,Услуги Груши,0,0,0,1,0
221125-849-8549,2022-11-25,доставлен,17:59:00,18:18:00,"Москва, Ленинский проспект, 78к1",Упаковка,Услуги Груши,12,12,0,1,12
221126-117-6730,2022-11-26,доставлен,09:44:00,09:54:00,"Москва, Ленинский проспект, 78к1",Абрикосы,Фрукты,179,129,50,1,129
221126-117-6730,2022-11-26,доставлен,09:44:00,09:54:00,"Москва, Ленинский проспект, 78к1",Макароны Fusilli Barilla №98,База,129,129,0,1,129
221126-117-6730,2022-11-26,доставлен,09:44:00,09:54:00,"Москва, Ленинский проспект, 78к1",Брусника Планета витаминов замороженная,Фрукты,299,299,0,1,299
221126-117-6730,2022-11-26,доставлен,09:44:00,09:54:00,"Москва, Ленинский проспект, 78к1",Брокколи свежая,Овощи,209,209,0,2,418
221126-117-6730,2022-11-26,доставлен,09:44:00,09:54:00,"Москва, Ленинский проспект, 78к1",Хлебцы гречневые Dr. Korner,Снеки,89,89,0,2,178
221126-117-6730,2022-11-26,доставлен,09:44:00,09:54:00,"Москва, Ленинский проспект, 78к1",Доставка,Услуги Груши,0,0,0,1,0
221126-117-6730,2022-11-26,доставлен,09:44:00,09:54:00,"Москва, Ленинский проспект, 78к1",Упаковка,Услуги Груши,12,12,0,1,12
221126-047-6622,2022-11-26,доставлен,10:13:00,10:30:00,"Москва, Ленинский проспект, 78к1",Икра деликатесная Санта Бремор с копчёным лососем,Готовая еда,169,169,0,1,169
221126-047-6622,2022-11-26,доставлен,10:13:00,10:30:00,"Москва, Ленинский проспект, 78к1","Помидоры Пинк Парадайз, Узбекистан",Овощи,489,369,120,1,369
221126-047-6622,2022-11-26,доставлен,10:13:00,10:30:00,"Москва, Ленинский проспект, 78к1",Чистящее средство Synergetic для окон и зеркал,Товары для дома,279,279,0,1,279
221126-047-6622,2022-11-26,доставлен,10:13:00,10:30:00,"Москва, Ленинский проспект, 78к1",Помидоры сливовидные,Овощи,89,89,0,1,89
221126-047-6622,2022-11-26,доставлен,10:13:00,10:30:00,"Москва, Ленинский проспект, 78к1",Доставка,Услуги Груши,49,49,0,1,49
221126-047-6622,2022-11-26,доставлен,10:13:00,10:30:00,"Москва, Ленинский проспект, 78к1",Упаковка,Услуги Груши,12,12,0,1,12
221127-863-2207,2022-11-27,доставлен,08:48:00,09:06:00,"Москва, Ленинский проспект, 78к1",Салат с крабовыми палочками Из Груши,Готовая еда,259,259,0,1,259
221127-863-2207,2022-11-27,доставлен,08:48:00,09:06:00,"Москва, Ленинский проспект, 78к1",Хлеб ржано-пшеничный с семенами подсолнечника нарезанный Азбука вкуса,База,99,99,0,2,198
221127-863-2207,2022-11-27,доставлен,08:48:00,09:06:00,"Москва, Ленинский проспект, 78к1",Помидоры черри на ветке,Овощи,289,289,0,1,289
221127-863-2207,2022-11-27,доставлен,08:48:00,09:06:00,"Москва, Ленинский проспект, 78к1","Гранат, Азербайджан",Фрукты,149,149,0,1,149
221127-863-2207,2022-11-27,доставлен,08:48:00,09:06:00,"Москва, Ленинский проспект, 78к1",Шоколад молочный Alpen Gold с фундуком,Сладости,129,129,0,1,129
221127-863-2207,2022-11-27,доставлен,08:48:00,09:06:00,"Москва, Ленинский проспект, 78к1",Огурцы Корнишон,Овощи,99,99,0,1,99
221127-863-2207,2022-11-27,доставлен,08:48:00,09:06:00,"Москва, Ленинский проспект, 78к1",Зелёный горошек Из Груши быстрозамороженный,Овощи,149,149,0,1,149
221127-863-2207,2022-11-27,доставлен,08:48:00,09:06:00,"Москва, Ленинский проспект, 78к1",Огурцы короткоплодные,Овощи,89,89,0,1,89
221127-863-2207,2022-11-27,доставлен,08:48:00,09:06:00,"Москва, Ленинский проспект, 78к1",Чипсы Lay's сметана и лук рифлёные,Снеки,199,199,0,1,199
221127-863-2207,2022-11-27,доставлен,08:48:00,09:06:00,"Москва, Ленинский проспект, 78к1",Зиртек таблетки 10 мг 30 шт,Аптека,389,279,110,1,279
221127-863-2207,2022-11-27,доставлен,08:48:00,09:06:00,"Москва, Ленинский проспект, 78к1",Доставка,Услуги Груши,0,0,0,1,0
221127-863-2207,2022-11-27,доставлен,08:48:00,09:06:00,"Москва, Ленинский проспект, 78к1",Упаковка,Услуги Груши,12,12,0,1,12
221127-164-2364,2022-11-27,доставлен,18:36:00,20:17:00,"Москва, Ленинский проспект, 78к1",Черри Конфетто Россия,Овощи,239,239,0,1,239
221127-164-2364,2022-11-27,доставлен,18:36:00,20:17:00,"Москва, Ленинский проспект, 78к1",Витамин D3 2000 МЕ Solgar 60 капсул,Аптека,1190,1190,0,1,1190
221127-164-2364,2022-11-27,доставлен,18:36:00,20:17:00,"Москва, Ленинский проспект, 78к1",Пицца Маргарита Из Груши,Готовая еда,399,399,0,1,399
221127-164-2364,2022-11-27,доставлен,18:36:00,20:17:00,"Москва, Ленинский проспект, 78к1",Смузи манго-маракуйя Из Груши,Напитки,219,219,0,3,657
221127-164-2364,2022-11-27,доставлен,18:36:00,20:17:00,"Москва, Ленинский проспект, 78к1",Мандарины Абхазия,Фрукты,299,299,0,1,299
221127-164-2364,2022-11-27,доставлен,18:36:00,20:17:00,"Москва, Ленинский проспект, 78к1",Абрикосы,Фрукты,179,179,0,1,179
221127-164-2364,2022-11-27,доставлен,18:36:00,20:17:00,"Москва, Ленинский проспект, 78к1",Доставка,Услуги Груши,99,99,0,1,99
221127-649-4301,2022-11-27,доставлен,20:20:00,20:49:00,"Москва, Ленинский проспект, 78к1",Зелёный горошек Из Груши быстрозамороженный,Овощи,149,149,0,2,298
221127-649-4301,2022-11-27,доставлен,20:20:00,20:49:00,"Москва, Ленинский проспект, 78к1",Сыр Ламбер 50%,База,349,269,80,1,269
221127-649-4301,2022-11-27,доставлен,20:20:00,20:49:00,"Москва, Ленинский проспект, 78к1","Напиток соевый Alpro Banana банановый 0,9%",Напитки,249,249,0,1,249
221127-649-4301,2022-11-27,доставлен,20:20:00,20:49:00,"Москва, Ленинский проспект, 78к1",Бомбейский пряный плов с курицей тандури Chindi Kitchen,Готовая еда,319,319,0,2,638
221127-649-4301,2022-11-27,доставлен,20:20:00,20:49:00,"Москва, Ленинский проспект, 78к1",Доставка,Услуги Груши,0,0,0,1,0
221127-649-4301,2022-11-27,доставлен,20:20:00,20:49:00,"Москва, Ленинский проспект, 78к1",Упаковка,Услуги Груши,12,12,0,1,12
221128-642-0426,2022-11-28,доставлен,19:32:00,19:41:00,"Москва, Ленинский проспект, 78к1","Молоко 2,5% Асеньевская ферма пастеризованное",База,99,99,0,1,99
221128-642-0426,2022-11-28,доставлен,19:32:00,19:41:00,"Москва, Ленинский проспект, 78к1",Мармелад жевательный Haribo Goldbaren,Сладости,149,149,0,1,149
221128-642-0426,2022-11-28,доставлен,19:32:00,19:41:00,"Москва, Ленинский проспект, 78к1",Напиток энергетический Adrenaline Rush,Напитки,139,139,0,1,139
221128-642-0426,2022-11-28,доставлен,19:32:00,19:41:00,"Москва, Ленинский проспект, 78к1",Котлеты куриные на пару Азбука вкуса,Готовая еда,209,209,0,2,418
221128-642-0426,2022-11-28,доставлен,19:32:00,19:41:00,"Москва, Ленинский проспект, 78к1",Вафли гречишные Nature’s own factory с молочным шоколадом,Сладости,79,79,0,1,79
221128-642-0426,2022-11-28,доставлен,19:32:00,19:41:00,"Москва, Ленинский проспект, 78к1",Банан,Фрукты,19,19,0,1,19
221128-642-0426,2022-11-28,доставлен,19:32:00,19:41:00,"Москва, Ленинский проспект, 78к1","Protein pot с яйцом, сыром фета и помидорами черри Азбука life",Готовая еда,219,219,0,1,219
221128-642-0426,2022-11-28,доставлен,19:32:00,19:41:00,"Москва, Ленинский проспект, 78к1",Доставка,Услуги Груши,49,49,0,1,49
221130-475-2032,2022-11-30,доставлен,18:52:00,19:12:00,"Москва, Ленинский проспект, 78к1",Вода Шишкин лес негазированная,Вода,49,49,0,1,49
221130-475-2032,2022-11-30,доставлен,18:52:00,19:12:00,"Москва, Ленинский проспект, 78к1","Масло сливочное 82,5% Вологодское Из Вологды",База,279,279,0,1,279
221130-475-2032,2022-11-30,доставлен,18:52:00,19:12:00,"Москва, Ленинский проспект, 78к1","Масло сливочное 72,5% Из Груши",База,179,179,0,1,179
221130-475-2032,2022-11-30,доставлен,18:52:00,19:12:00,"Москва, Ленинский проспект, 78к1",Помидоры черри на ветке,Овощи,289,289,0,2,578
221130-475-2032,2022-11-30,доставлен,18:52:00,19:12:00,"Москва, Ленинский проспект, 78к1",Филе куриное запечённое с помидорами и сыром Азбука Вкуса,Готовая еда,289,289,0,1,289
221130-475-2032,2022-11-30,доставлен,18:52:00,19:12:00,"Москва, Ленинский проспект, 78к1",Шпинат,Овощи,259,259,0,1,259
221130-475-2032,2022-11-30,доставлен,18:52:00,19:12:00,"Москва, Ленинский проспект, 78к1",Доставка,Услуги Груши,0,0,0,1,0
221202-480-1253,2022-12-02,доставлен,18:52:00,18:57:00,"Москва, Ленинский проспект, 78к1","Кефир 3,2% Асеньевская ферма",База,119,119,0,1,119
221202-480-1253,2022-12-02,доставлен,18:52:00,18:57:00,"Москва, Ленинский проспект, 78к1",Яйцо куриное СО Из Груши,База,129,129,0,1,129
221202-480-1253,2022-12-02,доставлен,18:52:00,18:57:00,"Москва, Ленинский проспект, 78к1",Спелые бананы,Фрукты,229,229,0,2,458
221202-480-1253,2022-12-02,доставлен,18:52:00,18:57:00,"Москва, Ленинский проспект, 78к1",Доставка,Услуги Груши,0,0,0,1,0
221204-750-9524,2022-12-04,доставлен,08:40:00,08:48:00,"Москва, Ленинский проспект, 78к1",Яйцо куриное СО Из Груши,База,129,129,0,2,258
221204-750-9524,2022-12-04,доставлен,08:40:00,08:48:00,"Москва, Ленинский проспект, 78к1",Помидоры черри на ветке,Овощи,289,289,0,1,289
221204-750-9524,2022-12-04,доставлен,08:40:00,08:48:00,"Москва, Ленинский проспект, 78к1",Яблоки Гренни Смит,Фрукты,129,89,40,1,89
221204-750-9524,2022-12-04,доставлен,08:40:00,08:48:00,"Москва, Ленинский проспект, 78к1",Огурцы колючие ТСХ,Овощи,199,199,0,1,199
221204-750-9524,2022-12-04,доставлен,08:40:00,08:48:00,"Москва, Ленинский проспект, 78к1",Напиток газированный Кола Добрый,Напитки,99,99,0,1,99
221204-750-9524,2022-12-04,доставлен,08:40:00,08:48:00,"Москва, Ленинский проспект, 78к1",Доставка,Услуги Груши,119,119,0,1,119
221204-261-4533,2022-12-04,доставлен,09:34:00,09:59:00,"Москва, Ленинский проспект, 78к1",Чипсы Lay's сметана и лук рифлёные,Снеки,199,199,0,1,199
221204-261-4533,2022-12-04,доставлен,09:34:00,09:59:00,"Москва, Ленинский проспект, 78к1",Блинчики с курицей и грибами Азбука Вкуса,Готовая еда,229,229,0,1,229
221204-261-4533,2022-12-04,доставлен,09:34:00,09:59:00,"Москва, Ленинский проспект, 78к1",Батарейки Energizer MAX AA,Товары для дома,219,169,50,1,169
221204-261-4533,2022-12-04,доставлен,09:34:00,09:59:00,"Москва, Ленинский проспект, 78к1","Яблоки Богатырь Агроном-сад отборные, 4 шт.",Фрукты,149,149,0,1,149
221204-261-4533,2022-12-04,доставлен,09:34:00,09:59:00,"Москва, Ленинский проспект, 78к1",Мандарины Абхазия,Фрукты,299,299,0,1,299
221204-261-4533,2022-12-04,доставлен,09:34:00,09:59:00,"Москва, Ленинский проспект, 78к1",Рис Басмати отварной Азбука Вкуса,Готовая еда,119,119,0,1,119
221204-261-4533,2022-12-04,доставлен,09:34:00,09:59:00,"Москва, Ленинский проспект, 78к1",Петрушка,Овощи,89,79,10,1,79
221204-261-4533,2022-12-04,доставлен,09:34:00,09:59:00,"Москва, Ленинский проспект, 78к1",Доставка,Услуги Груши,119,119,0,1,119
221205-788-4803,2022-12-05,доставлен,11:03:00,11:17:00,"Москва, Ленинский проспект, 78к1",Витамин D3 2000 МЕ Solgar 60 капсул,Аптека,1190,1190,0,1,1190
221205-788-4803,2022-12-05,доставлен,11:03:00,11:17:00,"Москва, Ленинский проспект, 78к1",Хлебцы гречневые Dr. Korner,Снеки,89,89,0,1,89
221205-788-4803,2022-12-05,доставлен,11:03:00,11:17:00,"Москва, Ленинский проспект, 78к1",Доставка,Услуги Груши,149,149,0,1,149
221205-934-2212,2022-12-05,доставлен,19:54:00,20:01:00,"Москва, Ленинский проспект, 78к1",Имбирь молотый Галерея вкусов,База,19,19,0,1,19
221205-934-2212,2022-12-05,доставлен,19:54:00,20:01:00,"Москва, Ленинский проспект, 78к1","Напиток функциональный Actimuno гранат 1,5%",Напитки,49,49,0,1,49
221205-934-2212,2022-12-05,доставлен,19:54:00,20:01:00,"Москва, Ленинский проспект, 78к1",Суп-пюре сырный с креветками Азбука вкуса,Готовая еда,299,299,0,1,299
221205-934-2212,2022-12-05,доставлен,19:54:00,20:01:00,"Москва, Ленинский проспект, 78к1","Молоко цельное 3,4-6% Нашей дойки пастеризованное",База,99,99,0,1,99
221205-934-2212,2022-12-05,доставлен,19:54:00,20:01:00,"Москва, Ленинский проспект, 78к1",Доставка,Услуги Груши,0,0,0,1,0
221205-198-1963,2022-12-05,доставлен,20:54:00,21:14:00,"Москва, Ленинский проспект, 78к1",Суп-пюре сырный с креветками Азбука вкуса,Готовая еда,299,299,0,1,299
221205-198-1963,2022-12-05,доставлен,20:54:00,21:14:00,"Москва, Ленинский проспект, 78к1","Напиток овсяный Nemoloko 3,2% классический",Напитки,149,149,0,2,298
221205-198-1963,2022-12-05,доставлен,20:54:00,21:14:00,"Москва, Ленинский проспект, 78к1",Помидоры черри Эко-культура круглые красные,Овощи,199,199,0,2,398
221205-198-1963,2022-12-05,доставлен,20:54:00,21:14:00,"Москва, Ленинский проспект, 78к1",Черри Конфетто Россия,Овощи,239,239,0,1,239
221205-198-1963,2022-12-05,доставлен,20:54:00,21:14:00,"Москва, Ленинский проспект, 78к1",Бумага силиконизированная Paterra для выпекания 38 см х 6 м,Товары для дома,129,109,20,1,109
221205-198-1963,2022-12-05,доставлен,20:54:00,21:14:00,"Москва, Ленинский проспект, 78к1",Доставка,Услуги Груши,0,0,0,1,0
221207-836-9850,2022-12-07,доставлен,10:07:00,12:19:00,"Москва, Ленинский проспект, 78к1","Молоко 2,5% Асеньевская ферма пастеризованное",База,99,99,0,1,99
221207-836-9850,2022-12-07,доставлен,10:07:00,12:19:00,"Москва, Ленинский проспект, 78к1",Авокадо Хасс Puro Gusto Ready to eat,Овощи,159,159,0,1,159
221207-836-9850,2022-12-07,доставлен,10:07:00,12:19:00,"Москва, Ленинский проспект, 78к1",Помидоры черри на ветке,Овощи,289,289,0,1,289
221207-836-9850,2022-12-07,доставлен,10:07:00,12:19:00,"Москва, Ленинский проспект, 78к1",Спелые бананы,Фрукты,229,159,70,1,159
221207-836-9850,2022-12-07,доставлен,10:07:00,12:19:00,"Москва, Ленинский проспект, 78к1",Бумага силиконизированная Paterra для выпекания 38 см х 6 м,Товары для дома,129,129,0,1,129
221207-836-9850,2022-12-07,доставлен,10:07:00,12:19:00,"Москва, Ленинский проспект, 78к1",Доставка,Услуги Груши,119,119,0,1,119
221209-254-7018,2022-12-09,доставлен,07:16:00,07:37:00,"Москва, Ленинский проспект, 78к1",Чипсы Lay's с солью,Снеки,49,49,0,1,49
221209-254-7018,2022-12-09,доставлен,07:16:00,07:37:00,"Москва, Ленинский проспект, 78к1",Батончик шоколадный Mars Max,Сладости,89,89,0,1,89
221209-254-7018,2022-12-09,доставлен,07:16:00,07:37:00,"Москва, Ленинский проспект, 78к1",Чипсы креветочные Nongshim острые,Снеки,139,139,0,1,139
221209-254-7018,2022-12-09,доставлен,07:16:00,07:37:00,"Москва, Ленинский проспект, 78к1","Шоколад молочный Ritter Sport с ромом, изюмом и орехом",Сладости,159,159,0,1,159
221209-254-7018,2022-12-09,доставлен,07:16:00,07:37:00,"Москва, Ленинский проспект, 78к1",Смесь орехов с цукатами Семушка,Фрукты,179,179,0,1,179
221209-254-7018,2022-12-09,доставлен,07:16:00,07:37:00,"Москва, Ленинский проспект, 78к1",Средство для мытья посуды Fairy лимон,Товары для дома,279,279,0,1,279
221209-254-7018,2022-12-09,доставлен,07:16:00,07:37:00,"Москва, Ленинский проспект, 78к1",Батончик арахисовый Kick в карамельном шоколаде,Сладости,279,219,60,1,219
221209-254-7018,2022-12-09,доставлен,07:16:00,07:37:00,"Москва, Ленинский проспект, 78к1","Гранат, Азербайджан",Фрукты,149,149,0,1,149
221209-254-7018,2022-12-09,доставлен,07:16:00,07:37:00,"Москва, Ленинский проспект, 78к1",Хурма Королёк,Фрукты,339,339,0,1,339
221209-254-7018,2022-12-09,доставлен,07:16:00,07:37:00,"Москва, Ленинский проспект, 78к1",Доставка,Услуги Груши,99,99,0,1,99
221209-290-1941,2022-12-09,доставлен,09:53:00,10:03:00,"Москва, Ленинский проспект, 78к1",Шоколад молочный Kinder Chocolate Maxi,Сладости,149,149,0,1,149
221209-290-1941,2022-12-09,доставлен,09:53:00,10:03:00,"Москва, Ленинский проспект, 78к1",Помидоры черри на ветке,Овощи,289,289,0,1,289
221209-290-1941,2022-12-09,доставлен,09:53:00,10:03:00,"Москва, Ленинский проспект, 78к1",Чипсы Lay's Из Печи Сметана и ароматные травы,Снеки,99,99,0,1,99
221209-290-1941,2022-12-09,доставлен,09:53:00,10:03:00,"Москва, Ленинский проспект, 78к1",Пирог с картофелем и сыром Рамонти Пайз,Готовая еда,159,159,0,1,159
221209-290-1941,2022-12-09,доставлен,09:53:00,10:03:00,"Москва, Ленинский проспект, 78к1",Апельсины сладкие,Фрукты,299,299,0,1,299
221209-290-1941,2022-12-09,доставлен,09:53:00,10:03:00,"Москва, Ленинский проспект, 78к1",Доставка,Услуги Груши,0,0,0,1,0
221209-290-1941,2022-12-09,доставлен,09:53:00,10:03:00,"Москва, Ленинский проспект, 78к1",Упаковка,Услуги Груши,12,12,0,1,12
221211-255-3748,2022-12-11,доставлен,07:00:00,07:08:00,"Москва, Ленинский проспект, 78к1",Чистящее средство Synergetic для окон и зеркал,Товары для дома,279,279,0,1,279
221211-255-3748,2022-12-11,доставлен,07:00:00,07:08:00,"Москва, Ленинский проспект, 78к1",Грейпфрут,Фрукты,49,49,0,1,49
221211-255-3748,2022-12-11,доставлен,07:00:00,07:08:00,"Москва, Ленинский проспект, 78к1",Картошка Братья Караваевы,Сладости,209,209,0,1,209
221211-255-3748,2022-12-11,доставлен,07:00:00,07:08:00,"Москва, Ленинский проспект, 78к1",Доставка,Услуги Груши,49,49,0,1,49
221211-255-3748,2022-12-11,доставлен,07:00:00,07:08:00,"Москва, Ленинский проспект, 78к1",Упаковка,Услуги Груши,12,12,0,1,12
221211-571-5557,2022-12-11,отменен,12:29:00,,"Москва, Ленинский проспект, 78к1",Вода Шишкин лес негазированная,Вода,49,49,0,1,49
221211-571-5557,2022-12-11,отменен,12:29:00,,"Москва, Ленинский проспект, 78к1","Масло сливочное 82,5% Вологодское Из Вологды",База,279,279,0,1,279
221211-571-5557,2022-12-11,отменен,12:29:00,,"Москва, Ленинский проспект, 78к1","Масло сливочное 72,5% Из Груши",База,179,179,0,2,358
221211-571-5557,2022-12-11,отменен,12:29:00,,"Москва, Ленинский проспект, 78к1",Боул с цыплёнком тандури Soul in the Bowl,Готовая еда,259,259,0,1,259
221211-571-5557,2022-12-11,отменен,12:29:00,,"Москва, Ленинский проспект, 78к1",Пластырь бактерицидный Cosmos 20 шт,Аптека,199,199,0,1,199
221211-571-5557,2022-12-11,отменен,12:29:00,,"Москва, Ленинский проспект, 78к1",Стиральный порошок Persil автомат,Товары для дома,599,599,0,1,599
221211-571-5557,2022-12-11,отменен,12:29:00,,"Москва, Ленинский проспект, 78к1",Яблоки Гренни Смит Отборные Собрано в саду 4 шт.,Фрукты,179,179,0,3,537
221211-571-5557,2022-12-11,отменен,12:29:00,,"Москва, Ленинский проспект, 78к1",Доставка,Услуги Груши,119,119,0,1,119
221211-571-5557,2022-12-11,отменен,12:29:00,,"Москва, Ленинский проспект, 78к1",Упаковка,Услуги Груши,12,12,0,1,12
221212-740-4473,2022-12-12,доставлен,09:05:00,09:24:00,"Москва, Ленинский проспект, 78к1",Напиток энергетический Adrenaline Rush,Напитки,139,139,0,1,139
221212-740-4473,2022-12-12,доставлен,09:05:00,09:24:00,"Москва, Ленинский проспект, 78к1","Молоко 3,2% Из Груши пастеризованное",База,89,89,0,2,178
221212-740-4473,2022-12-12,доставлен,09:05:00,09:24:00,"Москва, Ленинский проспект, 78к1",Батарейка GP Super Alkaline АA,Товары для дома,279,279,0,1,279
221212-740-4473,2022-12-12,доставлен,09:05:00,09:24:00,"Москва, Ленинский проспект, 78к1",Напиток кисломолочный Exponenta High-Pro черника-земляника,Напитки,109,109,0,2,218
221212-740-4473,2022-12-12,доставлен,09:05:00,09:24:00,"Москва, Ленинский проспект, 78к1",Сок апельсиновый Из Груши прямой отжим с мякотью пастеризованный,Напитки,639,639,0,2,1278
221212-740-4473,2022-12-12,доставлен,09:05:00,09:24:00,"Москва, Ленинский проспект, 78к1",Доставка,Услуги Груши,79,79,0,1,79
221212-495-6551,2022-12-12,доставлен,09:44:00,10:01:00,"Москва, Ленинский проспект, 78к1",Бумага силиконизированная Paterra для выпекания 38 см х 6 м,Товары для дома,129,129,0,1,129
221212-495-6551,2022-12-12,доставлен,09:44:00,10:01:00,"Москва, Ленинский проспект, 78к1","Напиток функциональный Actimuno гранат 1,5%",Напитки,49,49,0,1,49
221212-495-6551,2022-12-12,доставлен,09:44:00,10:01:00,"Москва, Ленинский проспект, 78к1",Яблоки Гала,Фрукты,59,59,0,1,59
221212-495-6551,2022-12-12,доставлен,09:44:00,10:01:00,"Москва, Ленинский проспект, 78к1",Лук репчатый,Овощи,49,39,10,1,39
221212-495-6551,2022-12-12,доставлен,09:44:00,10:01:00,"Москва, Ленинский проспект, 78к1",Апельсины,Фрукты,129,129,0,1,129
221212-495-6551,2022-12-12,доставлен,09:44:00,10:01:00,"Москва, Ленинский проспект, 78к1","Шоколад молочный Ritter Sport с ромом, изюмом и орехом",Сладости,159,159,0,3,477
221212-495-6551,2022-12-12,доставлен,09:44:00,10:01:00,"Москва, Ленинский проспект, 78к1",Малина Из Груши,Фрукты,749,749,0,2,1498
221212-495-6551,2022-12-12,доставлен,09:44:00,10:01:00,"Москва, Ленинский проспект, 78к1",Сосиска в слоёном тесте с сыром и горчицей Хлеб насущный,Готовая еда,119,119,0,1,119
221212-495-6551,2022-12-12,доставлен,09:44:00,10:01:00,"Москва, Ленинский проспект, 78к1",Доставка,Услуги Груши,0,0,0,1,0
221213-634-0188,2022-12-13,доставлен,18:54:00,19:09:00,"Москва, Ленинский проспект, 78к1",Грейпфрут крупный,Фрукты,179,179,0,1,179
221213-634-0188,2022-12-13,доставлен,18:54:00,19:09:00,"Москва, Ленинский проспект, 78к1",Доставка,Услуги Груши,0,0,0,1,0
221213-634-0188,2022-12-13,доставлен,18:54:00,19:09:00,"Москва, Ленинский проспект, 78к1",Упаковка,Услуги Груши,12,12,0,1,12
221214-162-7494,2022-12-14,доставлен,07:00:00,07:15:00,"Москва, Ленинский проспект, 78к1",Помидоры черри на ветке,Овощи,289,289,0,1,289
221214-162-7494,2022-12-14,доставлен,07:00:00,07:15:00,"Москва, Ленинский проспект, 78к1",Сыр Ламбер 50%,База,349,349,0,1,349
221214-162-7494,2022-12-14,доставлен,07:00:00,07:15:00,"Москва, Ленинский проспект, 78к1",Доставка,Услуги Груши,0,0,0,1,0
221214-162-7494,2022-12-14,доставлен,07:00:00,07:15:00,"Москва, Ленинский проспект, 78к1",Упаковка,Услуги Груши,12,12,0,1,12
221214-187-5995,2022-12-14,доставлен,10:09:00,10:24:00,"Москва, Ленинский проспект, 78к1",Кето-курица с начинкой из брокколи и шпината с запечёнными овощами Грабли,Готовая еда,399,399,0,1,399
221214-187-5995,2022-12-14,доставлен,10:09:00,10:24:00,"Москва, Ленинский проспект, 78к1",Груша Конференция,Фрукты,189,149,40,1,149
221214-187-5995,2022-12-14,доставлен,10:09:00,10:24:00,"Москва, Ленинский проспект, 78к1",Печенье Орешек со сгущёнкой Братья Караваевы,Сладости,399,399,0,1,399
221214-187-5995,2022-12-14,доставлен,10:09:00,10:24:00,"Москва, Ленинский проспект, 78к1",Клубника,Фрукты,279,209,70,3,627
221214-187-5995,2022-12-14,доставлен,10:09:00,10:24:00,"Москва, Ленинский проспект, 78к1",Доставка,Услуги Груши,149,149,0,1,149
221214-889-9732,2022-12-14,доставлен,16:44:00,16:55:00,"Москва, Ленинский проспект, 78к1",Яблоки Гренни Смит,Фрукты,129,99,30,2,198
221214-889-9732,2022-12-14,доставлен,16:44:00,16:55:00,"Москва, Ленинский проспект, 78к1",Печенье Хворост Из Груши медовый,Сладости,209,209,0,1,209
221214-889-9732,2022-12-14,доставлен,16:44:00,16:55:00,"Москва, Ленинский проспект, 78к1",Чипсы Pringles сметана-лук,Снеки,299,299,0,1,299
221214-889-9732,2022-12-14,доставлен,16:44:00,16:55:00,"Москва, Ленинский проспект, 78к1",Арбуз,Фрукты,279,229,50,1,229
221214-889-9732,2022-12-14,доставлен,16:44:00,16:55:00,"Москва, Ленинский проспект, 78к1",Доставка,Услуги Груши,0,0,0,1,0
221216-953-7238,2022-12-16,доставлен,07:00:00,07:09:00,"Москва, Ленинский проспект, 78к1",Помидоры розовые Эко-культура круглые,Овощи,199,199,0,1,199
221216-953-7238,2022-12-16,доставлен,07:00:00,07:09:00,"Москва, Ленинский проспект, 78к1",Сок апельсиновый Из Груши прямой отжим,Напитки,359,359,0,1,359
221216-953-7238,2022-12-16,доставлен,07:00:00,07:09:00,"Москва, Ленинский проспект, 78к1",Чипсы Mojno батат сыр чеддер,Снеки,179,179,0,1,179
221216-953-7238,2022-12-16,доставлен,07:00:00,07:09:00,"Москва, Ленинский проспект, 78к1",Сок апельсиновый Из Груши прямой отжим с мякотью пастеризованный,Напитки,639,639,0,2,1278
221216-953-7238,2022-12-16,доставлен,07:00:00,07:09:00,"Москва, Ленинский проспект, 78к1","Напиток функциональный Actimuno гранат 1,5%",Напитки,49,49,0,1,49
221216-953-7238,2022-12-16,доставлен,07:00:00,07:09:00,"Москва, Ленинский проспект, 78к1",Зефир ванильный Шармэль,Сладости,189,189,0,1,189
221216-953-7238,2022-12-16,доставлен,07:00:00,07:09:00,"Москва, Ленинский проспект, 78к1",Шпинат,Овощи,259,259,0,1,259
221216-953-7238,2022-12-16,доставлен,07:00:00,07:09:00,"Москва, Ленинский проспект, 78к1",Сыр Ламбер 50%,База,349,349,0,1,349
221216-953-7238,2022-12-16,доставлен,07:00:00,07:09:00,"Москва, Ленинский проспект, 78к1",Доставка,Услуги Груши,0,0,0,1,0
221216-634-8012,2022-12-16,отменен,18:15:00,,"Москва, Ленинский проспект, 78к1","Кефир 3,2% Асеньевская ферма",База,119,119,0,1,119
221216-634-8012,2022-12-16,отменен,18:15:00,,"Москва, Ленинский проспект, 78к1",Яйцо куриное СО Из Груши,База,129,129,0,1,129
221216-634-8012,2022-12-16,отменен,18:15:00,,"Москва, Ленинский проспект, 78к1","Молоко 2,5% Асеньевская ферма пастеризованное",База,99,79,20,1,79
221216-634-8012,2022-12-16,отменен,18:15:00,,"Москва, Ленинский проспект, 78к1",Авокадо Хасс Артфрут спелое,Овощи,269,269,0,1,269
221216-634-8012,2022-12-16,отменен,18:15:00,,"Москва, Ленинский проспект, 78к1",Мандарины Абхазия,Фрукты,299,299,0,2,598
221216-634-8012,2022-12-16,отменен,18:15:00,,"Москва, Ленинский проспект, 78к1",Брусника Планета витаминов замороженная,Фрукты,299,299,0,1,299
221216-634-8012,2022-12-16,отменен,18:15:00,,"Москва, Ленинский проспект, 78к1",Банан,Фрукты,19,19,0,1,19
221216-634-8012,2022-12-16,отменен,18:15:00,,"Москва, Ленинский проспект, 78к1",Доставка,Услуги Груши,0,0,0,1,0
221216-634-8012,2022-12-16,отменен,18:15:00,,"Москва, Ленинский проспект, 78к1",Упаковка,Услуги Груши,12,12,0,1,12
221216-511-7003,2022-12-16,доставлен,18:57:00,19:32:00,"Москва, Ленинский проспект, 78к1",Вода минеральная Новотерская лечебно-столовая газированная,Вода,69,69,0,1,69
221216-511-7003,2022-12-16,доставлен,18:57:00,19:32:00,"Москва, Ленинский проспект, 78к1",Сырники со сметаной Азбука Вкуса,Готовая еда,329,329,0,1,329
221216-511-7003,2022-12-16,доставлен,18:57:00,19:32:00,"Москва, Ленинский проспект, 78к1",Сэндвич на круассане с индейкой и мандариновым соусом Eggsellent x Груша,Готовая еда,339,269,70,1,269
221216-511-7003,2022-12-16,доставлен,18:57:00,19:32:00,"Москва, Ленинский проспект, 78к1",Батончик арахисовый Kick в карамельном шоколаде,Сладости,279,279,0,1,279
221216-511-7003,2022-12-16,доставлен,18:57:00,19:32:00,"Москва, Ленинский проспект, 78к1",Булочка с маком Братья Караваевы,Сладости,89,89,0,1,89
221216-511-7003,2022-12-16,доставлен,18:57:00,19:32:00,"Москва, Ленинский проспект, 78к1",Чипсы Mojno батат сыр чеддер,Снеки,179,179,0,1,179
221216-511-7003,2022-12-16,доставлен,18:57:00,19:32:00,"Москва, Ленинский проспект, 78к1",Доставка,Услуги Груши,0,0,0,1,0
221217-214-7461,2022-12-17,доставлен,08:49:00,09:07:00,"Москва, Ленинский проспект, 78к1",Вода минеральная Новотерская лечебно-столовая газированная,Вода,69,69,0,2,138
221217-214-7461,2022-12-17,доставлен,08:49:00,09:07:00,"Москва, Ленинский проспект, 78к1",Суп с куриными фрикадельками и пастой Алфавит Азбука вкуса,Готовая еда,129,89,40,1,89
221217-214-7461,2022-12-17,доставлен,08:49:00,09:07:00,"Москва, Ленинский проспект, 78к1",Горошек зелёный Bonduelle замороженный,Овощи,119,119,0,1,119
221217-214-7461,2022-12-17,доставлен,08:49:00,09:07:00,"Москва, Ленинский проспект, 78к1",Доставка,Услуги Груши,0,0,0,1,0
221217-912-5512,2022-12-17,доставлен,09:49:00,10:07:00,"Москва, Ленинский проспект, 78к1",Апельсины сладкие,Фрукты,299,299,0,1,299
221217-912-5512,2022-12-17,доставлен,09:49:00,10:07:00,"Москва, Ленинский проспект, 78к1",Напиток энергетический Adrenaline Rush,Напитки,139,139,0,1,139
221217-912-5512,2022-12-17,доставлен,09:49:00,10:07:00,"Москва, Ленинский проспект, 78к1",Банан,Фрукты,19,19,0,1,19
221217-912-5512,2022-12-17,доставлен,09:49:00,10:07:00,"Москва, Ленинский проспект, 78к1",Сливки 10% Из Груши,База,119,119,0,2,238
221217-912-5512,2022-12-17,доставлен,09:49:00,10:07:00,"Москва, Ленинский проспект, 78к1",Доставка,Услуги Груши,49,49,0,1,49
221217-912-5512,2022-12-17,доставлен,09:49:00,10:07:00,"Москва, Ленинский проспект, 78к1",Упаковка,Услуги Груши,12,12,0,1,12
221217-793-2080,2022-12-17,доставлен,09:57:00,10:04:00,"Москва, Ленинский проспект, 78к1",Батончик шоколадный Cadbury Wispa,Сладости,59,59,0,1,59
221217-793-2080,2022-12-17,доставлен,09:57:00,10:04:00,"Москва, Ленинский проспект, 78к1",Вода минеральная негазированная Из Груши природная питьевая,Вода,109,109,0,4,436
221217-793-2080,2022-12-17,доставлен,09:57:00,10:04:00,"Москва, Ленинский проспект, 78к1",Котлеты куриные с картофельным пюре Азбука Вкуса,Готовая еда,319,239,80,1,239
221217-793-2080,2022-12-17,доставлен,09:57:00,10:04:00,"Москва, Ленинский проспект, 78к1",Пастила яблочная Белёвская,Сладости,309,309,0,1,309
221217-793-2080,2022-12-17,доставлен,09:57:00,10:04:00,"Москва, Ленинский проспект, 78к1",Суп-пюре сырный с креветками Азбука вкуса,Готовая еда,299,299,0,1,299
221217-793-2080,2022-12-17,доставлен,09:57:00,10:04:00,"Москва, Ленинский проспект, 78к1",Помидоры черри на ветке,Овощи,289,289,0,2,578
221217-793-2080,2022-12-17,доставлен,09:57:00,10:04:00,"Москва, Ленинский проспект, 78к1",Огурцы Корнишон,Овощи,99,99,0,1,99
221217-793-2080,2022-12-17,доставлен,09:57:00,10:04:00,"Москва, Ленинский проспект, 78к1",Спелые бананы,Фрукты,229,229,0,2,458
221217-793-2080,2022-12-17,доставлен,09:57:00,10:04:00,"Москва, Ленинский проспект, 78к1",Доставка,Услуги Груши,0,0,0,1,0
221218-432-1513,2022-12-18,доставлен,08:33:00,08:45:00,"Москва, Ленинский проспект, 78к1",Малина Из Груши,Фрукты,749,749,0,1,749
221218-432-1513,2022-12-18,доставлен,08:33:00,08:45:00,"Москва, Ленинский проспект, 78к1",Туалетная бумага Zewa Плюс белая 2 слоя,Товары для дома,139,139,0,1,139
221218-432-1513,2022-12-18,доставлен,08:33:00,08:45:00,"Москва, Ленинский проспект, 78к1",Мороженое молочное Bounty,Сладости,599,469,130,1,469
221218-432-1513,2022-12-18,доставлен,08:33:00,08:45:00,"Москва, Ленинский проспект, 78к1",Доставка,Услуги Груши,79,79,0,1,79
221218-015-3746,2022-12-18,доставлен,17:44:00,17:57:00,"Москва, Ленинский проспект, 78к1",Улитка с изюмом и заварным кремом Из Груши,Сладости,129,129,0,1,129
221218-015-3746,2022-12-18,доставлен,17:44:00,17:57:00,"Москва, Ленинский проспект, 78к1",Апельсины сладкие,Фрукты,299,299,0,1,299
221218-015-3746,2022-12-18,доставлен,17:44:00,17:57:00,"Москва, Ленинский проспект, 78к1",Пластырь бактерицидный Cosmos 20 шт,Аптека,199,199,0,1,199
221218-015-3746,2022-12-18,доставлен,17:44:00,17:57:00,"Москва, Ленинский проспект, 78к1",Голубика,Фрукты,199,199,0,1,199
221218-015-3746,2022-12-18,доставлен,17:44:00,17:57:00,"Москва, Ленинский проспект, 78к1",Чипсы Pringles паприка,Снеки,299,219,80,1,219
221218-015-3746,2022-12-18,доставлен,17:44:00,17:57:00,"Москва, Ленинский проспект, 78к1",Стиральный порошок Persil автомат,Товары для дома,599,599,0,1,599
221218-015-3746,2022-12-18,доставлен,17:44:00,17:57:00,"Москва, Ленинский проспект, 78к1",Батарейка GP Super Alkaline ААА,Товары для дома,279,279,0,1,279
221218-015-3746,2022-12-18,доставлен,17:44:00,17:57:00,"Москва, Ленинский проспект, 78к1",Доставка,Услуги Груши,99,99,0,1,99
221220-904-9129,2022-12-20,доставлен,21:17:00,21:50:00,"Москва, Ленинский проспект, 78к1",Вода минеральная лечебно-столовая Borjomi газированная,Вода,149,119,30,1,119
221220-904-9129,2022-12-20,доставлен,21:17:00,21:50:00,"Москва, Ленинский проспект, 78к1","Гранат, Азербайджан",Фрукты,149,149,0,1,149
221220-904-9129,2022-12-20,доставлен,21:17:00,21:50:00,"Москва, Ленинский проспект, 78к1",Конфеты с суфле Птица дивная Акконд в шоколадной глазури,Сладости,279,279,0,3,837
221220-904-9129,2022-12-20,доставлен,21:17:00,21:50:00,"Москва, Ленинский проспект, 78к1","Масло сливочное 82,5% Вологодское",База,329,269,60,2,538
221220-904-9129,2022-12-20,доставлен,21:17:00,21:50:00,"Москва, Ленинский проспект, 78к1",Оладьи из кабачков Азбука Вкуса,Готовая еда,299,299,0,1,299
221220-904-9129,2022-12-20,доставлен,21:17:00,21:50:00,"Москва, Ленинский проспект, 78к1",Доставка,Услуги Груши,0,0,0,1,0
221220-904-9129,2022-12-20,доставлен,21:17:00,21:50:00,"Москва, Ленинский проспект, 78к1",Упаковка,Услуги Груши,12,12,0,1,12
221224-473-8671,2022-12-24,доставлен,10:04:00,10:37:00,"Москва, Ленинский проспект, 78к1",Вода Шишкин лес негазированная,Вода,49,49,0,1,49
221224-473-8671,2022-12-24,доставлен,10:04:00,10:37:00,"Москва, Ленинский проспект, 78к1","Масло сливочное 82,5% Вологодское Из Вологды",База,279,279,0,2,558
221224-473-8671,2022-12-24,доставлен,10:04:00,10:37:00,"Москва, Ленинский проспект, 78к1","Масло сливочное 72,5% Из Груши",База,179,179,0,1,179
221224-473-8671,2022-12-24,доставлен,10:04:00,10:37:00,"Москва, Ленинский проспект, 78к1",Сметана 15% Из Груши,База,109,109,0,1,109
221224-473-8671,2022-12-24,доставлен,10:04:00,10:37:00,"Москва, Ленинский проспект, 78к1",Апельсины,Фрукты,129,129,0,1,129
221224-473-8671,2022-12-24,доставлен,10:04:00,10:37:00,"Москва, Ленинский проспект, 78к1",Доставка,Услуги Груши,0,0,0,1,0
221226-237-3298,2022-12-26,доставлен,10:56:00,11:18:00,"Москва, Ленинский проспект, 78к1",Батарейки Kodak Max Super Alkaline AA,Товары для дома,389,389,0,1,389
221226-237-3298,2022-12-26,доставлен,10:56:00,11:18:00,"Москва, Ленинский проспект, 78к1",Доставка,Услуги Груши,0,0,0,1,0
221226-237-3298,2022-12-26,доставлен,10:56:00,11:18:00,"Москва, Ленинский проспект, 78к1",Упаковка,Услуги Груши,12,12,0,1,12
221226-505-6766,2022-12-26,доставлен,20:19:00,21:18:00,"Москва, Ленинский проспект, 78к1","Молоко 2,5% Асеньевская ферма пастеризованное",База,99,99,0,2,198
221226-505-6766,2022-12-26,доставлен,20:19:00,21:18:00,"Москва, Ленинский проспект, 78к1",Черешня Розовый жемчуг,Фрукты,859,859,0,3,2577
221226-505-6766,2022-12-26,доставлен,20:19:00,21:18:00,"Москва, Ленинский проспект, 78к1",Доставка,Услуги Груши,0,0,0,1,0
221226-505-6766,2022-12-26,доставлен,20:19:00,21:18:00,"Москва, Ленинский проспект, 78к1",Упаковка,Услуги Груши,12,12,0,1,12
221227-698-7279,2022-12-27,доставлен,18:43:00,18:58:00,"Москва, Ленинский проспект, 78к1",Чипсы Lay's Из Печи Сметана и ароматные травы,Снеки,99,99,0,1,99
221227-698-7279,2022-12-27,доставлен,18:43:00,18:58:00,"Москва, Ленинский проспект, 78к1",Батончик шоколадный Twix,Сладости,59,59,0,1,59
221227-698-7279,2022-12-27,доставлен,18:43:00,18:58:00,"Москва, Ленинский проспект, 78к1","Напиток функциональный Actimuno гранат 1,5%",Напитки,49,49,0,1,49
221227-698-7279,2022-12-27,доставлен,18:43:00,18:58:00,"Москва, Ленинский проспект, 78к1",Филе куриное запечённое с помидорами и сыром Азбука Вкуса,Готовая еда,289,289,0,1,289
221227-698-7279,2022-12-27,доставлен,18:43:00,18:58:00,"Москва, Ленинский проспект, 78к1",Свечка с ароматом камина в подарок Из Груши,Товары для дома,29,19,10,1,19
221227-698-7279,2022-12-27,доставлен,18:43:00,18:58:00,"Москва, Ленинский проспект, 78к1",Печенье Яшкино апельсин,Сладости,79,79,0,1,79
221227-698-7279,2022-12-27,доставлен,18:43:00,18:58:00,"Москва, Ленинский проспект, 78к1",Вода Шишкин лес негазированная,Вода,49,49,0,1,49
221227-698-7279,2022-12-27,доставлен,18:43:00,18:58:00,"Москва, Ленинский проспект, 78к1",Доставка,Услуги Груши,119,119,0,1,119
221228-951-4124,2022-12-28,доставлен,09:56:00,10:02:00,"Москва, Ленинский проспект, 78к1",Напиток газированный Кола Добрый,Напитки,99,99,0,1,99
221228-951-4124,2022-12-28,доставлен,09:56:00,10:02:00,"Москва, Ленинский проспект, 78к1",Блинчики с сёмгой и творожным сыром Азбука вкуса,Готовая еда,319,319,0,1,319
221228-951-4124,2022-12-28,доставлен,09:56:00,10:02:00,"Москва, Ленинский проспект, 78к1",Шоколад тёмный Lindt Excellence с кусочками апельсина,Сладости,249,249,0,1,249
221228-951-4124,2022-12-28,доставлен,09:56:00,10:02:00,"Москва, Ленинский проспект, 78к1",Мармелад жевательный Haribo Goldbaren,Сладости,149,109,40,1,109
221228-951-4124,2022-12-28,доставлен,09:56:00,10:02:00,"Москва, Ленинский проспект, 78к1",Кето-курица с начинкой из брокколи и шпината с запечёнными овощами Грабли,Готовая еда,399,399,0,1,399
221228-951-4124,2022-12-28,доставлен,09:56:00,10:02:00,"Москва, Ленинский проспект, 78к1",Сэндвич с индейкой и моцареллой Из Груши,Готовая еда,239,199,40,1,199
221228-951-4124,2022-12-28,доставлен,09:56:00,10:02:00,"Москва, Ленинский проспект, 78к1",Чипсы Pringles паприка,Снеки,299,299,0,1,299
221228-951-4124,2022-12-28,доставлен,09:56:00,10:02:00,"Москва, Ленинский проспект, 78к1",Чипсы Simply chips сыр пармезан с чесноком и зеленью,Снеки,109,109,0,1,109
221228-951-4124,2022-12-28,доставлен,09:56:00,10:02:00,"Москва, Ленинский проспект, 78к1",Стиральный порошок Persil автомат,Товары для дома,599,599,0,1,599
221228-951-4124,2022-12-28,доставлен,09:56:00,10:02:00,"Москва, Ленинский проспект, 78к1",Сок апельсиновый Из Груши прямой отжим,Напитки,359,359,0,1,359
221228-951-4124,2022-12-28,доставлен,09:56:00,10:02:00,"Москва, Ленинский проспект, 78к1",Доставка,Услуги Груши,0,0,0,1,0
221229-707-1757,2022-12-29,доставлен,07:23:00,07:46:00,"Москва, Ленинский проспект, 78к1",Чиабатта Булка,База,169,169,0,1,169
221229-707-1757,2022-12-29,доставлен,07:23:00,07:46:00,"Москва, Ленинский проспект, 78к1",Мандарины Абхазия,Фрукты,299,299,0,1,299
221229-707-1757,2022-12-29,доставлен,07:23:00,07:46:00,"Москва, Ленинский проспект, 78к1",Сэндвич на круассане с индейкой и мандариновым соусом Eggsellent x Груша,Готовая еда,339,339,0,1,339
221229-707-1757,2022-12-29,доставлен,07:23:00,07:46:00,"Москва, Ленинский проспект, 78к1",Батончик Бабаевский с помадно-сливочной начинкой,Сладости,39,39,0,1,39
221229-707-1757,2022-12-29,доставлен,07:23:00,07:46:00,"Москва, Ленинский проспект, 78к1",Лук-порей,Овощи,319,319,0,1,319
221229-707-1757,2022-12-29,доставлен,07:23:00,07:46:00,"Москва, Ленинский проспект, 78к1",Крекеры Tuc сыр,Снеки,119,119,0,2,238
221229-707-1757,2022-12-29,доставлен,07:23:00,07:46:00,"Москва, Ленинский проспект, 78к1",Пирог с сыром и шпинатом Рамонти Пайз,Готовая еда,179,179,0,1,179
221229-707-1757,2022-12-29,доставлен,07:23:00,07:46:00,"Москва, Ленинский проспект, 78к1",Шарики сырные с моцареллой Азбука Вкуса,Готовая еда,199,199,0,1,199
221229-707-1757,2022-12-29,доставлен,07:23:00,07:46:00,"Москва, Ленинский проспект, 78к1",Чистящее средство Synergetic для окон и зеркал,Товары для дома,279,279,0,1,279
221229-707-1757,2022-12-29,доставлен,07:23:00,07:46:00,"Москва, Ленинский проспект, 78к1",Доставка,Услуги Груши,79,79,0,1,79
221229-707-1757,2022-12-29,доставлен,07:23:00,07:46:00,"Москва, Ленинский проспект, 78к1",Упаковка,Услуги Груши,12,12,0,1,12
221229-711-1389,2022-12-29,доставлен,21:43:00,21:53:00,"Москва, Ленинский проспект, 78к1",Яйцо куриное СО Из Груши,База,129,129,0,1,129
221229-711-1389,2022-12-29,доставлен,21:43:00,21:53:00,"Москва, Ленинский проспект, 78к1",Чипсы Lay's Из печи Нежный сыр с зеленью,Снеки,109,109,0,1,109
221229-711-1389,2022-12-29,доставлен,21:43:00,21:53:00,"Москва, Ленинский проспект, 78к1",Малина Из Груши,Фрукты,749,749,0,1,749
221229-711-1389,2022-12-29,доставлен,21:43:00,21:53:00,"Москва, Ленинский проспект, 78к1","Молоко цельное 3,4-6% Нашей дойки пастеризованное",База,99,99,0,1,99
221229-711-1389,2022-12-29,доставлен,21:43:00,21:53:00,"Москва, Ленинский проспект, 78к1",Апельсины,Фрукты,129,129,0,1,129
221229-711-1389,2022-12-29,доставлен,21:43:00,21:53:00,"Москва, Ленинский проспект, 78к1",Морковь мытая,Овощи,69,69,0,1,69
221229-711-1389,2022-12-29,доставлен,21:43:00,21:53:00,"Москва, Ленинский проспект, 78к1",Мандарины Абхазия,Фрукты,299,299,0,1,299
221229-711-1389,2022-12-29,доставлен,21:43:00,21:53:00,"Москва, Ленинский проспект, 78к1",Банан,Фрукты,19,19,0,1,19
221229-711-1389,2022-12-29,доставлен,21:43:00,21:53:00,"Москва, Ленинский проспект, 78к1",Брокколи свежая,Овощи,209,209,0,1,209
221229-711-1389,2022-12-29,доставлен,21:43:00,21:53:00,"Москва, Ленинский проспект, 78к1",Стиральный порошок Persil автомат,Товары для дома,599,599,0,1,599
221229-711-1389,2022-12-29,доставлен,21:43:00,21:53:00,"Москва, Ленинский проспект, 78к1",Lay's Из печи томаты и базилик,Снеки,109,109,0,1,109
221229-711-1389,2022-12-29,доставлен,21:43:00,21:53:00,"Москва, Ленинский проспект, 78к1",Доставка,Услуги Груши,99,99,0,1,99
221230-832-8892,2022-12-30,доставлен,08:57:00,09:07:00,"Москва, Ленинский проспект, 78к1","Кефир 3,2% Асеньевская ферма",База,119,119,0,1,119
221230-832-8892,2022-12-30,доставлен,08:57:00,09:07:00,"Москва, Ленинский проспект, 78к1",Банан,Фрукты,19,19,0,1,19
221230-832-8892,2022-12-30,доставлен,08:57:00,09:07:00,"Москва, Ленинский проспект, 78к1",Чипсы Lay's Из Печи Сметана и ароматные травы,Снеки,99,89,10,1,89
221230-832-8892,2022-12-30,доставлен,08:57:00,09:07:00,"Москва, Ленинский проспект, 78к1",Сэндвич на круассане с лососем и муссом из шпината Из Груши,Готовая еда,319,319,0,2,638
221230-832-8892,2022-12-30,доставлен,08:57:00,09:07:00,"Москва, Ленинский проспект, 78к1",Шпинат,Овощи,259,259,0,1,259
221230-832-8892,2022-12-30,доставлен,08:57:00,09:07:00,"Москва, Ленинский проспект, 78к1",Помидоры черри на ветке,Овощи,289,289,0,1,289
221230-832-8892,2022-12-30,доставлен,08:57:00,09:07:00,"Москва, Ленинский проспект, 78к1",Омлет Классический со шпинатным соусом Из Груши,Готовая еда,179,179,0,1,179
221230-832-8892,2022-12-30,доставлен,08:57:00,09:07:00,"Москва, Ленинский проспект, 78к1",Чипсы креветочные Nongshim острые,Снеки,139,139,0,1,139
221230-832-8892,2022-12-30,доставлен,08:57:00,09:07:00,"Москва, Ленинский проспект, 78к1",Масло подсолнечное рафинированное Из Груши,База,199,199,0,1,199
221230-832-8892,2022-12-30,доставлен,08:57:00,09:07:00,"Москва, Ленинский проспект, 78к1",Термометр электронный Omron,Аптека,939,939,0,1,939
221230-832-8892,2022-12-30,доставлен,08:57:00,09:07:00,"Москва, Ленинский проспект, 78к1",Зелёный горошек Из Груши быстрозамороженный,Овощи,149,149,0,1,149
221230-832-8892,2022-12-30,доставлен,08:57:00,09:07:00,"Москва, Ленинский проспект, 78к1",Манго спелое,Фрукты,249,249,0,1,249
221230-832-8892,2022-12-30,доставлен,08:57:00,09:07:00,"Москва, Ленинский проспект, 78к1",Доставка,Услуги Груши,0,0,0,1,0
221230-715-3144,2022-12-30,доставлен,19:17:00,19:38:00,"Москва, Ленинский проспект, 78к1",Мандарины Абхазия,Фрукты,299,299,0,1,299
221230-715-3144,2022-12-30,доставлен,19:17:00,19:38:00,"Москва, Ленинский проспект, 78к1",Батончик Snickers лесной орех,Сладости,79,79,0,1,79
221230-715-3144,2022-12-30,доставлен,19:17:00,19:38:00,"Москва, Ленинский проспект, 78к1",Печенье Яшкино апельсин,Сладости,79,79,0,1,79
221230-715-3144,2022-12-30,доставлен,19:17:00,19:38:00,"Москва, Ленинский проспект, 78к1",Суп-пюре сырный с креветками Азбука вкуса,Готовая еда,299,269,30,1,269
221230-715-3144,2022-12-30,доставлен,19:17:00,19:38:00,"Москва, Ленинский проспект, 78к1",Сосиски из индейки Из Груши с брокколи и морковью,База,279,279,0,1,279
221230-715-3144,2022-12-30,доставлен,19:17:00,19:38:00,"Москва, Ленинский проспект, 78к1",Шпинат,Овощи,259,259,0,1,259
221230-715-3144,2022-12-30,доставлен,19:17:00,19:38:00,"Москва, Ленинский проспект, 78к1",Помидоры черри Эко-культура круглые красные на ветке,Овощи,339,269,70,1,269
221230-715-3144,2022-12-30,доставлен,19:17:00,19:38:00,"Москва, Ленинский проспект, 78к1",Помидоры сливовидные Эко-культура красные на ветке,Овощи,359,359,0,2,718
221230-715-3144,2022-12-30,доставлен,19:17:00,19:38:00,"Москва, Ленинский проспект, 78к1",Сметана 15% Из Груши,База,109,109,0,2,218
221230-715-3144,2022-12-30,доставлен,19:17:00,19:38:00,"Москва, Ленинский проспект, 78к1",Морковь мытая,Овощи,69,69,0,1,69
221230-715-3144,2022-12-30,доставлен,19:17:00,19:38:00,"Москва, Ленинский проспект, 78к1",Блинчики с курицей и грибами Азбука Вкуса,Готовая еда,229,229,0,1,229
221230-715-3144,2022-12-30,доставлен,19:17:00,19:38:00,"Москва, Ленинский проспект, 78к1",Клюква Планета витаминов замороженная,Фрукты,249,249,0,1,249
221230-715-3144,2022-12-30,доставлен,19:17:00,19:38:00,"Москва, Ленинский проспект, 78к1",Сок грейпфрутовый Из Груши прямого отжима,Напитки,429,429,0,1,429
221230-715-3144,2022-12-30,доставлен,19:17:00,19:38:00,"Москва, Ленинский проспект, 78к1",Доставка,Услуги Груши,49,49,0,1,49
221230-715-3144,2022-12-30,доставлен,19:17:00,19:38:00,"Москва, Ленинский проспект, 78к1",Упаковка,Услуги Груши,12,12,0,1,12
221231-944-6099,2022-12-31,доставлен,09:37:00,09:50:00,"Москва, Ленинский проспект, 78к1",Батончик Snickers лесной орех,Сладости,79,79,0,1,79
221231-944-6099,2022-12-31,доставлен,09:37:00,09:50:00,"Москва, Ленинский проспект, 78к1",Омлет запечённый с муссом из филе лосося,Готовая еда,199,199,0,1,199
221231-944-6099,2022-12-31,доставлен,09:37:00,09:50:00,"Москва, Ленинский проспект, 78к1",Хачапури по-аджарски Из Груши,Готовая еда,289,289,0,2,578
221231-944-6099,2022-12-31,доставлен,09:37:00,09:50:00,"Москва, Ленинский проспект, 78к1",Клубника,Фрукты,279,279,0,1,279
221231-944-6099,2022-12-31,доставлен,09:37:00,09:50:00,"Москва, Ленинский проспект, 78к1",Помидоры сливовидные,Овощи,89,89,0,1,89
221231-944-6099,2022-12-31,доставлен,09:37:00,09:50:00,"Москва, Ленинский проспект, 78к1",Руккола Из Груши,Овощи,139,139,0,1,139
221231-944-6099,2022-12-31,доставлен,09:37:00,09:50:00,"Москва, Ленинский проспект, 78к1",Вода Архыз Vita негазированная,Вода,59,59,0,1,59
221231-944-6099,2022-12-31,доставлен,09:37:00,09:50:00,"Москва, Ленинский проспект, 78к1",Блинчики с творогом Азбука Вкуса,Готовая еда,169,169,0,2,338
221231-944-6099,2022-12-31,доставлен,09:37:00,09:50:00,"Москва, Ленинский проспект, 78к1",Помидоры сладкие Бархатный мёд,Овощи,909,909,0,1,909
221231-944-6099,2022-12-31,доставлен,09:37:00,09:50:00,"Москва, Ленинский проспект, 78к1",Брокколи свежая,Овощи,209,209,0,1,209
221231-944-6099,2022-12-31,доставлен,09:37:00,09:50:00,"Москва, Ленинский проспект, 78к1",Доставка,Услуги Груши,0,0,0,1,0
221231-944-6099,2022-12-31,доставлен,09:37:00,09:50:00,"Москва, Ленинский проспект, 78к1",Упаковка,Услуги Груши,12,12,0,1,12
230104-721-1726,2023-01-04,доставлен,18:59:00,20:19:00,"Москва, Ленинский проспект, 78к1",Вода Шишкин лес негазированная,Вода,49,49,0,1,49
230104-721-1726,2023-01-04,доставлен,18:59:00,20:19:00,"Москва, Ленинский проспект, 78к1","Молоко 2,5% Асеньевская ферма пастеризованное",База,99,99,0,1,99
230104-721-1726,2023-01-04,доставлен,18:59:00,20:19:00,"Москва, Ленинский проспект, 78к1","Масло сливочное 82,5% Вологодское Из Вологды",База,339,339,0,2,678
230104-721-1726,2023-01-04,доставлен,18:59:00,20:19:00,"Москва, Ленинский проспект, 78к1","Масло сливочное 72,5% Из Груши",База,179,179,0,1,179
230104-721-1726,2023-01-04,доставлен,18:59:00,20:19:00,"Москва, Ленинский проспект, 78к1",Доставка,Услуги Груши,49,49,0,1,49
230104-721-1726,2023-01-04,доставлен,18:59:00,20:19:00,"Москва, Ленинский проспект, 78к1",Упаковка,Услуги Груши,15,15,0,1,15
230106-092-7161,2023-01-06,доставлен,08:45:00,09:08:00,"Москва, Ленинский проспект, 78к1",Лапша рисовая с креветками и овощами Азбука life,Готовая еда,649,649,0,1,649
230106-092-7161,2023-01-06,доставлен,08:45:00,09:08:00,"Москва, Ленинский проспект, 78к1",Доставка,Услуги Груши,0,0,0,1,0
230106-474-4036,2023-01-06,доставлен,20:15:00,20:37:00,"Москва, Ленинский проспект, 78к1",Мандарины Абхазия,Фрукты,299,299,0,2,598
230106-474-4036,2023-01-06,доставлен,20:15:00,20:37:00,"Москва, Ленинский проспект, 78к1",Доставка,Услуги Груши,0,0,0,1,0
230108-754-8111,2023-01-08,доставлен,07:33:00,07:50:00,"Москва, Ленинский проспект, 78к1",Пицца Маргарита Из Груши,Готовая еда,639,639,0,1,639
230108-754-8111,2023-01-08,доставлен,07:33:00,07:50:00,"Москва, Ленинский проспект, 78к1",Хурма Королёк,Фрукты,339,279,60,1,279
230108-754-8111,2023-01-08,доставлен,07:33:00,07:50:00,"Москва, Ленинский проспект, 78к1",Шоколад молочный Ritter Sport Extra Nut с цельным лесным орехом,Сладости,169,169,0,1,169
230108-754-8111,2023-01-08,доставлен,07:33:00,07:50:00,"Москва, Ленинский проспект, 78к1",Доставка,Услуги Груши,0,0,0,1,0
230109-706-3864,2023-01-09,доставлен,19:49:00,19:59:00,"Москва, Ленинский проспект, 78к1",Куриная отбивная в кляре с картофельным пюре по-домашнему,Готовая еда,259,259,0,1,259
230109-706-3864,2023-01-09,доставлен,19:49:00,19:59:00,"Москва, Ленинский проспект, 78к1",Огурцы короткоплодные,Овощи,89,89,0,1,89
230109-706-3864,2023-01-09,доставлен,19:49:00,19:59:00,"Москва, Ленинский проспект, 78к1",Батончик Snickers лесной орех,Сладости,119,119,0,1,119
230109-706-3864,2023-01-09,доставлен,19:49:00,19:59:00,"Москва, Ленинский проспект, 78к1",Абрикосы,Фрукты,179,179,0,2,358
230109-706-3864,2023-01-09,доставлен,19:49:00,19:59:00,"Москва, Ленинский проспект, 78к1",Доставка,Услуги Груши,0,0,0,1,0
230111-922-2881,2023-01-11,доставлен,09:36:00,09:54:00,"Москва, Ленинский проспект, 78к1",Хлопья кукурузные Из Груши без глютена без добавления сахара,База,239,239,0,1,239
230111-922-2881,2023-01-11,доставлен,09:36:00,09:54:00,"Москва, Ленинский проспект, 78к1",Домашний сыр в шпинатном соусе с рисом басмати Палак Панир Chindi Kitchen,Готовая еда,379,379,0,1,379
230111-922-2881,2023-01-11,доставлен,09:36:00,09:54:00,"Москва, Ленинский проспект, 78к1",Грейпфрут дольки нарезанные Из Груши,Фрукты,199,199,0,1,199
230111-922-2881,2023-01-11,доставлен,09:36:00,09:54:00,"Москва, Ленинский проспект, 78к1",Хурма Королёк,Фрукты,339,339,0,1,339
230111-922-2881,2023-01-11,доставлен,09:36:00,09:54:00,"Москва, Ленинский проспект, 78к1",Стиральный порошок Persil автомат,Товары для дома,829,829,0,1,829
230111-922-2881,2023-01-11,доставлен,09:36:00,09:54:00,"Москва, Ленинский проспект, 78к1",Суп с куриными фрикадельками и пастой Алфавит Азбука вкуса,Готовая еда,129,129,0,1,129
230111-922-2881,2023-01-11,доставлен,09:36:00,09:54:00,"Москва, Ленинский проспект, 78к1",Яйцо куриное СО Из Груши,База,159,159,0,2,318
230111-922-2881,2023-01-11,доставлен,09:36:00,09:54:00,"Москва, Ленинский проспект, 78к1",Помидоры черри на ветке,Овощи,289,289,0,1,289
230111-922-2881,2023-01-11,доставлен,09:36:00,09:54:00,"Москва, Ленинский проспект, 78к1",Доставка,Услуги Груши,0,0,0,1,0
230111-922-2881,2023-01-11,доставлен,09:36:00,09:54:00,"Москва, Ленинский проспект, 78к1",Упаковка,Услуги Груши,15,15,0,1,15
230111-174-0294,2023-01-11,доставлен,21:18:00,21:27:00,"Москва, Ленинский проспект, 78к1",Яйцо куриное СО Из Груши,База,159,159,0,1,159
230111-174-0294,2023-01-11,доставлен,21:18:00,21:27:00,"Москва, Ленинский проспект, 78к1",Лимон,Фрукты,29,29,0,1,29
230111-174-0294,2023-01-11,доставлен,21:18:00,21:27:00,"Москва, Ленинский проспект, 78к1","Шоколад молочный Ritter Sport с ромом, изюмом и орехом",Сладости,159,159,0,1,159
230111-174-0294,2023-01-11,доставлен,21:18:00,21:27:00,"Москва, Ленинский проспект, 78к1",Плов с бараниной Азбука Вкуса,Готовая еда,349,289,60,1,289
230111-174-0294,2023-01-11,доставлен,21:18:00,21:27:00,"Москва, Ленинский проспект, 78к1",Доставка,Услуги Груши,49,49,0,1,49
230118-259-0547,2023-01-18,доставлен,19:45:00,21:05:00,"Москва, Ленинский проспект, 78к1","Кефир 3,2% Асеньевская ферма",База,119,119,0,1,119
230118-259-0547,2023-01-18,доставлен,19:45:00,21:05:00,"Москва, Ленинский проспект, 78к1",Вода Шишкин лес негазированная,Вода,49,49,0,1,49
230118-259-0547,2023-01-18,доставлен,19:45:00,21:05:00,"Москва, Ленинский проспект, 78к1","Молоко 2,5% Асеньевская ферма пастеризованное",База,99,99,0,1,99
230118-259-0547,2023-01-18,доставлен,19:45:00,21:05:00,"Москва, Ленинский проспект, 78к1","Масло сливочное 82,5% Вологодское Из Вологды",База,339,339,0,1,339
230118-259-0547,2023-01-18,доставлен,19:45:00,21:05:00,"Москва, Ленинский проспект, 78к1","Масло сливочное 72,5% Из Груши",База,179,179,0,1,179
230118-259-0547,2023-01-18,доставлен,19:45:00,21:05:00,"Москва, Ленинский проспект, 78к1",Сэндвич с ростбифом The Truffle,Готовая еда,309,309,0,1,309
230118-259-0547,2023-01-18,доставлен,19:45:00,21:05:00,"Москва, Ленинский проспект, 78к1",Доставка,Услуги Груши,0,0,0,1,0
230118-259-0547,2023-01-18,доставлен,19:45:00,21:05:00,"Москва, Ленинский проспект, 78к1",Упаковка,Услуги Груши,15,15,0,1,15
230119-842-8200,2023-01-19,доставлен,20:26:00,20:46:00,"Москва, Ленинский проспект, 78к1",Свёкла с майонезом и чесноком Азбука вкуса,Готовая еда,209,209,0,1,209
230119-842-8200,2023-01-19,доставлен,20:26:00,20:46:00,"Москва, Ленинский проспект, 78к1",Чипсы Mojno батат сыр чеддер,Снеки,179,179,0,2,358
230119-842-8200,2023-01-19,доставлен,20:26:00,20:46:00,"Москва, Ленинский проспект, 78к1",Доставка,Услуги Груши,149,149,0,1,149
230121-319-9029,2023-01-21,доставлен,10:15:00,10:38:00,"Москва, Ленинский проспект, 78к1",Микстура от кашля для взрослых порошок 1.7 г 1 шт,Аптека,19,19,0,1,19
230121-319-9029,2023-01-21,доставлен,10:15:00,10:38:00,"Москва, Ленинский проспект, 78к1","Напиток функциональный Actimuno гранат 1,5%",Напитки,49,49,0,1,49
230121-319-9029,2023-01-21,доставлен,10:15:00,10:38:00,"Москва, Ленинский проспект, 78к1",Доставка,Услуги Груши,99,99,0,1,99
230121-319-9029,2023-01-21,доставлен,10:15:00,10:38:00,"Москва, Ленинский проспект, 78к1",Упаковка,Услуги Груши,15,15,0,1,15
230122-465-0448,2023-01-22,доставлен,10:20:00,10:30:00,"Москва, Ленинский проспект, 78к1",Чипсы Lay's Из Печи Сметана и ароматные травы,Снеки,109,89,20,1,89
230122-465-0448,2023-01-22,доставлен,10:20:00,10:30:00,"Москва, Ленинский проспект, 78к1",Освежитель воздуха Glade лаванда,Товары для дома,249,249,0,1,249
230122-465-0448,2023-01-22,доставлен,10:20:00,10:30:00,"Москва, Ленинский проспект, 78к1",Спелые бананы,Фрукты,229,229,0,1,229
230122-465-0448,2023-01-22,доставлен,10:20:00,10:30:00,"Москва, Ленинский проспект, 78к1",Филе куриное запечённое с помидорами и сыром Азбука Вкуса,Готовая еда,299,299,0,1,299
230122-465-0448,2023-01-22,доставлен,10:20:00,10:30:00,"Москва, Ленинский проспект, 78к1",Доставка,Услуги Груши,49,49,0,1,49
230122-465-0448,2023-01-22,доставлен,10:20:00,10:30:00,"Москва, Ленинский проспект, 78к1",Упаковка,Услуги Груши,15,15,0,1,15
230124-901-9945,2023-01-24,доставлен,08:49:00,08:59:00,"Москва, Ленинский проспект, 78к1",Яйцо куриное СО Из Груши,База,159,159,0,1,159
230124-901-9945,2023-01-24,доставлен,08:49:00,08:59:00,"Москва, Ленинский проспект, 78к1",Мандарины Абхазия,Фрукты,299,299,0,1,299
230124-901-9945,2023-01-24,доставлен,08:49:00,08:59:00,"Москва, Ленинский проспект, 78к1",Малина Артфрут,Фрукты,259,259,0,1,259
230124-901-9945,2023-01-24,доставлен,08:49:00,08:59:00,"Москва, Ленинский проспект, 78к1",Мука пшеничная высшего сорта Из Груши,База,89,89,0,1,89
230124-901-9945,2023-01-24,доставлен,08:49:00,08:59:00,"Москва, Ленинский проспект, 78к1",Апельсины,Фрукты,129,129,0,1,129
230124-901-9945,2023-01-24,доставлен,08:49:00,08:59:00,"Москва, Ленинский проспект, 78к1",Доставка,Услуги Груши,0,0,0,1,0
230125-472-4694,2023-01-25,доставлен,09:35:00,09:50:00,"Москва, Ленинский проспект, 78к1",Сосиска в тесте Cook Chart Bakery,Готовая еда,119,119,0,2,238
230125-472-4694,2023-01-25,доставлен,09:35:00,09:50:00,"Москва, Ленинский проспект, 78к1",Банан,Фрукты,19,19,0,1,19
230125-472-4694,2023-01-25,доставлен,09:35:00,09:50:00,"Москва, Ленинский проспект, 78к1",Напиток газированный Кола Добрый,Напитки,99,99,0,1,99
230125-472-4694,2023-01-25,доставлен,09:35:00,09:50:00,"Москва, Ленинский проспект, 78к1",Доставка,Услуги Груши,99,99,0,1,99
230125-871-6149,2023-01-25,доставлен,17:29:00,17:51:00,"Москва, Ленинский проспект, 78к1",Печенье Творожные ушки Братья Караваевы,Сладости,349,349,0,1,349
230125-871-6149,2023-01-25,доставлен,17:29:00,17:51:00,"Москва, Ленинский проспект, 78к1",Сэндвич с индейкой и моцареллой Из Груши,Готовая еда,259,259,0,1,259
230125-871-6149,2023-01-25,доставлен,17:29:00,17:51:00,"Москва, Ленинский проспект, 78к1",Спелые бананы,Фрукты,229,229,0,1,229
230125-871-6149,2023-01-25,доставлен,17:29:00,17:51:00,"Москва, Ленинский проспект, 78к1",Салат Айсберг,Овощи,89,59,30,1,59
230125-871-6149,2023-01-25,доставлен,17:29:00,17:51:00,"Москва, Ленинский проспект, 78к1",Банан,Фрукты,19,19,0,1,19
230125-871-6149,2023-01-25,доставлен,17:29:00,17:51:00,"Москва, Ленинский проспект, 78к1",Доставка,Услуги Груши,99,99,0,1,99
230125-871-6149,2023-01-25,доставлен,17:29:00,17:51:00,"Москва, Ленинский проспект, 78к1",Упаковка,Услуги Груши,15,15,0,1,15
230126-717-6274,2023-01-26,доставлен,10:55:00,11:08:00,"Москва, Ленинский проспект, 78к1",Суп с куриными фрикадельками и пастой Алфавит Азбука вкуса,Готовая еда,129,129,0,1,129
230126-717-6274,2023-01-26,доставлен,10:55:00,11:08:00,"Москва, Ленинский проспект, 78к1",Доставка,Услуги Груши,49,49,0,1,49
230126-297-2718,2023-01-26,доставлен,19:31:00,19:39:00,"Москва, Ленинский проспект, 78к1",Лапша рисовая с креветками и овощами Азбука life,Готовая еда,649,649,0,1,649
230126-297-2718,2023-01-26,доставлен,19:31:00,19:39:00,"Москва, Ленинский проспект, 78к1","Шоколад молочный Ritter Sport с ромом, изюмом и орехом",Сладости,159,159,0,1,159
230126-297-2718,2023-01-26,доставлен,19:31:00,19:39:00,"Москва, Ленинский проспект, 78к1",Цукини,Овощи,189,189,0,1,189
230126-297-2718,2023-01-26,доставлен,19:31:00,19:39:00,"Москва, Ленинский проспект, 78к1",Доставка,Услуги Груши,0,0,0,1,0
230127-200-3460,2023-01-27,доставлен,20:40:00,20:59:00,"Москва, Ленинский проспект, 78к1","Молоко 2,5% Асеньевская ферма пастеризованное",База,99,89,10,2,178
230127-200-3460,2023-01-27,доставлен,20:40:00,20:59:00,"Москва, Ленинский проспект, 78к1",Авокадо Хасс Puro Gusto крупное,Овощи,239,189,50,1,189
230127-200-3460,2023-01-27,доставлен,20:40:00,20:59:00,"Москва, Ленинский проспект, 78к1",Апельсины сладкие,Фрукты,299,299,0,1,299
230127-200-3460,2023-01-27,доставлен,20:40:00,20:59:00,"Москва, Ленинский проспект, 78к1",Термометр электронный Omron,Аптека,939,939,0,1,939
230127-200-3460,2023-01-27,доставлен,20:40:00,20:59:00,"Москва, Ленинский проспект, 78к1",Чай чёрный Yantra цейлонский листовой,База,329,329,0,1,329
230127-200-3460,2023-01-27,доставлен,20:40:00,20:59:00,"Москва, Ленинский проспект, 78к1","Шоколад молочный Ritter Sport с ромом, изюмом и орехом",Сладости,159,159,0,2,318
230127-200-3460,2023-01-27,доставлен,20:40:00,20:59:00,"Москва, Ленинский проспект, 78к1",Манго спелое,Фрукты,529,529,0,1,529
230127-200-3460,2023-01-27,доставлен,20:40:00,20:59:00,"Москва, Ленинский проспект, 78к1",Огурцы Корнишон,Овощи,99,99,0,1,99
230127-200-3460,2023-01-27,доставлен,20:40:00,20:59:00,"Москва, Ленинский проспект, 78к1",Сэндвич с индейкой и моцареллой Из Груши,Готовая еда,259,259,0,2,518
230127-200-3460,2023-01-27,доставлен,20:40:00,20:59:00,"Москва, Ленинский проспект, 78к1",Доставка,Услуги Груши,79,79,0,1,79
230127-200-3460,2023-01-27,доставлен,20:40:00,20:59:00,"Москва, Ленинский проспект, 78к1",Упаковка,Услуги Груши,15,15,0,1,15
230128-057-9052,2023-01-28,доставлен,07:00:00,07:09:00,"Москва, Ленинский проспект, 78к1",Батарейка GP Super Alkaline ААА,Товары для дома,289,289,0,1,289
230128-057-9052,2023-01-28,доставлен,07:00:00,07:09:00,"Москва, Ленинский проспект, 78к1",Шоколад молочный Schogetten с фундуком,Сладости,119,119,0,3,357
230128-057-9052,2023-01-28,доставлен,07:00:00,07:09:00,"Москва, Ленинский проспект, 78к1",Груша Конференция,Фрукты,189,189,0,1,189
230128-057-9052,2023-01-28,доставлен,07:00:00,07:09:00,"Москва, Ленинский проспект, 78к1",Макароны Campanelle Barilla Collezione №99,База,239,239,0,1,239
230128-057-9052,2023-01-28,доставлен,07:00:00,07:09:00,"Москва, Ленинский проспект, 78к1",Доставка,Услуги Груши,49,49,0,1,49
230128-057-9052,2023-01-28,доставлен,07:00:00,07:09:00,"Москва, Ленинский проспект, 78к1",Упаковка,Услуги Груши,15,15,0,1,15
230128-292-3835,2023-01-28,доставлен,20:08:00,20:32:00,"Москва, Ленинский проспект, 78к1",Вода Шишкин лес негазированная,Вода,49,49,0,1,49
230128-292-3835,2023-01-28,доставлен,20:08:00,20:32:00,"Москва, Ленинский проспект, 78к1","Масло сливочное 72,5% Из Груши",База,179,179,0,1,179
230128-292-3835,2023-01-28,доставлен,20:08:00,20:32:00,"Москва, Ленинский проспект, 78к1",Спелые бананы,Фрукты,229,229,0,1,229
230128-292-3835,2023-01-28,доставлен,20:08:00,20:32:00,"Москва, Ленинский проспект, 78к1",Лук репчатый,Овощи,49,49,0,2,98
230128-292-3835,2023-01-28,доставлен,20:08:00,20:32:00,"Москва, Ленинский проспект, 78к1",Мармелад жевательный Haribo Goldbaren,Сладости,149,149,0,1,149
230128-292-3835,2023-01-28,доставлен,20:08:00,20:32:00,"Москва, Ленинский проспект, 78к1",Арбуз бруски Из Груши,Фрукты,209,209,0,1,209
230128-292-3835,2023-01-28,доставлен,20:08:00,20:32:00,"Москва, Ленинский проспект, 78к1",Сэндвич с мортаделлой и трюфельным соусом Из Груши,Готовая еда,219,219,0,1,219
230128-292-3835,2023-01-28,доставлен,20:08:00,20:32:00,"Москва, Ленинский проспект, 78к1",Сосиска в тесте Cook Chart Bakery,Готовая еда,119,119,0,1,119
230128-292-3835,2023-01-28,доставлен,20:08:00,20:32:00,"Москва, Ленинский проспект, 78к1",Доставка,Услуги Груши,0,0,0,1,0
230130-011-7383,2023-01-30,доставлен,08:18:00,08:36:00,"Москва, Ленинский проспект, 78к1","Масло сливочное 82,5% Вологодское Из Вологды",База,339,339,0,1,339
230130-011-7383,2023-01-30,доставлен,08:18:00,08:36:00,"Москва, Ленинский проспект, 78к1",Вода минеральная Petroglyph негазированная,Вода,149,149,0,1,149
230130-011-7383,2023-01-30,доставлен,08:18:00,08:36:00,"Москва, Ленинский проспект, 78к1",Малина Из Груши,Фрукты,749,749,0,1,749
230130-011-7383,2023-01-30,доставлен,08:18:00,08:36:00,"Москва, Ленинский проспект, 78к1",Печенье овсяное Овсянки Бейкери с клюквой,Сладости,209,209,0,1,209
230130-011-7383,2023-01-30,доставлен,08:18:00,08:36:00,"Москва, Ленинский проспект, 78к1",Вода минеральная лечебно-столовая Borjomi газированная,Вода,149,149,0,1,149
230130-011-7383,2023-01-30,доставлен,08:18:00,08:36:00,"Москва, Ленинский проспект, 78к1",Чипсы Pringles сметана-лук,Снеки,319,319,0,1,319
230130-011-7383,2023-01-30,доставлен,08:18:00,08:36:00,"Москва, Ленинский проспект, 78к1",Доставка,Услуги Груши,99,99,0,1,99
230130-011-7383,2023-01-30,доставлен,08:18:00,08:36:00,"Москва, Ленинский проспект, 78к1",Упаковка,Услуги Груши,15,15,0,1,15
230202-350-0438,2023-02-02,доставлен,09:59:00,10:12:00,"Москва, Ленинский проспект, 78к1","Кефир 3,2% Асеньевская ферма",База,119,119,0,1,119
230202-350-0438,2023-02-02,доставлен,09:59:00,10:12:00,"Москва, Ленинский проспект, 78к1",Сэндвич Гриль чиз Mates,Готовая еда,299,299,0,1,299
230202-350-0438,2023-02-02,доставлен,09:59:00,10:12:00,"Москва, Ленинский проспект, 78к1",Батончики KitKat с хрустящей вафлей в молочном шоколаде,Сладости,239,239,0,1,239
230202-350-0438,2023-02-02,доставлен,09:59:00,10:12:00,"Москва, Ленинский проспект, 78к1",Малина Из Груши,Фрукты,749,749,0,1,749
230202-350-0438,2023-02-02,доставлен,09:59:00,10:12:00,"Москва, Ленинский проспект, 78к1",Доставка,Услуги Груши,0,0,0,1,0
230202-350-0438,2023-02-02,доставлен,09:59:00,10:12:00,"Москва, Ленинский проспект, 78к1",Упаковка,Услуги Груши,15,15,0,1,15
230203-147-1534,2023-02-03,доставлен,11:00:00,11:14:00,"Москва, Ленинский проспект, 78к1",Цукини,Овощи,189,139,50,1,139
230203-147-1534,2023-02-03,доставлен,11:00:00,11:14:00,"Москва, Ленинский проспект, 78к1",Сэндвич на круассане с лососем и муссом из шпината Из Груши,Готовая еда,319,319,0,1,319
230203-147-1534,2023-02-03,доставлен,11:00:00,11:14:00,"Москва, Ленинский проспект, 78к1",Батончик шоколадный Snickers Super,Сладости,79,79,0,1,79
230203-147-1534,2023-02-03,доставлен,11:00:00,11:14:00,"Москва, Ленинский проспект, 78к1","Напиток соевый Alpro Banana банановый 0,9%",Напитки,269,269,0,1,269
230203-147-1534,2023-02-03,доставлен,11:00:00,11:14:00,"Москва, Ленинский проспект, 78к1",Туалетная бумага Zewa Плюс белая 2 слоя,Товары для дома,139,139,0,1,139
230203-147-1534,2023-02-03,доставлен,11:00:00,11:14:00,"Москва, Ленинский проспект, 78к1",Грейпфрут,Фрукты,69,69,0,1,69
230203-147-1534,2023-02-03,доставлен,11:00:00,11:14:00,"Москва, Ленинский проспект, 78к1","Напиток функциональный Actimuno гранат 1,5%",Напитки,49,49,0,2,98
230203-147-1534,2023-02-03,доставлен,11:00:00,11:14:00,"Москва, Ленинский проспект, 78к1",Помидоры черри Эко-культура круглые красные на ветке,Овощи,469,469,0,1,469
230203-147-1534,2023-02-03,доставлен,11:00:00,11:14:00,"Москва, Ленинский проспект, 78к1",Батончик шоколадный Milky Way 1+1,Сладости,59,59,0,1,59
230203-147-1534,2023-02-03,доставлен,11:00:00,11:14:00,"Москва, Ленинский проспект, 78к1",Доставка,Услуги Груши,0,0,0,1,0
230203-579-1035,2023-02-03,доставлен,19:18:00,19:28:00,"Москва, Ленинский проспект, 78к1",Батончики KitKat с хрустящей вафлей в молочном шоколаде,Сладости,239,239,0,3,717
230203-579-1035,2023-02-03,доставлен,19:18:00,19:28:00,"Москва, Ленинский проспект, 78к1",Таблетки для посудомоечных машин Synergetic,Товары для дома,569,569,0,1,569
230203-579-1035,2023-02-03,доставлен,19:18:00,19:28:00,"Москва, Ленинский проспект, 78к1",Голубика,Фрукты,259,259,0,1,259
230203-579-1035,2023-02-03,доставлен,19:18:00,19:28:00,"Москва, Ленинский проспект, 78к1",Сэндвич на зерновом хлебе с куриным филе и сливочным карри,Готовая еда,249,249,0,2,498
230203-579-1035,2023-02-03,доставлен,19:18:00,19:28:00,"Москва, Ленинский проспект, 78к1",Доставка,Услуги Груши,0,0,0,1,0
230206-596-8010,2023-02-06,доставлен,11:01:00,11:18:00,"Москва, Ленинский проспект, 78к1",Яйцо куриное СО Из Груши,База,159,159,0,1,159
230206-596-8010,2023-02-06,доставлен,11:01:00,11:18:00,"Москва, Ленинский проспект, 78к1",Доставка,Услуги Груши,79,79,0,1,79
230206-596-8010,2023-02-06,доставлен,11:01:00,11:18:00,"Москва, Ленинский проспект, 78к1",Упаковка,Услуги Груши,15,15,0,1,15
230206-834-7079,2023-02-06,доставлен,23:04:00,23:13:00,"Москва, Ленинский проспект, 78к1","Молоко 2,5% Асеньевская ферма пастеризованное",База,99,99,0,1,99
230206-834-7079,2023-02-06,доставлен,23:04:00,23:13:00,"Москва, Ленинский проспект, 78к1",Стиральный порошок Persil автомат,Товары для дома,829,829,0,1,829
230206-834-7079,2023-02-06,доставлен,23:04:00,23:13:00,"Москва, Ленинский проспект, 78к1",Доставка,Услуги Груши,79,79,0,1,79
230207-682-3662,2023-02-07,доставлен,09:15:00,09:25:00,"Москва, Ленинский проспект, 78к1",Вода Шишкин лес негазированная,Вода,49,49,0,4,196
230207-682-3662,2023-02-07,доставлен,09:15:00,09:25:00,"Москва, Ленинский проспект, 78к1","Масло сливочное 72,5% Из Груши",База,179,179,0,1,179
230207-682-3662,2023-02-07,доставлен,09:15:00,09:25:00,"Москва, Ленинский проспект, 78к1",Огурцы короткоплодные,Овощи,89,89,0,1,89
230207-682-3662,2023-02-07,доставлен,09:15:00,09:25:00,"Москва, Ленинский проспект, 78к1",Доставка,Услуги Груши,119,119,0,1,119
230211-862-1478,2023-02-11,доставлен,09:02:00,09:09:00,"Москва, Ленинский проспект, 78к1","Масло сливочное 82,5% Вологодское Из Вологды",База,339,339,0,1,339
230211-862-1478,2023-02-11,доставлен,09:02:00,09:09:00,"Москва, Ленинский проспект, 78к1","Напиток соевый Alpro Banana банановый 1,8%",Напитки,109,109,0,1,109
230211-862-1478,2023-02-11,доставлен,09:02:00,09:09:00,"Москва, Ленинский проспект, 78к1",Арбуз бруски Из Груши,Фрукты,209,209,0,1,209
230211-862-1478,2023-02-11,доставлен,09:02:00,09:09:00,"Москва, Ленинский проспект, 78к1",Помидоры черри на ветке,Овощи,289,289,0,2,578
230211-862-1478,2023-02-11,доставлен,09:02:00,09:09:00,"Москва, Ленинский проспект, 78к1",Батончик кокосовый Kick в карамельном шоколаде,Сладости,249,249,0,1,249
230211-862-1478,2023-02-11,доставлен,09:02:00,09:09:00,"Москва, Ленинский проспект, 78к1",Вареники с картофелем и грибами Из Груши,Готовая еда,329,329,0,1,329
230211-862-1478,2023-02-11,доставлен,09:02:00,09:09:00,"Москва, Ленинский проспект, 78к1","Яблоки Богатырь Агроном-сад отборные, 4 шт.",Фрукты,199,199,0,1,199
230211-862-1478,2023-02-11,доставлен,09:02:00,09:09:00,"Москва, Ленинский проспект, 78к1",Сметана 15% Из Груши,База,119,119,0,1,119
230211-862-1478,2023-02-11,доставлен,09:02:00,09:09:00,"Москва, Ленинский проспект, 78к1",Клубника свежая Артфрут,Фрукты,1390,1390,0,1,1390
230211-862-1478,2023-02-11,доставлен,09:02:00,09:09:00,"Москва, Ленинский проспект, 78к1",Доставка,Услуги Груши,0,0,0,1,0
230211-862-1478,2023-02-11,доставлен,09:02:00,09:09:00,"Москва, Ленинский проспект, 78к1",Упаковка,Услуги Груши,15,15,0,1,15
230212-439-9391,2023-02-12,доставлен,19:35:00,19:47:00,"Москва, Ленинский проспект, 78к1",Чипсы Lay's Из Печи Сметана и ароматные травы,Снеки,109,109,0,1,109
230212-439-9391,2023-02-12,доставлен,19:35:00,19:47:00,"Москва, Ленинский проспект, 78к1",Лепешки Мексиканские Оригинальные Delicados Tortillas,База,149,149,0,1,149
230212-439-9391,2023-02-12,доставлен,19:35:00,19:47:00,"Москва, Ленинский проспект, 78к1",Витамин D3 2000 МЕ Solgar 60 капсул,Аптека,1190,1190,0,1,1190
230212-439-9391,2023-02-12,доставлен,19:35:00,19:47:00,"Москва, Ленинский проспект, 78к1",Вода минеральная Petroglyph негазированная,Вода,149,149,0,1,149
230212-439-9391,2023-02-12,доставлен,19:35:00,19:47:00,"Москва, Ленинский проспект, 78к1",Доставка,Услуги Груши,79,79,0,1,79
230212-439-9391,2023-02-12,доставлен,19:35:00,19:47:00,"Москва, Ленинский проспект, 78к1",Упаковка,Услуги Груши,15,15,0,1,15
230214-172-5307,2023-02-14,доставлен,17:56:00,18:02:00,"Москва, Ленинский проспект, 78к1",Блинчики с творогом Азбука Вкуса,Готовая еда,169,169,0,1,169
230214-172-5307,2023-02-14,доставлен,17:56:00,18:02:00,"Москва, Ленинский проспект, 78к1",Помидоры сладкие Бархатный мёд,Овощи,1290,1190,100,1,1190
230214-172-5307,2023-02-14,доставлен,17:56:00,18:02:00,"Москва, Ленинский проспект, 78к1","Молоко безлактозное 1,5% Из Груши",База,109,109,0,1,109
230214-172-5307,2023-02-14,доставлен,17:56:00,18:02:00,"Москва, Ленинский проспект, 78к1",Сыр Маскарпоне Из Груши 80%,База,249,249,0,1,249
230214-172-5307,2023-02-14,доставлен,17:56:00,18:02:00,"Москва, Ленинский проспект, 78к1",Огурцы Корнишон,Овощи,99,99,0,2,198
230214-172-5307,2023-02-14,доставлен,17:56:00,18:02:00,"Москва, Ленинский проспект, 78к1",Морковь с сыром и чесноком Азбука Вкуса,База,229,229,0,1,229
230214-172-5307,2023-02-14,доставлен,17:56:00,18:02:00,"Москва, Ленинский проспект, 78к1",Доставка,Услуги Груши,0,0,0,1,0
230214-172-5307,2023-02-14,доставлен,17:56:00,18:02:00,"Москва, Ленинский проспект, 78к1",Упаковка,Услуги Груши,15,15,0,1,15
230214-452-2645,2023-02-14,доставлен,19:41:00,19:51:00,"Москва, Ленинский проспект, 78к1",Орехи кешью жареные Из Груши,Снеки,379,379,0,1,379
230214-452-2645,2023-02-14,доставлен,19:41:00,19:51:00,"Москва, Ленинский проспект, 78к1",Яблоки Криппс Пинк Собрано в саду 4 шт.,Фрукты,139,139,0,1,139
230214-452-2645,2023-02-14,доставлен,19:41:00,19:51:00,"Москва, Ленинский проспект, 78к1",Печенье Творожные ушки Братья Караваевы,Сладости,349,349,0,1,349
230214-452-2645,2023-02-14,доставлен,19:41:00,19:51:00,"Москва, Ленинский проспект, 78к1",Доставка,Услуги Груши,0,0,0,1,0
230216-111-9559,2023-02-16,доставлен,18:40:00,18:53:00,"Москва, Ленинский проспект, 78к1","Кефир 3,2% Асеньевская ферма",База,119,119,0,1,119
230216-111-9559,2023-02-16,доставлен,18:40:00,18:53:00,"Москва, Ленинский проспект, 78к1",Доставка,Услуги Груши,0,0,0,1,0
230217-017-7624,2023-02-17,доставлен,09:21:00,09:29:00,"Москва, Ленинский проспект, 78к1",Картошка Братья Караваевы,Сладости,259,259,0,1,259
230217-017-7624,2023-02-17,доставлен,09:21:00,09:29:00,"Москва, Ленинский проспект, 78к1",Клубника,Фрукты,639,639,0,1,639
230217-017-7624,2023-02-17,доставлен,09:21:00,09:29:00,"Москва, Ленинский проспект, 78к1",Апельсины сладкие,Фрукты,299,299,0,1,299
230217-017-7624,2023-02-17,доставлен,09:21:00,09:29:00,"Москва, Ленинский проспект, 78к1",Паста ореховая Nutella с какао,Сладости,439,439,0,1,439
230217-017-7624,2023-02-17,доставлен,09:21:00,09:29:00,"Москва, Ленинский проспект, 78к1","Напиток миндальный Alpro Original 1,1%",Напитки,229,229,0,1,229
230217-017-7624,2023-02-17,доставлен,09:21:00,09:29:00,"Москва, Ленинский проспект, 78к1",Доставка,Услуги Груши,0,0,0,1,0
230217-636-2235,2023-02-17,доставлен,11:48:00,12:09:00,"Москва, Ленинский проспект, 78к1",Авокадо Хасс,Овощи,289,219,70,2,438
230217-636-2235,2023-02-17,доставлен,11:48:00,12:09:00,"Москва, Ленинский проспект, 78к1",Борщ с говядиной Азбука Вкуса,Готовая еда,569,569,0,1,569
230217-636-2235,2023-02-17,доставлен,11:48:00,12:09:00,"Москва, Ленинский проспект, 78к1",Помидоры черри на ветке,Овощи,289,219,70,1,219
230217-636-2235,2023-02-17,доставлен,11:48:00,12:09:00,"Москва, Ленинский проспект, 78к1",Голубика,Фрукты,259,259,0,1,259
230217-636-2235,2023-02-17,доставлен,11:48:00,12:09:00,"Москва, Ленинский проспект, 78к1",Сыр Чеддер Из Груши нарезка,База,179,179,0,1,179
230217-636-2235,2023-02-17,доставлен,11:48:00,12:09:00,"Москва, Ленинский проспект, 78к1",Доставка,Услуги Груши,49,49,0,1,49
230217-880-8820,2023-02-17,доставлен,20:44:00,21:04:00,"Москва, Ленинский проспект, 78к1",Вода Шишкин лес негазированная,Вода,49,49,0,1,49
230217-880-8820,2023-02-17,доставлен,20:44:00,21:04:00,"Москва, Ленинский проспект, 78к1","Молоко 2,5% Асеньевская ферма пастеризованное",База,99,99,0,2,198
230217-880-8820,2023-02-17,доставлен,20:44:00,21:04:00,"Москва, Ленинский проспект, 78к1","Масло сливочное 72,5% Из Груши",База,179,129,50,1,129
230217-880-8820,2023-02-17,доставлен,20:44:00,21:04:00,"Москва, Ленинский проспект, 78к1",Перчики черри Из Груши фаршированные сливочным сыром,Овощи,299,299,0,1,299
230217-880-8820,2023-02-17,доставлен,20:44:00,21:04:00,"Москва, Ленинский проспект, 78к1",Суп овощной Мадрас карри Chindi,Готовая еда,269,269,0,2,538
230217-880-8820,2023-02-17,доставлен,20:44:00,21:04:00,"Москва, Ленинский проспект, 78к1",Доставка,Услуги Груши,0,0,0,1,0
230219-888-7260,2023-02-19,доставлен,09:46:00,10:31:00,"Москва, Ленинский проспект, 78к1",Яйцо куриное СО Из Груши,База,159,159,0,1,159
230219-888-7260,2023-02-19,доставлен,09:46:00,10:31:00,"Москва, Ленинский проспект, 78к1",Доставка,Услуги Груши,99,99,0,1,99
230220-805-5335,2023-02-20,доставлен,19:45:00,20:11:00,"Москва, Ленинский проспект, 78к1",Картофель Из Груши варёный,Готовая еда,69,69,0,1,69
230220-805-5335,2023-02-20,доставлен,19:45:00,20:11:00,"Москва, Ленинский проспект, 78к1",Смесь орехов с цукатами Семушка,Фрукты,179,179,0,1,179
230220-805-5335,2023-02-20,доставлен,19:45:00,20:11:00,"Москва, Ленинский проспект, 78к1",Губки для посуды Master Fresh,Товары для дома,79,69,10,1,69
230220-805-5335,2023-02-20,доставлен,19:45:00,20:11:00,"Москва, Ленинский проспект, 78к1","Напиток овсяный Nemoloko 3,2% классический",Напитки,149,119,30,1,119
230220-805-5335,2023-02-20,доставлен,19:45:00,20:11:00,"Москва, Ленинский проспект, 78к1",Стиральный порошок Persil автомат,Товары для дома,829,829,0,1,829
230220-805-5335,2023-02-20,доставлен,19:45:00,20:11:00,"Москва, Ленинский проспект, 78к1",Доставка,Услуги Груши,99,99,0,1,99
230221-002-7533,2023-02-21,доставлен,12:14:00,12:23:00,"Москва, Ленинский проспект, 78к1",Вода минеральная лечебно-столовая Borjomi газированная,Вода,149,149,0,1,149
230221-002-7533,2023-02-21,доставлен,12:14:00,12:23:00,"Москва, Ленинский проспект, 78к1",Творог 10-20% из молока Нашей дойки,База,99,99,0,1,99
230221-002-7533,2023-02-21,доставлен,12:14:00,12:23:00,"Москва, Ленинский проспект, 78к1",Сок апельсиновый Из Груши прямой отжим,Напитки,379,379,0,1,379
230221-002-7533,2023-02-21,доставлен,12:14:00,12:23:00,"Москва, Ленинский проспект, 78к1",Шоколад молочный Ritter Sport Extra Nut с цельным лесным орехом,Сладости,169,169,0,2,338
230221-002-7533,2023-02-21,доставлен,12:14:00,12:23:00,"Москва, Ленинский проспект, 78к1",Доставка,Услуги Груши,149,149,0,1,149
230221-766-6903,2023-02-21,доставлен,18:15:00,18:21:00,"Москва, Ленинский проспект, 78к1",Огурцы короткоплодные,Овощи,89,69,20,1,69
230221-766-6903,2023-02-21,доставлен,18:15:00,18:21:00,"Москва, Ленинский проспект, 78к1",Яблоки Гренни Смит,Фрукты,129,129,0,1,129
230221-766-6903,2023-02-21,доставлен,18:15:00,18:21:00,"Москва, Ленинский проспект, 78к1","Молоко 3,2% Из Груши пастеризованное",База,99,99,0,1,99
230221-766-6903,2023-02-21,доставлен,18:15:00,18:21:00,"Москва, Ленинский проспект, 78к1",Помидоры сливовидные Эко-культура красные на ветке,Овощи,359,359,0,1,359
230221-766-6903,2023-02-21,доставлен,18:15:00,18:21:00,"Москва, Ленинский проспект, 78к1",Доставка,Услуги Груши,99,99,0,1,99
230222-051-2037,2023-02-22,доставлен,20:16:00,20:37:00,"Москва, Ленинский проспект, 78к1","Масло сливочное 82,5% Вологодское Из Вологды",База,339,339,0,1,339
230222-051-2037,2023-02-22,доставлен,20:16:00,20:37:00,"Москва, Ленинский проспект, 78к1",Грейпфрут,Фрукты,69,69,0,1,69
230222-051-2037,2023-02-22,доставлен,20:16:00,20:37:00,"Москва, Ленинский проспект, 78к1",Доставка,Услуги Груши,0,0,0,1,0
230224-550-4932,2023-02-24,доставлен,12:02:00,12:33:00,"Москва, Ленинский проспект, 78к1",Яблоки Хонейкрисп (Медовый хруст),Фрукты,819,819,0,1,819
230224-550-4932,2023-02-24,доставлен,12:02:00,12:33:00,"Москва, Ленинский проспект, 78к1",Доставка,Услуги Груши,0,0,0,1,0
230224-550-4932,2023-02-24,доставлен,12:02:00,12:33:00,"Москва, Ленинский проспект, 78к1",Упаковка,Услуги Груши,15,15,0,1,15
230225-845-3847,2023-02-25,доставлен,19:49:00,19:58:00,"Москва, Ленинский проспект, 78к1",Лук репчатый,Овощи,49,49,0,1,49
230225-845-3847,2023-02-25,доставлен,19:49:00,19:58:00,"Москва, Ленинский проспект, 78к1",Батончик Snickers лесной орех,Сладости,119,119,0,1,119
230225-845-3847,2023-02-25,доставлен,19:49:00,19:58:00,"Москва, Ленинский проспект, 78к1",Сметана 20% Из Груши,База,99,99,0,1,99
230225-845-3847,2023-02-25,доставлен,19:49:00,19:58:00,"Москва, Ленинский проспект, 78к1","Напиток функциональный Actimuno гранат 1,5%",Напитки,49,29,20,1,29
230225-845-3847,2023-02-25,доставлен,19:49:00,19:58:00,"Москва, Ленинский проспект, 78к1",Батончик шоколадный Cadbury Wispa,Сладости,79,79,0,1,79
230225-845-3847,2023-02-25,доставлен,19:49:00,19:58:00,"Москва, Ленинский проспект, 78к1",Доставка,Услуги Груши,0,0,0,1,0
230226-035-9167,2023-02-26,доставлен,08:38:00,09:05:00,"Москва, Ленинский проспект, 78к1","Молоко 2,5% Асеньевская ферма пастеризованное",База,99,99,0,1,99
230226-035-9167,2023-02-26,доставлен,08:38:00,09:05:00,"Москва, Ленинский проспект, 78к1",Чипсы Lay's сметана и лук рифлёные,Снеки,209,209,0,1,209
230226-035-9167,2023-02-26,доставлен,08:38:00,09:05:00,"Москва, Ленинский проспект, 78к1",Мандарины Абхазия,Фрукты,299,299,0,1,299
230226-035-9167,2023-02-26,доставлен,08:38:00,09:05:00,"Москва, Ленинский проспект, 78к1",Доставка,Услуги Груши,149,149,0,1,149
230226-987-4784,2023-02-26,доставлен,19:38:00,19:57:00,"Москва, Ленинский проспект, 78к1",Шоколад гречишный Фабрика природы с кокосом,Сладости,119,119,0,1,119
230226-987-4784,2023-02-26,доставлен,19:38:00,19:57:00,"Москва, Ленинский проспект, 78к1",Творог зернёный 5% Савушкин,База,69,69,0,1,69
230226-987-4784,2023-02-26,доставлен,19:38:00,19:57:00,"Москва, Ленинский проспект, 78к1",Вода минеральная негазированная Из Груши природная питьевая,Вода,119,119,0,1,119
230226-987-4784,2023-02-26,доставлен,19:38:00,19:57:00,"Москва, Ленинский проспект, 78к1",Освежитель воздуха Glade лаванда,Товары для дома,249,249,0,1,249
230226-987-4784,2023-02-26,доставлен,19:38:00,19:57:00,"Москва, Ленинский проспект, 78к1",Доставка,Услуги Груши,0,0,0,1,0
230226-987-4784,2023-02-26,доставлен,19:38:00,19:57:00,"Москва, Ленинский проспект, 78к1",Упаковка,Услуги Груши,15,15,0,1,15
230228-361-0083,2023-02-28,доставлен,18:49:00,19:01:00,"Москва, Ленинский проспект, 78к1",Вода минеральная Petroglyph негазированная,Вода,149,149,0,1,149
230228-361-0083,2023-02-28,доставлен,18:49:00,19:01:00,"Москва, Ленинский проспект, 78к1",Пельмени с фермерской индейкой Из Груши,Готовая еда,399,399,0,1,399
230228-361-0083,2023-02-28,доставлен,18:49:00,19:01:00,"Москва, Ленинский проспект, 78к1",Губки для посуды Master Fresh,Товары для дома,79,79,0,1,79
230228-361-0083,2023-02-28,доставлен,18:49:00,19:01:00,"Москва, Ленинский проспект, 78к1",Доставка,Услуги Груши,99,99,0,1,99
230228-924-8854,2023-02-28,доставлен,19:09:00,19:27:00,"Москва, Ленинский проспект, 78к1",Вода Шишкин лес негазированная,Вода,49,49,0,1,49
230228-924-8854,2023-02-28,доставлен,19:09:00,19:27:00,"Москва, Ленинский проспект, 78к1","Масло сливочное 72,5% Из Груши",База,179,179,0,1,179
230228-924-8854,2023-02-28,доставлен,19:09:00,19:27:00,"Москва, Ленинский проспект, 78к1",Крок-месье на бриоши с индейкой Eggsellent x Груша,Готовая еда,339,339,0,2,678
230228-924-8854,2023-02-28,доставлен,19:09:00,19:27:00,"Москва, Ленинский проспект, 78к1",Сэндвич с ростбифом The Truffle,Готовая еда,309,309,0,1,309
230228-924-8854,2023-02-28,доставлен,19:09:00,19:27:00,"Москва, Ленинский проспект, 78к1",Шоколад белый пористый Воздушный,Сладости,139,139,0,1,139
230228-924-8854,2023-02-28,доставлен,19:09:00,19:27:00,"Москва, Ленинский проспект, 78к1",Горошек зелёный Bonduelle замороженный,Овощи,119,99,20,1,99
230228-924-8854,2023-02-28,доставлен,19:09:00,19:27:00,"Москва, Ленинский проспект, 78к1",Доставка,Услуги Груши,49,49,0,1,49
230228-924-8854,2023-02-28,доставлен,19:09:00,19:27:00,"Москва, Ленинский проспект, 78к1",Упаковка,Услуги Груши,15,15,0,1,15
230316-454-3520,2023-03-16,доставлен,09:20:00,09:29:00,"Москва, Ленинский проспект, 78к1","Молоко 2,5% Асеньевская ферма пастеризованное",База,99,99,0,1,99
230316-454-3520,2023-03-16,доставлен,09:20:00,09:29:00,"Москва, Ленинский проспект, 78к1","Масло сливочное 82,5% Вологодское Из Вологды",База,339,339,0,1,339
230316-454-3520,2023-03-16,доставлен,09:20:00,09:29:00,"Москва, Ленинский проспект, 78к1","Масло сливочное 72,5% Из Груши",База,179,179,0,1,179
230316-454-3520,2023-03-16,доставлен,09:20:00,09:29:00,"Москва, Ленинский проспект, 78к1",Доставка,Услуги Груши,99,99,0,1,99
230316-612-7888,2023-03-16,доставлен,09:36:00,09:59:00,"Москва, Ленинский проспект, 78к1","Кефир 3,2% Асеньевская ферма",База,119,119,0,1,119
230316-612-7888,2023-03-16,доставлен,09:36:00,09:59:00,"Москва, Ленинский проспект, 78к1",Вода Шишкин лес негазированная,Вода,49,39,10,3,117
230316-612-7888,2023-03-16,доставлен,09:36:00,09:59:00,"Москва, Ленинский проспект, 78к1",Яйцо куриное СО Из Груши,База,159,159,0,1,159
230316-612-7888,2023-03-16,доставлен,09:36:00,09:59:00,"Москва, Ленинский проспект, 78к1",Доставка,Услуги Груши,0,0,0,1,0
230316-391-6193,2023-03-16,доставлен,19:00:00,19:18:00,"Москва, Ленинский проспект, 78к1",Чипсы Lay's Из Печи Сметана и ароматные травы,Снеки,109,109,0,1,109
230316-391-6193,2023-03-16,доставлен,19:00:00,19:18:00,"Москва, Ленинский проспект, 78к1","Молоко 3,2% Из Груши пастеризованное",База,99,99,0,1,99
230316-391-6193,2023-03-16,доставлен,19:00:00,19:18:00,"Москва, Ленинский проспект, 78к1",Батончик арахисовый Kick в карамельном шоколаде,Сладости,339,339,0,1,339
230316-391-6193,2023-03-16,доставлен,19:00:00,19:18:00,"Москва, Ленинский проспект, 78к1",Доставка,Услуги Груши,0,0,0,1,0
230317-940-9978,2023-03-17,доставлен,09:59:00,10:13:00,"Москва, Ленинский проспект, 78к1",Сосиска в тесте Cook Chart Bakery,Готовая еда,119,119,0,1,119
230317-940-9978,2023-03-17,доставлен,09:59:00,10:13:00,"Москва, Ленинский проспект, 78к1",Фольга пищевая Из Груши,Товары для дома,129,129,0,1,129
230317-940-9978,2023-03-17,доставлен,09:59:00,10:13:00,"Москва, Ленинский проспект, 78к1",Сыр Пармезан Из Груши тёртый 40%,База,329,239,90,1,239
230317-940-9978,2023-03-17,доставлен,09:59:00,10:13:00,"Москва, Ленинский проспект, 78к1",Лимон,Фрукты,29,29,0,1,29
230317-940-9978,2023-03-17,доставлен,09:59:00,10:13:00,"Москва, Ленинский проспект, 78к1",Мандарины Абхазия,Фрукты,299,299,0,1,299
230317-940-9978,2023-03-17,доставлен,09:59:00,10:13:00,"Москва, Ленинский проспект, 78к1",Суп-пюре сырный с креветками Азбука вкуса,Готовая еда,299,299,0,1,299
230317-940-9978,2023-03-17,доставлен,09:59:00,10:13:00,"Москва, Ленинский проспект, 78к1",Сметана 20% Из Груши,База,99,99,0,1,99
230317-940-9978,2023-03-17,доставлен,09:59:00,10:13:00,"Москва, Ленинский проспект, 78к1",Доставка,Услуги Груши,49,49,0,1,49
230317-940-9978,2023-03-17,доставлен,09:59:00,10:13:00,"Москва, Ленинский проспект, 78к1",Упаковка,Услуги Груши,15,15,0,1,15
230317-662-9395,2023-03-17,доставлен,19:06:00,19:18:00,"Москва, Ленинский проспект, 78к1","Шоколад молочный Ritter Sport с ромом, изюмом и орехом",Сладости,159,159,0,1,159
230317-662-9395,2023-03-17,доставлен,19:06:00,19:18:00,"Москва, Ленинский проспект, 78к1",Мармелад жевательный Haribo Goldbaren,Сладости,149,149,0,1,149
230317-662-9395,2023-03-17,доставлен,19:06:00,19:18:00,"Москва, Ленинский проспект, 78к1",Кукурузные палочки Holy Corn малина со сливками,Снеки,69,69,0,1,69
230317-662-9395,2023-03-17,доставлен,19:06:00,19:18:00,"Москва, Ленинский проспект, 78к1",Суп с куриными фрикадельками и пастой Алфавит Азбука вкуса,Готовая еда,129,129,0,2,258
230317-662-9395,2023-03-17,доставлен,19:06:00,19:18:00,"Москва, Ленинский проспект, 78к1",Булочка с маком Братья Караваевы,Сладости,89,89,0,1,89
230317-662-9395,2023-03-17,доставлен,19:06:00,19:18:00,"Москва, Ленинский проспект, 78к1",Морс клюквенный Из Груши,Напитки,209,189,20,3,567
230317-662-9395,2023-03-17,доставлен,19:06:00,19:18:00,"Москва, Ленинский проспект, 78к1",Попкорн Holy Corn нежный сыр,Снеки,89,89,0,1,89
230317-662-9395,2023-03-17,доставлен,19:06:00,19:18:00,"Москва, Ленинский проспект, 78к1",Бумажные салфетки двухслойные,Товары для дома,99,99,0,1,99
230317-662-9395,2023-03-17,доставлен,19:06:00,19:18:00,"Москва, Ленинский проспект, 78к1",Лапша рисовая с креветками и овощами Азбука life,Готовая еда,649,649,0,2,1298
230317-662-9395,2023-03-17,доставлен,19:06:00,19:18:00,"Москва, Ленинский проспект, 78к1",Сэндвич с ростбифом The Truffle,Готовая еда,309,309,0,1,309
230317-662-9395,2023-03-17,доставлен,19:06:00,19:18:00,"Москва, Ленинский проспект, 78к1",Доставка,Услуги Груши,0,0,0,1,0
230317-475-9032,2023-03-17,доставлен,20:36:00,20:47:00,"Москва, Ленинский проспект, 78к1",Сырники с кокосом и манговой сгущёнкой Eggsellent x Груша,База,309,309,0,1,309
230317-475-9032,2023-03-17,доставлен,20:36:00,20:47:00,"Москва, Ленинский проспект, 78к1",Авокадо Хасс Puro Gusto Ready to eat,Овощи,99,99,0,1,99
230317-475-9032,2023-03-17,доставлен,20:36:00,20:47:00,"Москва, Ленинский проспект, 78к1","Кефир 3,2% Асеньевская ферма",База,119,119,0,1,119
230317-475-9032,2023-03-17,доставлен,20:36:00,20:47:00,"Москва, Ленинский проспект, 78к1",Яблоки Гренни Смит,Фрукты,129,129,0,3,387
230317-475-9032,2023-03-17,доставлен,20:36:00,20:47:00,"Москва, Ленинский проспект, 78к1",Шоколад молочный пористый Milka Bubbles с кокосом,Сладости,129,129,0,1,129
230317-475-9032,2023-03-17,доставлен,20:36:00,20:47:00,"Москва, Ленинский проспект, 78к1",Доставка,Услуги Груши,0,0,0,1,0
230319-492-2338,2023-03-19,доставлен,09:53:00,10:13:00,"Москва, Ленинский проспект, 78к1",Черешня Бычье сердце,Фрукты,849,849,0,1,849
230319-492-2338,2023-03-19,доставлен,09:53:00,10:13:00,"Москва, Ленинский проспект, 78к1",Доставка,Услуги Груши,119,119,0,1,119
230321-105-6115,2023-03-21,доставлен,08:27:00,08:39:00,"Москва, Ленинский проспект, 78к1",Яблоки Голден,Фрукты,179,179,0,1,179
230321-105-6115,2023-03-21,доставлен,08:27:00,08:39:00,"Москва, Ленинский проспект, 78к1",Освежитель воздуха Glade лаванда,Товары для дома,249,249,0,1,249
230321-105-6115,2023-03-21,доставлен,08:27:00,08:39:00,"Москва, Ленинский проспект, 78к1",Спелые бананы,Фрукты,229,229,0,1,229
230321-105-6115,2023-03-21,доставлен,08:27:00,08:39:00,"Москва, Ленинский проспект, 78к1",Доставка,Услуги Груши,0,0,0,1,0
230321-609-6735,2023-03-21,доставлен,21:06:00,21:43:00,"Москва, Ленинский проспект, 78к1",Яблоки Голден,Фрукты,179,119,60,1,119
230321-609-6735,2023-03-21,доставлен,21:06:00,21:43:00,"Москва, Ленинский проспект, 78к1",Смесь орехов с цукатами Семушка,Фрукты,179,179,0,2,358
230321-609-6735,2023-03-21,доставлен,21:06:00,21:43:00,"Москва, Ленинский проспект, 78к1",Салат Айсберг,Овощи,89,89,0,1,89
230321-609-6735,2023-03-21,доставлен,21:06:00,21:43:00,"Москва, Ленинский проспект, 78к1",Суп с куриными фрикадельками и пастой Алфавит Азбука вкуса,Готовая еда,129,129,0,1,129
230321-609-6735,2023-03-21,доставлен,21:06:00,21:43:00,"Москва, Ленинский проспект, 78к1",Батончик шоколадный Bounty,Сладости,59,59,0,1,59
230321-609-6735,2023-03-21,доставлен,21:06:00,21:43:00,"Москва, Ленинский проспект, 78к1",Доставка,Услуги Груши,0,0,0,1,0
230324-378-4067,2023-03-24,доставлен,09:42:00,09:52:00,"Москва, Ленинский проспект, 78к1",Сочник с рикоттой Калачёво,Сладости,169,169,0,1,169
230324-378-4067,2023-03-24,доставлен,09:42:00,09:52:00,"Москва, Ленинский проспект, 78к1",Доставка,Услуги Груши,119,119,0,1,119
230325-203-5841,2023-03-25,доставлен,07:57:00,08:20:00,"Москва, Ленинский проспект, 78к1","Молоко 2,5% Асеньевская ферма пастеризованное",База,99,99,0,1,99
230325-203-5841,2023-03-25,доставлен,07:57:00,08:20:00,"Москва, Ленинский проспект, 78к1",Чистящее средство Synergetic для окон и зеркал,Товары для дома,279,279,0,1,279
230325-203-5841,2023-03-25,доставлен,07:57:00,08:20:00,"Москва, Ленинский проспект, 78к1",Котлеты куриные с картофельным пюре Азбука Вкуса,Готовая еда,319,319,0,1,319
230325-203-5841,2023-03-25,доставлен,07:57:00,08:20:00,"Москва, Ленинский проспект, 78к1",Доставка,Услуги Груши,0,0,0,1,0
230326-882-7336,2023-03-26,доставлен,10:52:00,11:27:00,"Москва, Ленинский проспект, 78к1",Огурцы Корнишон,Овощи,99,99,0,1,99
230326-882-7336,2023-03-26,доставлен,10:52:00,11:27:00,"Москва, Ленинский проспект, 78к1",Цукини,Овощи,189,189,0,2,378
230326-882-7336,2023-03-26,доставлен,10:52:00,11:27:00,"Москва, Ленинский проспект, 78к1",Спелые бананы,Фрукты,229,229,0,1,229
230326-882-7336,2023-03-26,доставлен,10:52:00,11:27:00,"Москва, Ленинский проспект, 78к1",Банан,Фрукты,19,19,0,1,19
230326-882-7336,2023-03-26,доставлен,10:52:00,11:27:00,"Москва, Ленинский проспект, 78к1",Абрикосы,Фрукты,179,179,0,1,179
230326-882-7336,2023-03-26,доставлен,10:52:00,11:27:00,"Москва, Ленинский проспект, 78к1",Доставка,Услуги Груши,199,199,0,1,199
230326-882-7336,2023-03-26,доставлен,10:52:00,11:27:00,"Москва, Ленинский проспект, 78к1",Упаковка,Услуги Груши,15,15,0,1,15
230326-079-3908,2023-03-26,доставлен,11:41:00,12:12:00,"Москва, Ленинский проспект, 78к1",Вода Шишкин лес негазированная,Вода,49,49,0,1,49
230326-079-3908,2023-03-26,доставлен,11:41:00,12:12:00,"Москва, Ленинский проспект, 78к1","Масло сливочное 72,5% Из Груши",База,179,179,0,1,179
230326-079-3908,2023-03-26,доставлен,11:41:00,12:12:00,"Москва, Ленинский проспект, 78к1",Напиток соевый Alpro банановый,Напитки,349,309,40,1,309
230326-079-3908,2023-03-26,доставлен,11:41:00,12:12:00,"Москва, Ленинский проспект, 78к1",Яблоки Гала,Фрукты,59,59,0,1,59
230326-079-3908,2023-03-26,доставлен,11:41:00,12:12:00,"Москва, Ленинский проспект, 78к1",Огурцы Корнишон,Овощи,99,99,0,2,198
230326-079-3908,2023-03-26,доставлен,11:41:00,12:12:00,"Москва, Ленинский проспект, 78к1",Шпинат,Овощи,209,209,0,1,209
230326-079-3908,2023-03-26,доставлен,11:41:00,12:12:00,"Москва, Ленинский проспект, 78к1",Картофель молодой мытый,Овощи,99,99,0,1,99
230326-079-3908,2023-03-26,доставлен,11:41:00,12:12:00,"Москва, Ленинский проспект, 78к1","Помидоры розовые Бычье сердце, Азербайджан",Овощи,229,229,0,1,229
230326-079-3908,2023-03-26,доставлен,11:41:00,12:12:00,"Москва, Ленинский проспект, 78к1",Доставка,Услуги Груши,79,79,0,1,79
230326-284-7084,2023-03-26,доставлен,18:37:00,19:08:00,"Москва, Ленинский проспект, 78к1",Печенье Яшкино апельсин,Сладости,79,79,0,1,79
230326-284-7084,2023-03-26,доставлен,18:37:00,19:08:00,"Москва, Ленинский проспект, 78к1",Доставка,Услуги Груши,49,49,0,1,49
230326-284-7084,2023-03-26,доставлен,18:37:00,19:08:00,"Москва, Ленинский проспект, 78к1",Упаковка,Услуги Груши,15,15,0,1,15
230327-202-3129,2023-03-27,доставлен,09:00:00,09:34:00,"Москва, Ленинский проспект, 78к1","Масло сливочное 82,5% Вологодское Из Вологды",База,339,339,0,2,678
230327-202-3129,2023-03-27,доставлен,09:00:00,09:34:00,"Москва, Ленинский проспект, 78к1",Попкорн Holy Corn морская соль,Снеки,179,179,0,1,179
230327-202-3129,2023-03-27,доставлен,09:00:00,09:34:00,"Москва, Ленинский проспект, 78к1",Клубника Из Груши,Фрукты,249,249,0,2,498
230327-202-3129,2023-03-27,доставлен,09:00:00,09:34:00,"Москва, Ленинский проспект, 78к1",Перец микс,Овощи,319,319,0,1,319
230327-202-3129,2023-03-27,доставлен,09:00:00,09:34:00,"Москва, Ленинский проспект, 78к1",Горошек зелёный Bonduelle замороженный,Овощи,119,119,0,1,119
230327-202-3129,2023-03-27,доставлен,09:00:00,09:34:00,"Москва, Ленинский проспект, 78к1",Доставка,Услуги Груши,99,99,0,1,99
230328-518-0840,2023-03-28,доставлен,21:11:00,21:55:00,"Москва, Ленинский проспект, 78к1",Торт Медовик Из Груши,Сладости,639,639,0,1,639
230328-518-0840,2023-03-28,доставлен,21:11:00,21:55:00,"Москва, Ленинский проспект, 78к1",Яблоки Гренни Смит,Фрукты,129,129,0,1,129
230328-518-0840,2023-03-28,доставлен,21:11:00,21:55:00,"Москва, Ленинский проспект, 78к1",Рис Басмати отварной Азбука Вкуса,Готовая еда,149,149,0,1,149
230328-518-0840,2023-03-28,доставлен,21:11:00,21:55:00,"Москва, Ленинский проспект, 78к1",Батончик Бабаевский с шоколадной начинкой,Сладости,69,69,0,1,69
230328-518-0840,2023-03-28,доставлен,21:11:00,21:55:00,"Москва, Ленинский проспект, 78к1",Чипсы Lay's краб,Снеки,139,139,0,1,139
230328-518-0840,2023-03-28,доставлен,21:11:00,21:55:00,"Москва, Ленинский проспект, 78к1",Суп с куриными фрикадельками и пастой Алфавит Азбука вкуса,Готовая еда,129,129,0,1,129
230328-518-0840,2023-03-28,доставлен,21:11:00,21:55:00,"Москва, Ленинский проспект, 78к1",Доставка,Услуги Груши,79,79,0,1,79
230328-518-0840,2023-03-28,доставлен,21:11:00,21:55:00,"Москва, Ленинский проспект, 78к1",Упаковка,Услуги Груши,15,15,0,1,15
230330-849-7386,2023-03-30,доставлен,12:28:00,12:46:00,"Москва, Ленинский проспект, 78к1","Кефир 3,2% Асеньевская ферма",База,119,119,0,1,119
230330-849-7386,2023-03-30,доставлен,12:28:00,12:46:00,"Москва, Ленинский проспект, 78к1",Яйцо куриное СО Из Груши,База,159,159,0,1,159
230330-849-7386,2023-03-30,доставлен,12:28:00,12:46:00,"Москва, Ленинский проспект, 78к1",Помидоры сливовидные Эко-культура красные на ветке,Овощи,359,279,80,1,279
230330-849-7386,2023-03-30,доставлен,12:28:00,12:46:00,"Москва, Ленинский проспект, 78к1",Чипсы Lay's Из Печи Лисички в сметане,Снеки,109,109,0,1,109
230330-849-7386,2023-03-30,доставлен,12:28:00,12:46:00,"Москва, Ленинский проспект, 78к1",Спелые бананы,Фрукты,229,229,0,1,229
230330-849-7386,2023-03-30,доставлен,12:28:00,12:46:00,"Москва, Ленинский проспект, 78к1",Шпинат,Овощи,209,209,0,1,209
230330-849-7386,2023-03-30,доставлен,12:28:00,12:46:00,"Москва, Ленинский проспект, 78к1",Батончик Twix Xtra с карамелью и шоколадом,Сладости,79,79,0,1,79
230330-849-7386,2023-03-30,доставлен,12:28:00,12:46:00,"Москва, Ленинский проспект, 78к1",Доставка,Услуги Груши,0,0,0,1,0
230403-074-6823,2023-04-03,доставлен,09:06:00,09:42:00,"Москва, Ленинский проспект, 78к1","Молоко 2,5% Асеньевская ферма пастеризованное",База,99,99,0,2,198
230403-074-6823,2023-04-03,доставлен,09:06:00,09:42:00,"Москва, Ленинский проспект, 78к1",Картофель молодой мытый,Овощи,99,99,0,1,99
230403-074-6823,2023-04-03,доставлен,09:06:00,09:42:00,"Москва, Ленинский проспект, 78к1",Виноград кишмиш белый,Фрукты,239,239,0,1,239
230403-074-6823,2023-04-03,доставлен,09:06:00,09:42:00,"Москва, Ленинский проспект, 78к1",Чипсы креветочные Nongshim острые,Снеки,149,149,0,2,298
230403-074-6823,2023-04-03,доставлен,09:06:00,09:42:00,"Москва, Ленинский проспект, 78к1",Лимон,Фрукты,29,29,0,1,29
230403-074-6823,2023-04-03,доставлен,09:06:00,09:42:00,"Москва, Ленинский проспект, 78к1",Морковь мытая,Овощи,69,69,0,1,69
230403-074-6823,2023-04-03,доставлен,09:06:00,09:42:00,"Москва, Ленинский проспект, 78к1",Доставка,Услуги Груши,0,0,0,1,0
230403-074-6823,2023-04-03,доставлен,09:06:00,09:42:00,"Москва, Ленинский проспект, 78к1",Упаковка,Услуги Груши,15,15,0,1,15
230409-795-5261,2023-04-09,доставлен,17:47:00,18:04:00,"Москва, Ленинский проспект, 78к1",Вода Шишкин лес негазированная,Вода,49,49,0,4,196
230409-795-5261,2023-04-09,доставлен,17:47:00,18:04:00,"Москва, Ленинский проспект, 78к1","Масло сливочное 82,5% Вологодское Из Вологды",База,339,339,0,2,678
230409-795-5261,2023-04-09,доставлен,17:47:00,18:04:00,"Москва, Ленинский проспект, 78к1","Масло сливочное 72,5% Из Груши",База,179,179,0,1,179
230409-795-5261,2023-04-09,доставлен,17:47:00,18:04:00,"Москва, Ленинский проспект, 78к1",Шоколад тёмный Lindt Excellence с кусочками апельсина,Сладости,379,379,0,1,379
230409-795-5261,2023-04-09,доставлен,17:47:00,18:04:00,"Москва, Ленинский проспект, 78к1",Губки для посуды Master Fresh,Товары для дома,79,79,0,1,79
230409-795-5261,2023-04-09,доставлен,17:47:00,18:04:00,"Москва, Ленинский проспект, 78к1",Доставка,Услуги Груши,0,0,0,1,0
230409-795-5261,2023-04-09,доставлен,17:47:00,18:04:00,"Москва, Ленинский проспект, 78к1",Упаковка,Услуги Груши,15,15,0,1,15
230410-251-1643,2023-04-10,доставлен,10:05:00,10:18:00,"Москва, Ленинский проспект, 78к1",Огурцы Корнишон,Овощи,99,99,0,1,99
230410-251-1643,2023-04-10,доставлен,10:05:00,10:18:00,"Москва, Ленинский проспект, 78к1",Салат Айсберг,Овощи,89,69,20,1,69
230410-251-1643,2023-04-10,доставлен,10:05:00,10:18:00,"Москва, Ленинский проспект, 78к1",Суп-пюре сырный с креветками Азбука вкуса,Готовая еда,299,299,0,1,299
230410-251-1643,2023-04-10,доставлен,10:05:00,10:18:00,"Москва, Ленинский проспект, 78к1",Помидоры Черри на ветке Сладкая ягода,Овощи,189,189,0,1,189
230410-251-1643,2023-04-10,доставлен,10:05:00,10:18:00,"Москва, Ленинский проспект, 78к1",Помидоры черри красные Премиум Рост,Овощи,239,239,0,1,239
230410-251-1643,2023-04-10,доставлен,10:05:00,10:18:00,"Москва, Ленинский проспект, 78к1",Картофель молодой мытый,Овощи,99,99,0,1,99
230410-251-1643,2023-04-10,доставлен,10:05:00,10:18:00,"Москва, Ленинский проспект, 78к1",Абрикосы,Фрукты,179,179,0,1,179
230410-251-1643,2023-04-10,доставлен,10:05:00,10:18:00,"Москва, Ленинский проспект, 78к1",Клубника,Фрукты,639,639,0,1,639
230410-251-1643,2023-04-10,доставлен,10:05:00,10:18:00,"Москва, Ленинский проспект, 78к1","Напиток функциональный Actimuno клубника 1,5%",Напитки,49,49,0,3,147
230410-251-1643,2023-04-10,доставлен,10:05:00,10:18:00,"Москва, Ленинский проспект, 78к1",Доставка,Услуги Груши,99,99,0,1,99
230411-023-4057,2023-04-11,доставлен,11:07:00,11:32:00,"Москва, Ленинский проспект, 78к1",Блинчики с курицей и грибами Азбука Вкуса,Готовая еда,239,239,0,1,239
230411-023-4057,2023-04-11,доставлен,11:07:00,11:32:00,"Москва, Ленинский проспект, 78к1",Зелёный горошек Из Груши быстрозамороженный,Овощи,149,149,0,2,298
230411-023-4057,2023-04-11,доставлен,11:07:00,11:32:00,"Москва, Ленинский проспект, 78к1",Помидоры Черри на ветке Сладкая ягода,Овощи,189,189,0,1,189
230411-023-4057,2023-04-11,доставлен,11:07:00,11:32:00,"Москва, Ленинский проспект, 78к1",Банан,Фрукты,19,19,0,3,57
230411-023-4057,2023-04-11,доставлен,11:07:00,11:32:00,"Москва, Ленинский проспект, 78к1",Мандарины мини,Фрукты,169,169,0,1,169
230411-023-4057,2023-04-11,доставлен,11:07:00,11:32:00,"Москва, Ленинский проспект, 78к1",Каша овсяная с ягодами Из Груши,Готовая еда,159,159,0,1,159
230411-023-4057,2023-04-11,доставлен,11:07:00,11:32:00,"Москва, Ленинский проспект, 78к1",Помидоры черри Эко-культура круглые жёлтые на ветке,Овощи,219,219,0,1,219
230411-023-4057,2023-04-11,доставлен,11:07:00,11:32:00,"Москва, Ленинский проспект, 78к1",Горошек зелёный Bonduelle замороженный,Овощи,119,119,0,2,238
230411-023-4057,2023-04-11,доставлен,11:07:00,11:32:00,"Москва, Ленинский проспект, 78к1",Доставка,Услуги Груши,79,79,0,1,79
230418-270-6849,2023-04-18,доставлен,16:48:00,17:14:00,"Москва, Ленинский проспект, 78к1","Кефир 3,2% Асеньевская ферма",База,119,119,0,1,119
230418-270-6849,2023-04-18,доставлен,16:48:00,17:14:00,"Москва, Ленинский проспект, 78к1",Яйцо куриное СО Из Груши,База,159,159,0,2,318
230418-270-6849,2023-04-18,доставлен,16:48:00,17:14:00,"Москва, Ленинский проспект, 78к1","Молоко 2,5% Асеньевская ферма пастеризованное",База,99,99,0,1,99
230418-270-6849,2023-04-18,доставлен,16:48:00,17:14:00,"Москва, Ленинский проспект, 78к1",Фарш говяжий Из Груши,База,429,429,0,2,858
230418-270-6849,2023-04-18,доставлен,16:48:00,17:14:00,"Москва, Ленинский проспект, 78к1",Батарейка GP Super Alkaline ААА,Товары для дома,289,289,0,1,289
230418-270-6849,2023-04-18,доставлен,16:48:00,17:14:00,"Москва, Ленинский проспект, 78к1",Чистящее средство Synergetic для сантехники от известкового налёта и ржавчины,Товары для дома,709,519,190,1,519
230418-270-6849,2023-04-18,доставлен,16:48:00,17:14:00,"Москва, Ленинский проспект, 78к1",Доставка,Услуги Груши,0,0,0,1,0
230418-270-6849,2023-04-18,доставлен,16:48:00,17:14:00,"Москва, Ленинский проспект, 78к1",Упаковка,Услуги Груши,15,15,0,1,15
230419-445-9665,2023-04-19,отменен,19:37:00,,"Москва, Ленинский проспект, 78к1",Вода Шишкин лес негазированная,Вода,49,49,0,1,49
230419-445-9665,2023-04-19,отменен,19:37:00,,"Москва, Ленинский проспект, 78к1","Масло сливочное 72,5% Из Груши",База,179,179,0,1,179
230419-445-9665,2023-04-19,отменен,19:37:00,,"Москва, Ленинский проспект, 78к1",Чипсы Pringles Original,Снеки,269,269,0,1,269
230419-445-9665,2023-04-19,отменен,19:37:00,,"Москва, Ленинский проспект, 78к1",Картофель молодой мытый,Овощи,99,99,0,1,99
230419-445-9665,2023-04-19,отменен,19:37:00,,"Москва, Ленинский проспект, 78к1",Апельсины сладкие,Фрукты,299,299,0,2,598
230419-445-9665,2023-04-19,отменен,19:37:00,,"Москва, Ленинский проспект, 78к1",Доставка,Услуги Груши,0,0,0,1,0
230420-588-5141,2023-04-20,доставлен,10:33:00,10:56:00,"Москва, Ленинский проспект, 78к1","Масло сливочное 82,5% Вологодское Из Вологды",База,339,339,0,1,339
230420-588-5141,2023-04-20,доставлен,10:33:00,10:56:00,"Москва, Ленинский проспект, 78к1",Зелёный горошек Из Груши быстрозамороженный,Овощи,149,149,0,1,149
230420-588-5141,2023-04-20,доставлен,10:33:00,10:56:00,"Москва, Ленинский проспект, 78к1",Напиток соевый Alpro банановый,Напитки,349,349,0,1,349
230420-588-5141,2023-04-20,доставлен,10:33:00,10:56:00,"Москва, Ленинский проспект, 78к1",Доставка,Услуги Груши,0,0,0,1,0
230420-588-5141,2023-04-20,доставлен,10:33:00,10:56:00,"Москва, Ленинский проспект, 78к1",Упаковка,Услуги Груши,15,15,0,1,15
230424-392-5355,2023-04-24,доставлен,10:04:00,10:24:00,"Москва, Ленинский проспект, 78к1",Напиток соевый Alpro банановый,Напитки,349,349,0,1,349
230424-392-5355,2023-04-24,доставлен,10:04:00,10:24:00,"Москва, Ленинский проспект, 78к1",Брусника Планета витаминов замороженная,Фрукты,559,559,0,2,1118
230424-392-5355,2023-04-24,доставлен,10:04:00,10:24:00,"Москва, Ленинский проспект, 78к1",Мороженое ванильное Vanilla Dream Monterra,Сладости,719,719,0,1,719
230424-392-5355,2023-04-24,доставлен,10:04:00,10:24:00,"Москва, Ленинский проспект, 78к1",Доставка,Услуги Груши,49,49,0,1,49
230424-392-5355,2023-04-24,доставлен,10:04:00,10:24:00,"Москва, Ленинский проспект, 78к1",Упаковка,Услуги Груши,15,15,0,1,15
230425-611-5050,2023-04-25,доставлен,20:40:00,20:56:00,"Москва, Ленинский проспект, 78к1",Бумажные полотенца Zewa Премиум,Товары для дома,419,419,0,1,419
230425-611-5050,2023-04-25,доставлен,20:40:00,20:56:00,"Москва, Ленинский проспект, 78к1",Сосиски из куриной грудки Из Груши,База,239,239,0,2,478
230425-611-5050,2023-04-25,доставлен,20:40:00,20:56:00,"Москва, Ленинский проспект, 78к1",Перчики черри Из Груши фаршированные сливочным сыром,Овощи,299,239,60,2,478
230425-611-5050,2023-04-25,доставлен,20:40:00,20:56:00,"Москва, Ленинский проспект, 78к1",Сырники со сметаной Азбука Вкуса,Готовая еда,559,559,0,1,559
230425-611-5050,2023-04-25,доставлен,20:40:00,20:56:00,"Москва, Ленинский проспект, 78к1",Доставка,Услуги Груши,0,0,0,1,0
230426-660-5022,2023-04-26,доставлен,18:18:00,18:31:00,"Москва, Ленинский проспект, 78к1",Помидоры сладкие Бархатный мёд,Овощи,1290,1290,0,1,1290
230426-660-5022,2023-04-26,доставлен,18:18:00,18:31:00,"Москва, Ленинский проспект, 78к1",Помидоры черри Эко-культура круглые красные,Овощи,199,199,0,1,199
230426-660-5022,2023-04-26,доставлен,18:18:00,18:31:00,"Москва, Ленинский проспект, 78к1",Картошка Братья Караваевы,Сладости,259,199,60,1,199
230426-660-5022,2023-04-26,доставлен,18:18:00,18:31:00,"Москва, Ленинский проспект, 78к1",Руккола Из Груши,Овощи,139,139,0,1,139
230426-660-5022,2023-04-26,доставлен,18:18:00,18:31:00,"Москва, Ленинский проспект, 78к1",Доставка,Услуги Груши,0,0,0,1,0
230426-660-5022,2023-04-26,доставлен,18:18:00,18:31:00,"Москва, Ленинский проспект, 78к1",Упаковка,Услуги Груши,15,15,0,1,15
230427-478-2146,2023-04-27,доставлен,10:12:00,10:25:00,"Москва, Ленинский проспект, 78к1",Парацетамол таблетки 500 мг 20 шт,Аптека,89,89,0,1,89
230427-478-2146,2023-04-27,доставлен,10:12:00,10:25:00,"Москва, Ленинский проспект, 78к1",Запеканка творожная с манго Азбука вкуса,Готовая еда,619,619,0,1,619
230427-478-2146,2023-04-27,доставлен,10:12:00,10:25:00,"Москва, Ленинский проспект, 78к1",Виноград кишмиш белый,Фрукты,239,239,0,1,239
230427-478-2146,2023-04-27,доставлен,10:12:00,10:25:00,"Москва, Ленинский проспект, 78к1",Сок апельсиновый Из Груши прямой отжим,Напитки,379,379,0,1,379
230427-478-2146,2023-04-27,доставлен,10:12:00,10:25:00,"Москва, Ленинский проспект, 78к1",Стиральный порошок Persil автомат,Товары для дома,829,829,0,1,829
230427-478-2146,2023-04-27,доставлен,10:12:00,10:25:00,"Москва, Ленинский проспект, 78к1",Американо S,Напитки,129,89,40,3,267
230427-478-2146,2023-04-27,доставлен,10:12:00,10:25:00,"Москва, Ленинский проспект, 78к1",Голубика,Фрукты,259,259,0,3,777
230427-478-2146,2023-04-27,доставлен,10:12:00,10:25:00,"Москва, Ленинский проспект, 78к1",Доставка,Услуги Груши,0,0,0,1,0
230427-478-2146,2023-04-27,доставлен,10:12:00,10:25:00,"Москва, Ленинский проспект, 78к1",Упаковка,Услуги Груши,15,15,0,1,15
230427-355-4892,2023-04-27,доставлен,22:10:00,22:37:00,"Москва, Ленинский проспект, 78к1","Молоко 2,5% Асеньевская ферма пастеризованное",База,99,99,0,1,99
230427-355-4892,2023-04-27,доставлен,22:10:00,22:37:00,"Москва, Ленинский проспект, 78к1",Голубика,Фрукты,259,259,0,1,259
230427-355-4892,2023-04-27,доставлен,22:10:00,22:37:00,"Москва, Ленинский проспект, 78к1",Борщ с курицей Из Груши,Готовая еда,159,159,0,1,159
230427-355-4892,2023-04-27,доставлен,22:10:00,22:37:00,"Москва, Ленинский проспект, 78к1",Доставка,Услуги Груши,99,99,0,1,99
230429-467-0805,2023-04-29,доставлен,17:41:00,17:47:00,"Москва, Ленинский проспект, 78к1",Спелые бананы,Фрукты,229,229,0,1,229
230429-467-0805,2023-04-29,доставлен,17:41:00,17:47:00,"Москва, Ленинский проспект, 78к1","Абрикосы шалах, Узбекистан",Фрукты,399,399,0,1,399
230429-467-0805,2023-04-29,доставлен,17:41:00,17:47:00,"Москва, Ленинский проспект, 78к1",Виноград кишмиш белый,Фрукты,239,239,0,1,239
230429-467-0805,2023-04-29,доставлен,17:41:00,17:47:00,"Москва, Ленинский проспект, 78к1",Омлет с беконом и релишем из болгарского перца Из Груши,Готовая еда,299,299,0,1,299
230429-467-0805,2023-04-29,доставлен,17:41:00,17:47:00,"Москва, Ленинский проспект, 78к1",Доставка,Услуги Груши,149,149,0,1,149
230429-727-8032,2023-04-29,доставлен,19:35:00,19:48:00,"Москва, Ленинский проспект, 78к1",Вода Шишкин лес негазированная,Вода,49,49,0,1,49
230429-727-8032,2023-04-29,доставлен,19:35:00,19:48:00,"Москва, Ленинский проспект, 78к1","Масло сливочное 72,5% Из Груши",База,179,179,0,1,179
230429-727-8032,2023-04-29,доставлен,19:35:00,19:48:00,"Москва, Ленинский проспект, 78к1",Улитка с корицей Из Груши,Сладости,149,149,0,1,149
230429-727-8032,2023-04-29,доставлен,19:35:00,19:48:00,"Москва, Ленинский проспект, 78к1",Морковь мытая,Овощи,69,69,0,1,69
230429-727-8032,2023-04-29,доставлен,19:35:00,19:48:00,"Москва, Ленинский проспект, 78к1",Сыр Адыгейский Из Груши,База,289,289,0,1,289
230429-727-8032,2023-04-29,доставлен,19:35:00,19:48:00,"Москва, Ленинский проспект, 78к1",Пастила яблочная Белёвская,Сладости,449,449,0,3,1347
230429-727-8032,2023-04-29,доставлен,19:35:00,19:48:00,"Москва, Ленинский проспект, 78к1",Поке с креветкой том ям Soul in the Bowl,Готовая еда,469,469,0,1,469
230429-727-8032,2023-04-29,доставлен,19:35:00,19:48:00,"Москва, Ленинский проспект, 78к1",Доставка,Услуги Груши,0,0,0,1,0
230429-727-8032,2023-04-29,доставлен,19:35:00,19:48:00,"Москва, Ленинский проспект, 78к1",Упаковка,Услуги Груши,15,15,0,1,15
230501-983-5353,2023-05-01,доставлен,07:20:00,07:33:00,"Московская область, Одинцовский городской округ, СНТ Полянка, 14",Яйцо куриное СО Из Груши,База,159,159,0,1,159
230501-983-5353,2023-05-01,доставлен,07:20:00,07:33:00,"Московская область, Одинцовский городской округ, СНТ Полянка, 14","Масло сливочное 82,5% Вологодское Из Вологды",База,339,289,50,1,289
230501-983-5353,2023-05-01,доставлен,07:20:00,07:33:00,"Московская область, Одинцовский городской округ, СНТ Полянка, 14",Пирожки с яйцом и зелёным луком Cook chart bakery,Готовая еда,79,79,0,1,79
230501-983-5353,2023-05-01,доставлен,07:20:00,07:33:00,"Московская область, Одинцовский городской округ, СНТ Полянка, 14",Помидоры черри на ветке,Овощи,289,239,50,2,478
230501-983-5353,2023-05-01,доставлен,07:20:00,07:33:00,"Московская область, Одинцовский городской округ, СНТ Полянка, 14",Сэндвич Гриль чиз Mates,Готовая еда,299,299,0,1,299
230501-983-5353,2023-05-01,доставлен,07:20:00,07:33:00,"Московская область, Одинцовский городской округ, СНТ Полянка, 14",Попкорн для СВЧ Из Груши с солью,Снеки,49,49,0,1,49
230501-983-5353,2023-05-01,доставлен,07:20:00,07:33:00,"Московская область, Одинцовский городской округ, СНТ Полянка, 14",Салат Крабовый Азбука вкуса,Готовая еда,209,209,0,1,209
230501-983-5353,2023-05-01,доставлен,07:20:00,07:33:00,"Московская область, Одинцовский городской округ, СНТ Полянка, 14",Шоколад гречишный Фабрика природы с кокосом,Сладости,119,109,10,1,109
230501-983-5353,2023-05-01,доставлен,07:20:00,07:33:00,"Московская область, Одинцовский городской округ, СНТ Полянка, 14",Перчики черри Из Груши фаршированные сливочным сыром,Овощи,299,299,0,1,299
230501-983-5353,2023-05-01,доставлен,07:20:00,07:33:00,"Московская область, Одинцовский городской округ, СНТ Полянка, 14",Доставка,Услуги Груши,99,99,0,1,99
230511-968-4340,2023-05-11,доставлен,09:37:00,09:56:00,"Московская область, Одинцовский городской округ, СНТ Полянка, 14","Кефир 3,2% Асеньевская ферма",База,119,119,0,1,119
230511-968-4340,2023-05-11,доставлен,09:37:00,09:56:00,"Московская область, Одинцовский городской округ, СНТ Полянка, 14",Вода Шишкин лес негазированная,Вода,49,49,0,1,49
230511-968-4340,2023-05-11,доставлен,09:37:00,09:56:00,"Московская область, Одинцовский городской округ, СНТ Полянка, 14","Молоко 2,5% Асеньевская ферма пастеризованное",База,99,99,0,1,99
230511-968-4340,2023-05-11,доставлен,09:37:00,09:56:00,"Московская область, Одинцовский городской округ, СНТ Полянка, 14","Масло сливочное 72,5% Из Груши",База,179,179,0,1,179
230511-968-4340,2023-05-11,доставлен,09:37:00,09:56:00,"Московская область, Одинцовский городской округ, СНТ Полянка, 14",Огурцы Корнишон,Овощи,99,99,0,1,99
230511-968-4340,2023-05-11,доставлен,09:37:00,09:56:00,"Московская область, Одинцовский городской округ, СНТ Полянка, 14",Доставка,Услуги Груши,0,0,0,1,0
230511-968-4340,2023-05-11,доставлен,09:37:00,09:56:00,"Московская область, Одинцовский городской округ, СНТ Полянка, 14",Упаковка,Услуги Груши,15,15,0,1,15
230512-712-3354,2023-05-12,доставлен,18:55:00,19:08:00,"Московская область, Одинцовский городской округ, СНТ Полянка, 14","Масло сливочное 82,5% Вологодское Из Вологды",База,339,259,80,1,259
230512-712-3354,2023-05-12,доставлен,18:55:00,19:08:00,"Московская область, Одинцовский городской округ, СНТ Полянка, 14",Рис Басмати отварной Азбука Вкуса,Готовая еда,149,149,0,1,149
230512-712-3354,2023-05-12,доставлен,18:55:00,19:08:00,"Московская область, Одинцовский городской округ, СНТ Полянка, 14",Пирожное Эклер классический Из Груши,Сладости,199,199,0,1,199
230512-712-3354,2023-05-12,доставлен,18:55:00,19:08:00,"Московская область, Одинцовский городской округ, СНТ Полянка, 14",Сок апельсиновый Из Груши прямой отжим с мякотью пастеризованный,Напитки,639,639,0,1,639
230512-712-3354,2023-05-12,доставлен,18:55:00,19:08:00,"Московская область, Одинцовский городской округ, СНТ Полянка, 14",Суп с куриными фрикадельками и пастой Алфавит Азбука вкуса,Готовая еда,129,129,0,1,129
230512-712-3354,2023-05-12,доставлен,18:55:00,19:08:00,"Московская область, Одинцовский городской округ, СНТ Полянка, 14",Огурцы короткоплодные,Овощи,89,89,0,1,89
230512-712-3354,2023-05-12,доставлен,18:55:00,19:08:00,"Московская область, Одинцовский городской округ, СНТ Полянка, 14",Орехи кешью жареные Из Груши,Снеки,379,379,0,1,379
230512-712-3354,2023-05-12,доставлен,18:55:00,19:08:00,"Московская область, Одинцовский городской округ, СНТ Полянка, 14",Батончик Бабаевский с шоколадной начинкой,Сладости,69,69,0,1,69
230512-712-3354,2023-05-12,доставлен,18:55:00,19:08:00,"Московская область, Одинцовский городской округ, СНТ Полянка, 14",Доставка,Услуги Груши,79,79,0,1,79
230515-376-7988,2023-05-15,доставлен,08:37:00,09:01:00,"Московская область, Одинцовский городской округ, СНТ Полянка, 14",Салат с курицей и сельдереем Азбука вкуса,Готовая еда,299,299,0,1,299
230515-376-7988,2023-05-15,доставлен,08:37:00,09:01:00,"Московская область, Одинцовский городской округ, СНТ Полянка, 14",Горошек зелёный Bonduelle замороженный,Овощи,119,119,0,1,119
230515-376-7988,2023-05-15,доставлен,08:37:00,09:01:00,"Московская область, Одинцовский городской округ, СНТ Полянка, 14",Печенье Творожные ушки Братья Караваевы,Сладости,349,239,110,1,239
230515-376-7988,2023-05-15,доставлен,08:37:00,09:01:00,"Московская область, Одинцовский городской округ, СНТ Полянка, 14",Смузи манго-маракуйя Из Груши,Напитки,219,219,0,1,219
230515-376-7988,2023-05-15,доставлен,08:37:00,09:01:00,"Московская область, Одинцовский городской округ, СНТ Полянка, 14",Доставка,Услуги Груши,0,0,0,1,0
230515-991-4825,2023-05-15,доставлен,08:46:00,08:59:00,"Московская область, Одинцовский городской округ, СНТ Полянка, 14",Яйцо куриное СО Из Груши,База,159,159,0,2,318
230515-991-4825,2023-05-15,доставлен,08:46:00,08:59:00,"Московская область, Одинцовский городской округ, СНТ Полянка, 14",Салат сырный Азбука вкуса,Готовая еда,419,419,0,1,419
230515-991-4825,2023-05-15,доставлен,08:46:00,08:59:00,"Московская область, Одинцовский городской округ, СНТ Полянка, 14","Напиток соевый Alpro Banana банановый 1,8%",Напитки,109,109,0,1,109
230515-991-4825,2023-05-15,доставлен,08:46:00,08:59:00,"Московская область, Одинцовский городской округ, СНТ Полянка, 14",Попкорн Holy Corn нежный сыр,Снеки,89,89,0,1,89
230515-991-4825,2023-05-15,доставлен,08:46:00,08:59:00,"Московская область, Одинцовский городской округ, СНТ Полянка, 14",Доставка,Услуги Груши,79,79,0,1,79
230515-991-4825,2023-05-15,доставлен,08:46:00,08:59:00,"Московская область, Одинцовский городской округ, СНТ Полянка, 14",Упаковка,Услуги Груши,15,15,0,1,15
230516-276-5463,2023-05-16,доставлен,10:57:00,11:16:00,"Московская область, Одинцовский городской округ, СНТ Полянка, 14",Витамин D3 2000 МЕ Solgar 60 капсул,Аптека,1190,1190,0,1,1190
230516-276-5463,2023-05-16,доставлен,10:57:00,11:16:00,"Московская область, Одинцовский городской округ, СНТ Полянка, 14",Огурцы колючие ТСХ,Овощи,139,139,0,1,139
230516-276-5463,2023-05-16,доставлен,10:57:00,11:16:00,"Московская область, Одинцовский городской округ, СНТ Полянка, 14",Яблоки Гала,Фрукты,59,59,0,3,177
230516-276-5463,2023-05-16,доставлен,10:57:00,11:16:00,"Московская область, Одинцовский городской округ, СНТ Полянка, 14",Манго спелое,Фрукты,529,379,150,1,379
230516-276-5463,2023-05-16,доставлен,10:57:00,11:16:00,"Московская область, Одинцовский городской округ, СНТ Полянка, 14",Котлеты куриные с картофельным пюре Азбука Вкуса,Готовая еда,319,249,70,1,249
230516-276-5463,2023-05-16,доставлен,10:57:00,11:16:00,"Московская область, Одинцовский городской округ, СНТ Полянка, 14",Рис Басмати отварной Азбука Вкуса,Готовая еда,149,149,0,1,149
230516-276-5463,2023-05-16,доставлен,10:57:00,11:16:00,"Московская область, Одинцовский городской округ, СНТ Полянка, 14",Доставка,Услуги Груши,0,0,0,1,0
230521-954-0706,2023-05-21,доставлен,08:50:00,08:59:00,"Московская область, Одинцовский городской округ, СНТ Полянка, 14",Вода Шишкин лес негазированная,Вода,49,49,0,1,49
230521-954-0706,2023-05-21,доставлен,08:50:00,08:59:00,"Московская область, Одинцовский городской округ, СНТ Полянка, 14","Молоко 2,5% Асеньевская ферма пастеризованное",База,99,99,0,1,99
230521-954-0706,2023-05-21,доставлен,08:50:00,08:59:00,"Московская область, Одинцовский городской округ, СНТ Полянка, 14","Масло сливочное 72,5% Из Груши",База,179,179,0,1,179
230521-954-0706,2023-05-21,доставлен,08:50:00,08:59:00,"Московская область, Одинцовский городской округ, СНТ Полянка, 14",Батончик Бабаевский с помадно-сливочной начинкой,Сладости,39,39,0,1,39
230521-954-0706,2023-05-21,доставлен,08:50:00,08:59:00,"Московская область, Одинцовский городской округ, СНТ Полянка, 14",Сэндвич-ролл с креветками в соусе Том-ям Нияма,Готовая еда,259,209,50,1,209
230521-954-0706,2023-05-21,доставлен,08:50:00,08:59:00,"Московская область, Одинцовский городской округ, СНТ Полянка, 14",Таблетки для посудомоечных машин Synergetic,Товары для дома,569,569,0,1,569
230521-954-0706,2023-05-21,доставлен,08:50:00,08:59:00,"Московская область, Одинцовский городской округ, СНТ Полянка, 14",Сырок глазированный Из Груши со сгущёнкой в бельгийском шоколаде,Сладости,59,59,0,1,59
230521-954-0706,2023-05-21,доставлен,08:50:00,08:59:00,"Московская область, Одинцовский городской округ, СНТ Полянка, 14",Вода минеральная Petroglyph негазированная,Вода,149,149,0,1,149
230521-954-0706,2023-05-21,доставлен,08:50:00,08:59:00,"Московская область, Одинцовский городской округ, СНТ Полянка, 14",Доставка,Услуги Груши,99,99,0,1,99
230521-954-0706,2023-05-21,доставлен,08:50:00,08:59:00,"Московская область, Одинцовский городской округ, СНТ Полянка, 14",Упаковка,Услуги Груши,15,15,0,1,15
230521-193-0021,2023-05-21,доставлен,18:40:00,18:54:00,"Московская область, Одинцовский городской округ, СНТ Полянка, 14",Арбуз бруски Из Груши,Фрукты,209,209,0,1,209
230521-193-0021,2023-05-21,доставлен,18:40:00,18:54:00,"Московская область, Одинцовский городской округ, СНТ Полянка, 14",Клубника,Фрукты,639,639,0,1,639
230521-193-0021,2023-05-21,доставлен,18:40:00,18:54:00,"Московская область, Одинцовский городской округ, СНТ Полянка, 14",Вода минеральная лечебно-столовая Borjomi газированная,Вода,149,149,0,1,149
230521-193-0021,2023-05-21,доставлен,18:40:00,18:54:00,"Московская область, Одинцовский городской округ, СНТ Полянка, 14",Мороженое ванильное Vanilla Dream Monterra,Сладости,719,719,0,1,719
230521-193-0021,2023-05-21,доставлен,18:40:00,18:54:00,"Московская область, Одинцовский городской округ, СНТ Полянка, 14",Доставка,Услуги Груши,49,49,0,1,49
230522-804-3499,2023-05-22,доставлен,09:59:00,10:11:00,"Московская область, Одинцовский городской округ, СНТ Полянка, 14",Малина Артфрут,Фрукты,259,259,0,2,518
230522-804-3499,2023-05-22,доставлен,09:59:00,10:11:00,"Московская область, Одинцовский городской округ, СНТ Полянка, 14",Попкорн из креветок Нияма,Готовая еда,529,529,0,1,529
230522-804-3499,2023-05-22,доставлен,09:59:00,10:11:00,"Московская область, Одинцовский городской округ, СНТ Полянка, 14",Голубцы мясные тушеные в томатно-сливочном соусе Азбука Вкуса,Готовая еда,289,289,0,1,289
230522-804-3499,2023-05-22,доставлен,09:59:00,10:11:00,"Московская область, Одинцовский городской округ, СНТ Полянка, 14",Салат Крабовый Азбука вкуса,Готовая еда,209,209,0,1,209
230522-804-3499,2023-05-22,доставлен,09:59:00,10:11:00,"Московская область, Одинцовский городской округ, СНТ Полянка, 14",Огурцы короткоплодные,Овощи,89,89,0,1,89
230522-804-3499,2023-05-22,доставлен,09:59:00,10:11:00,"Московская область, Одинцовский городской округ, СНТ Полянка, 14",Доставка,Услуги Груши,0,0,0,1,0
230522-804-3499,2023-05-22,доставлен,09:59:00,10:11:00,"Московская область, Одинцовский городской округ, СНТ Полянка, 14",Упаковка,Услуги Груши,15,15,0,1,15
230524-371-9293,2023-05-24,доставлен,07:11:00,07:34:00,"Московская область, Одинцовский городской округ, СНТ Полянка, 14","Масло сливочное 82,5% Вологодское Из Вологды",База,339,339,0,2,678
230524-371-9293,2023-05-24,доставлен,07:11:00,07:34:00,"Московская область, Одинцовский городской округ, СНТ Полянка, 14","Напиток соевый Alpro Banana банановый 1,8%",Напитки,109,109,0,1,109
230524-371-9293,2023-05-24,доставлен,07:11:00,07:34:00,"Московская область, Одинцовский городской округ, СНТ Полянка, 14",Банан,Фрукты,19,19,0,1,19
230524-371-9293,2023-05-24,доставлен,07:11:00,07:34:00,"Московская область, Одинцовский городской округ, СНТ Полянка, 14",Йогурт греческий Из Груши натуральный,База,79,79,0,1,79
230524-371-9293,2023-05-24,доставлен,07:11:00,07:34:00,"Московская область, Одинцовский городской округ, СНТ Полянка, 14",Помидоры сливовидные Эко-культура красные на ветке,Овощи,359,359,0,1,359
230524-371-9293,2023-05-24,доставлен,07:11:00,07:34:00,"Московская область, Одинцовский городской округ, СНТ Полянка, 14",Салат Крабовый Азбука вкуса,Готовая еда,209,209,0,1,209
230524-371-9293,2023-05-24,доставлен,07:11:00,07:34:00,"Московская область, Одинцовский городской округ, СНТ Полянка, 14",Доставка,Услуги Груши,0,0,0,1,0
230524-371-9293,2023-05-24,доставлен,07:11:00,07:34:00,"Московская область, Одинцовский городской округ, СНТ Полянка, 14",Упаковка,Услуги Груши,15,15,0,1,15
230525-768-1798,2023-05-25,доставлен,19:29:00,19:59:00,"Московская область, Одинцовский городской округ, СНТ Полянка, 14","Кефир 3,2% Асеньевская ферма",База,119,99,20,1,99
230525-768-1798,2023-05-25,доставлен,19:29:00,19:59:00,"Московская область, Одинцовский городской округ, СНТ Полянка, 14",Помидоры розовые Эко-культура круглые,Овощи,199,199,0,2,398
230525-768-1798,2023-05-25,доставлен,19:29:00,19:59:00,"Московская область, Одинцовский городской округ, СНТ Полянка, 14",Черешня Розовый жемчуг,Фрукты,1390,1190,200,1,1190
230525-768-1798,2023-05-25,доставлен,19:29:00,19:59:00,"Московская область, Одинцовский городской округ, СНТ Полянка, 14",Огурцы Корнишон,Овощи,99,99,0,1,99
230525-768-1798,2023-05-25,доставлен,19:29:00,19:59:00,"Московская область, Одинцовский городской округ, СНТ Полянка, 14","Помидоры Пинк Парадайз, Узбекистан",Овощи,489,489,0,1,489
230525-768-1798,2023-05-25,доставлен,19:29:00,19:59:00,"Московская область, Одинцовский городской округ, СНТ Полянка, 14",Доставка,Услуги Груши,79,79,0,1,79
230525-768-1798,2023-05-25,доставлен,19:29:00,19:59:00,"Московская область, Одинцовский городской округ, СНТ Полянка, 14",Упаковка,Услуги Груши,15,15,0,1,15
230528-090-8950,2023-05-28,доставлен,16:54:00,18:02:00,"Московская область, Одинцовский городской округ, СНТ Полянка, 14",Яйцо куриное СО Из Груши,База,159,159,0,1,159
230528-090-8950,2023-05-28,доставлен,16:54:00,18:02:00,"Московская область, Одинцовский городской округ, СНТ Полянка, 14",Черешня,Фрукты,109,109,0,1,109
230528-090-8950,2023-05-28,доставлен,16:54:00,18:02:00,"Московская область, Одинцовский городской округ, СНТ Полянка, 14",Зефир ванильный Шармэль,Сладости,189,189,0,1,189
230528-090-8950,2023-05-28,доставлен,16:54:00,18:02:00,"Московская область, Одинцовский городской округ, СНТ Полянка, 14",Кабачки,Овощи,129,99,30,1,99
230528-090-8950,2023-05-28,доставлен,16:54:00,18:02:00,"Московская область, Одинцовский городской округ, СНТ Полянка, 14",Доставка,Услуги Груши,149,149,0,1,149
230529-583-8972,2023-05-29,доставлен,20:32:00,20:47:00,"Московская область, Одинцовский городской округ, СНТ Полянка, 14",Огурцы Корнишон,Овощи,99,99,0,1,99
230529-583-8972,2023-05-29,доставлен,20:32:00,20:47:00,"Московская область, Одинцовский городской округ, СНТ Полянка, 14",Батончик шоколадный Cadbury Wispa,Сладости,79,79,0,1,79
230529-583-8972,2023-05-29,доставлен,20:32:00,20:47:00,"Московская область, Одинцовский городской округ, СНТ Полянка, 14",Шарики сырные с моцареллой Азбука Вкуса,Готовая еда,199,199,0,1,199
230529-583-8972,2023-05-29,доставлен,20:32:00,20:47:00,"Московская область, Одинцовский городской округ, СНТ Полянка, 14","Молоко 3,2% Из Груши пастеризованное",База,99,99,0,1,99
230529-583-8972,2023-05-29,доставлен,20:32:00,20:47:00,"Московская область, Одинцовский городской округ, СНТ Полянка, 14",Доставка,Услуги Груши,49,49,0,1,49
230529-583-8972,2023-05-29,доставлен,20:32:00,20:47:00,"Московская область, Одинцовский городской округ, СНТ Полянка, 14",Упаковка,Услуги Груши,15,15,0,1,15
230531-322-6575,2023-05-31,доставлен,18:37:00,19:42:00,"Московская область, Одинцовский городской округ, СНТ Полянка, 14",Вода Шишкин лес негазированная,Вода,49,39,10,1,39
230531-322-6575,2023-05-31,доставлен,18:37:00,19:42:00,"Московская область, Одинцовский городской округ, СНТ Полянка, 14","Молоко 2,5% Асеньевская ферма пастеризованное",База,99,99,0,1,99
230531-322-6575,2023-05-31,доставлен,18:37:00,19:42:00,"Московская область, Одинцовский городской округ, СНТ Полянка, 14","Масло сливочное 72,5% Из Груши",База,179,179,0,1,179
230531-322-6575,2023-05-31,доставлен,18:37:00,19:42:00,"Московская область, Одинцовский городской округ, СНТ Полянка, 14",Вафельные рулетики Яшкино сгущёнка,Сладости,79,79,0,1,79
230531-322-6575,2023-05-31,доставлен,18:37:00,19:42:00,"Московская область, Одинцовский городской округ, СНТ Полянка, 14",Помидоры коктейльные сливовидные на ветке,Овощи,219,219,0,2,438
230531-322-6575,2023-05-31,доставлен,18:37:00,19:42:00,"Московская область, Одинцовский городской округ, СНТ Полянка, 14",Доставка,Услуги Груши,0,0,0,1,0
230531-322-6575,2023-05-31,доставлен,18:37:00,19:42:00,"Московская область, Одинцовский городской округ, СНТ Полянка, 14",Упаковка,Услуги Груши,15,15,0,1,15
230601-097-2111,2023-06-01,доставлен,08:51:00,09:19:00,"Московская область, Одинцовский городской округ, СНТ Полянка, 14",Рис Басмати отварной Азбука Вкуса,Готовая еда,149,149,0,1,149
230601-097-2111,2023-06-01,доставлен,08:51:00,09:19:00,"Московская область, Одинцовский городской округ, СНТ Полянка, 14",Картофель молодой мытый,Овощи,99,79,20,1,79
230601-097-2111,2023-06-01,доставлен,08:51:00,09:19:00,"Московская область, Одинцовский городской округ, СНТ Полянка, 14",Помидоры сладкие Бархатный мёд,Овощи,1290,1290,0,1,1290
230601-097-2111,2023-06-01,доставлен,08:51:00,09:19:00,"Московская область, Одинцовский городской округ, СНТ Полянка, 14",Печенье овсяное Овсянки Бейкери с клюквой,Сладости,209,209,0,1,209
230601-097-2111,2023-06-01,доставлен,08:51:00,09:19:00,"Московская область, Одинцовский городской округ, СНТ Полянка, 14",Доставка,Услуги Груши,0,0,0,1,0
230601-605-6874,2023-06-01,доставлен,21:36:00,21:42:00,"Московская область, Одинцовский городской округ, СНТ Полянка, 14",Огурцы короткоплодные,Овощи,89,89,0,1,89
230601-605-6874,2023-06-01,доставлен,21:36:00,21:42:00,"Московская область, Одинцовский городской округ, СНТ Полянка, 14",Голубика,Фрукты,259,259,0,1,259
230601-605-6874,2023-06-01,доставлен,21:36:00,21:42:00,"Московская область, Одинцовский городской округ, СНТ Полянка, 14",Попкорн Holy Corn морская соль,Снеки,179,179,0,1,179
230601-605-6874,2023-06-01,доставлен,21:36:00,21:42:00,"Московская область, Одинцовский городской округ, СНТ Полянка, 14","Напиток функциональный Actimuno гранат 1,5%",Напитки,49,49,0,1,49
230601-605-6874,2023-06-01,доставлен,21:36:00,21:42:00,"Московская область, Одинцовский городской округ, СНТ Полянка, 14",Доставка,Услуги Груши,0,0,0,1,0
230614-958-3943,2023-06-14,доставлен,10:39:00,11:16:00,"Московская область, Одинцовский городской округ, СНТ Полянка, 14","Кефир 3,2% Асеньевская ферма",База,119,119,0,1,119
230614-958-3943,2023-06-14,доставлен,10:39:00,11:16:00,"Московская область, Одинцовский городской округ, СНТ Полянка, 14",Вода Шишкин лес негазированная,Вода,49,49,0,1,49
230614-958-3943,2023-06-14,доставлен,10:39:00,11:16:00,"Московская область, Одинцовский городской округ, СНТ Полянка, 14",Яйцо куриное СО Из Груши,База,159,159,0,1,159
230614-958-3943,2023-06-14,доставлен,10:39:00,11:16:00,"Московская область, Одинцовский городской округ, СНТ Полянка, 14","Молоко 2,5% Асеньевская ферма пастеризованное",База,99,99,0,2,198
230614-958-3943,2023-06-14,доставлен,10:39:00,11:16:00,"Московская область, Одинцовский городской округ, СНТ Полянка, 14","Масло сливочное 82,5% Вологодское Из Вологды",База,339,339,0,1,339
230614-958-3943,2023-06-14,доставлен,10:39:00,11:16:00,"Московская область, Одинцовский городской округ, СНТ Полянка, 14","Масло сливочное 72,5% Из Груши",База,179,179,0,1,179
230614-958-3943,2023-06-14,доставлен,10:39:00,11:16:00,"Московская область, Одинцовский городской округ, СНТ Полянка, 14",Доставка,Услуги Груши,0,0,0,1,0
230614-958-3943,2023-06-14,доставлен,10:39:00,11:16:00,"Московская область, Одинцовский городской округ, СНТ Полянка, 14",Упаковка,Услуги Груши,15,15,0,1,15
230617-952-3247,2023-06-17,доставлен,17:45:00,18:02:00,"Московская область, Одинцовский городской округ, СНТ Полянка, 14",Сосиска в слоёном тесте с сыром и горчицей Хлеб насущный,Готовая еда,119,119,0,1,119
230617-952-3247,2023-06-17,доставлен,17:45:00,18:02:00,"Московская область, Одинцовский городской округ, СНТ Полянка, 14",Хурма Королёк,Фрукты,339,339,0,1,339
230617-952-3247,2023-06-17,доставлен,17:45:00,18:02:00,"Московская область, Одинцовский городской округ, СНТ Полянка, 14",Голубика,Фрукты,259,259,0,3,777
230617-952-3247,2023-06-17,доставлен,17:45:00,18:02:00,"Московская область, Одинцовский городской округ, СНТ Полянка, 14",Спелые бананы,Фрукты,229,169,60,2,338
230617-952-3247,2023-06-17,доставлен,17:45:00,18:02:00,"Московская область, Одинцовский городской округ, СНТ Полянка, 14",Апельсины сладкие,Фрукты,299,299,0,1,299
230617-952-3247,2023-06-17,доставлен,17:45:00,18:02:00,"Московская область, Одинцовский городской округ, СНТ Полянка, 14",Доставка,Услуги Груши,0,0,0,1,0
230619-503-2681,2023-06-19,доставлен,11:31:00,11:40:00,"Московская область, Одинцовский городской округ, СНТ Полянка, 14",Миндаль жареный солёный Из Груши,Снеки,419,419,0,1,419
230619-503-2681,2023-06-19,доставлен,11:31:00,11:40:00,"Московская область, Одинцовский городской округ, СНТ Полянка, 14",Хумус классический Из Груши,База,149,149,0,1,149
230619-503-2681,2023-06-19,доставлен,11:31:00,11:40:00,"Московская область, Одинцовский городской округ, СНТ Полянка, 14",Куриная отбивная в кляре с картофельным пюре по-домашнему,Готовая еда,259,259,0,1,259
230619-503-2681,2023-06-19,доставлен,11:31:00,11:40:00,"Московская область, Одинцовский городской округ, СНТ Полянка, 14",Рис Жасмин Из Груши,База,159,159,0,1,159
230619-503-2681,2023-06-19,доставлен,11:31:00,11:40:00,"Московская область, Одинцовский городской округ, СНТ Полянка, 14",Чипсы Pringles сметана-лук,Снеки,319,319,0,1,319
230619-503-2681,2023-06-19,доставлен,11:31:00,11:40:00,"Московская область, Одинцовский городской округ, СНТ Полянка, 14",Сок апельсиновый Из Груши прямой отжим,Напитки,379,319,60,1,319
230619-503-2681,2023-06-19,доставлен,11:31:00,11:40:00,"Московская область, Одинцовский городской округ, СНТ Полянка, 14",Доставка,Услуги Груши,79,79,0,1,79
230620-534-2688,2023-06-20,доставлен,19:56:00,20:18:00,"Московская область, Одинцовский городской округ, СНТ Полянка, 14",Вода минеральная Нарзан газированная,Вода,229,229,0,1,229
230620-534-2688,2023-06-20,доставлен,19:56:00,20:18:00,"Московская область, Одинцовский городской округ, СНТ Полянка, 14",Попкорн Holy Corn нежный сыр,Снеки,89,89,0,1,89
230620-534-2688,2023-06-20,доставлен,19:56:00,20:18:00,"Московская область, Одинцовский городской округ, СНТ Полянка, 14",Помидоры черри на ветке,Овощи,289,289,0,1,289
230620-534-2688,2023-06-20,доставлен,19:56:00,20:18:00,"Московская область, Одинцовский городской округ, СНТ Полянка, 14",Лук репчатый,Овощи,49,49,0,1,49
230620-534-2688,2023-06-20,доставлен,19:56:00,20:18:00,"Московская область, Одинцовский городской округ, СНТ Полянка, 14",Доставка,Услуги Груши,0,0,0,1,0
230620-534-2688,2023-06-20,доставлен,19:56:00,20:18:00,"Московская область, Одинцовский городской округ, СНТ Полянка, 14",Упаковка,Услуги Груши,15,15,0,1,15
230620-026-5071,2023-06-20,доставлен,19:56:00,20:09:00,"Московская область, Одинцовский городской округ, СНТ Полянка, 14",Помидоры сливовидные,Овощи,89,89,0,1,89
230620-026-5071,2023-06-20,доставлен,19:56:00,20:09:00,"Московская область, Одинцовский городской округ, СНТ Полянка, 14",Сэндвич с ростбифом The Truffle,Готовая еда,309,309,0,1,309
230620-026-5071,2023-06-20,доставлен,19:56:00,20:09:00,"Московская область, Одинцовский городской округ, СНТ Полянка, 14",Голубика,Фрукты,259,259,0,2,518
230620-026-5071,2023-06-20,доставлен,19:56:00,20:09:00,"Московская область, Одинцовский городской округ, СНТ Полянка, 14",Огурцы колючие ТСХ,Овощи,139,139,0,1,139
230620-026-5071,2023-06-20,доставлен,19:56:00,20:09:00,"Московская область, Одинцовский городской округ, СНТ Полянка, 14",Доставка,Услуги Груши,149,149,0,1,149
230624-407-6723,2023-06-24,доставлен,09:30:00,09:54:00,"Московская область, Одинцовский городской округ, СНТ Полянка, 14",Вода Шишкин лес негазированная,Вода,49,49,0,1,49
230624-407-6723,2023-06-24,доставлен,09:30:00,09:54:00,"Московская область, Одинцовский городской округ, СНТ Полянка, 14",Доставка,Услуги Груши,79,79,0,1,79
230624-407-6723,2023-06-24,доставлен,09:30:00,09:54:00,"Московская область, Одинцовский городской округ, СНТ Полянка, 14",Упаковка,Услуги Груши,15,15,0,1,15
230626-195-1232,2023-06-26,доставлен,08:37:00,08:48:00,"Московская область, Одинцовский городской округ, СНТ Полянка, 14","Молоко 2,5% Асеньевская ферма пастеризованное",База,99,99,0,2,198
230626-195-1232,2023-06-26,доставлен,08:37:00,08:48:00,"Московская область, Одинцовский городской округ, СНТ Полянка, 14","Масло сливочное 82,5% Вологодское Из Вологды",База,339,259,80,1,259
230626-195-1232,2023-06-26,доставлен,08:37:00,08:48:00,"Московская область, Одинцовский городской округ, СНТ Полянка, 14","Масло сливочное 72,5% Из Груши",База,179,179,0,1,179
230626-195-1232,2023-06-26,доставлен,08:37:00,08:48:00,"Московская область, Одинцовский городской округ, СНТ Полянка, 14",Манго спелое,Фрукты,529,529,0,1,529
230626-195-1232,2023-06-26,доставлен,08:37:00,08:48:00,"Московская область, Одинцовский городской округ, СНТ Полянка, 14",Плёнка пищевая Master Fresh 20 м х 30 см,Товары для дома,49,49,0,1,49
230626-195-1232,2023-06-26,доставлен,08:37:00,08:48:00,"Московская область, Одинцовский городской округ, СНТ Полянка, 14",Доставка,Услуги Груши,149,149,0,1,149
230626-195-1232,2023-06-26,доставлен,08:37:00,08:48:00,"Московская область, Одинцовский городской округ, СНТ Полянка, 14",Упаковка,Услуги Груши,15,15,0,1,15
230626-523-9281,2023-06-26,доставлен,08:55:00,09:18:00,"Московская область, Одинцовский городской округ, СНТ Полянка, 14",Салфетки влажные детские Pampers Sensitive,Товары для дома,229,229,0,1,229
230626-523-9281,2023-06-26,доставлен,08:55:00,09:18:00,"Московская область, Одинцовский городской округ, СНТ Полянка, 14",Блинчики с творогом Азбука Вкуса,Готовая еда,169,119,50,2,238
230626-523-9281,2023-06-26,доставлен,08:55:00,09:18:00,"Московская область, Одинцовский городской округ, СНТ Полянка, 14",Доставка,Услуги Груши,149,149,0,1,149
230626-523-9281,2023-06-26,доставлен,08:55:00,09:18:00,"Московская область, Одинцовский городской округ, СНТ Полянка, 14",Упаковка,Услуги Груши,15,15,0,1,15
230628-078-3517,2023-06-28,доставлен,11:23:00,11:42:00,"Московская область, Одинцовский городской округ, СНТ Полянка, 14","Кефир 3,2% Асеньевская ферма",База,119,119,0,1,119
230628-078-3517,2023-06-28,доставлен,11:23:00,11:42:00,"Московская область, Одинцовский городской округ, СНТ Полянка, 14",Яйцо куриное СО Из Груши,База,159,159,0,1,159
230628-078-3517,2023-06-28,доставлен,11:23:00,11:42:00,"Московская область, Одинцовский городской округ, СНТ Полянка, 14",Голубика,Фрукты,259,259,0,1,259
230628-078-3517,2023-06-28,доставлен,11:23:00,11:42:00,"Московская область, Одинцовский городской округ, СНТ Полянка, 14","Молоко 3,2% Асеньевская ферма пастеризованное",База,99,99,0,1,99
230628-078-3517,2023-06-28,доставлен,11:23:00,11:42:00,"Московская область, Одинцовский городской округ, СНТ Полянка, 14",Шоколад молочный Alpen Gold фундук-изюм,Сладости,119,119,0,1,119
230628-078-3517,2023-06-28,доставлен,11:23:00,11:42:00,"Московская область, Одинцовский городской округ, СНТ Полянка, 14",Батончики KitKat с хрустящей вафлей в молочном шоколаде,Сладости,239,239,0,1,239
230628-078-3517,2023-06-28,доставлен,11:23:00,11:42:00,"Московская область, Одинцовский городской округ, СНТ Полянка, 14",Доставка,Услуги Груши,49,49,0,1,49
230628-078-3517,2023-06-28,доставлен,11:23:00,11:42:00,"Московская область, Одинцовский городской округ, СНТ Полянка, 14",Упаковка,Услуги Груши,15,15,0,1,15
230703-943-4841,2023-07-03,доставлен,08:06:00,08:28:00,"Московская область, Одинцовский городской округ, СНТ Полянка, 14",Рис Басмати отварной Азбука Вкуса,Готовая еда,149,149,0,1,149
230703-943-4841,2023-07-03,доставлен,08:06:00,08:28:00,"Московская область, Одинцовский городской округ, СНТ Полянка, 14",Перец микс,Овощи,319,319,0,1,319
230703-943-4841,2023-07-03,доставлен,08:06:00,08:28:00,"Московская область, Одинцовский городской округ, СНТ Полянка, 14","Сэндвич с индейкой, сыром чеддер, соусами монре и айоли Mates",Готовая еда,309,309,0,1,309
230703-943-4841,2023-07-03,доставлен,08:06:00,08:28:00,"Московская область, Одинцовский городской округ, СНТ Полянка, 14","Шоколад молочный Ritter Sport с ромом, изюмом и орехом",Сладости,159,159,0,1,159
230703-943-4841,2023-07-03,доставлен,08:06:00,08:28:00,"Московская область, Одинцовский городской округ, СНТ Полянка, 14",Доставка,Услуги Груши,0,0,0,1,0
230703-943-4841,2023-07-03,доставлен,08:06:00,08:28:00,"Московская область, Одинцовский городской округ, СНТ Полянка, 14",Упаковка,Услуги Груши,15,15,0,1,15
230707-947-3956,2023-07-07,доставлен,18:05:00,18:19:00,"Московская область, Одинцовский городской округ, СНТ Полянка, 14",Вода Шишкин лес негазированная,Вода,49,29,20,1,29
230707-947-3956,2023-07-07,доставлен,18:05:00,18:19:00,"Московская область, Одинцовский городской округ, СНТ Полянка, 14","Молоко 2,5% Асеньевская ферма пастеризованное",База,99,79,20,1,79
230707-947-3956,2023-07-07,доставлен,18:05:00,18:19:00,"Московская область, Одинцовский городской округ, СНТ Полянка, 14","Масло сливочное 82,5% Вологодское Из Вологды",База,339,339,0,1,339
230707-947-3956,2023-07-07,доставлен,18:05:00,18:19:00,"Московская область, Одинцовский городской округ, СНТ Полянка, 14","Масло сливочное 72,5% Из Груши",База,179,179,0,1,179
230707-947-3956,2023-07-07,доставлен,18:05:00,18:19:00,"Московская область, Одинцовский городской округ, СНТ Полянка, 14",Салат Крабовый Азбука вкуса,Готовая еда,209,209,0,1,209
230707-947-3956,2023-07-07,доставлен,18:05:00,18:19:00,"Московская область, Одинцовский городской округ, СНТ Полянка, 14",Доставка,Услуги Груши,79,79,0,1,79
230707-947-3956,2023-07-07,доставлен,18:05:00,18:19:00,"Московская область, Одинцовский городской округ, СНТ Полянка, 14",Упаковка,Услуги Груши,15,15,0,1,15
230708-291-5534,2023-07-08,доставлен,09:36:00,10:06:00,"Московская область, Одинцовский городской округ, СНТ Полянка, 14",Пирог с картофелем и сыром Рамонти Пайз,Готовая еда,159,159,0,1,159
230708-291-5534,2023-07-08,доставлен,09:36:00,10:06:00,"Московская область, Одинцовский городской округ, СНТ Полянка, 14",Помидоры сливовидные Эко-культура красные на ветке,Овощи,359,359,0,1,359
230708-291-5534,2023-07-08,доставлен,09:36:00,10:06:00,"Московская область, Одинцовский городской округ, СНТ Полянка, 14",Мороженое сливочное Snickers,Сладости,489,489,0,1,489
230708-291-5534,2023-07-08,доставлен,09:36:00,10:06:00,"Московская область, Одинцовский городской округ, СНТ Полянка, 14",Шпинат,Овощи,209,209,0,1,209
230708-291-5534,2023-07-08,доставлен,09:36:00,10:06:00,"Московская область, Одинцовский городской округ, СНТ Полянка, 14",Доставка,Услуги Груши,0,0,0,1,0
230712-311-9392,2023-07-12,доставлен,23:01:00,23:15:00,"Московская область, Одинцовский городской округ, СНТ Полянка, 14","Кефир 3,2% Асеньевская ферма",База,119,119,0,1,119
230712-311-9392,2023-07-12,доставлен,23:01:00,23:15:00,"Московская область, Одинцовский городской округ, СНТ Полянка, 14",Доставка,Услуги Груши,79,79,0,1,79
230712-311-9392,2023-07-12,доставлен,23:01:00,23:15:00,"Московская область, Одинцовский городской округ, СНТ Полянка, 14",Упаковка,Услуги Груши,15,15,0,1,15
230714-452-5615,2023-07-14,доставлен,10:24:00,10:47:00,"Московская область, Одинцовский городской округ, СНТ Полянка, 14",Яйцо куриное СО Из Груши,База,159,129,30,1,129
230714-452-5615,2023-07-14,доставлен,10:24:00,10:47:00,"Московская область, Одинцовский городской округ, СНТ Полянка, 14",Квас Очаковский,Напитки,99,99,0,1,99
230714-452-5615,2023-07-14,доставлен,10:24:00,10:47:00,"Московская область, Одинцовский городской округ, СНТ Полянка, 14",Доставка,Услуги Груши,0,0,0,1,0
230714-452-5615,2023-07-14,доставлен,10:24:00,10:47:00,"Московская область, Одинцовский городской округ, СНТ Полянка, 14",Упаковка,Услуги Груши,15,15,0,1,15
230715-386-0936,2023-07-15,доставлен,09:02:00,09:19:00,"Московская область, Одинцовский городской округ, СНТ Полянка, 14",Огурцы короткоплодные,Овощи,89,89,0,1,89
230715-386-0936,2023-07-15,доставлен,09:02:00,09:19:00,"Московская область, Одинцовский городской округ, СНТ Полянка, 14",Помидоры черри Эко-культура круглые красные,Овощи,199,199,0,1,199
230715-386-0936,2023-07-15,доставлен,09:02:00,09:19:00,"Московская область, Одинцовский городской округ, СНТ Полянка, 14",Мармелад жевательный Из Груши червяки,Сладости,169,169,0,1,169
230715-386-0936,2023-07-15,доставлен,09:02:00,09:19:00,"Московская область, Одинцовский городской округ, СНТ Полянка, 14",Голубика Артфрут,Фрукты,379,379,0,1,379
230715-386-0936,2023-07-15,доставлен,09:02:00,09:19:00,"Московская область, Одинцовский городской округ, СНТ Полянка, 14",Средство для мытья посуды Fairy лимон,Товары для дома,279,279,0,1,279
230715-386-0936,2023-07-15,доставлен,09:02:00,09:19:00,"Московская область, Одинцовский городской округ, СНТ Полянка, 14",Голубика,Фрукты,259,259,0,1,259
230715-386-0936,2023-07-15,доставлен,09:02:00,09:19:00,"Московская область, Одинцовский городской округ, СНТ Полянка, 14",Доставка,Услуги Груши,0,0,0,1,0
230718-639-3529,2023-07-18,доставлен,12:25:00,12:51:00,"Московская область, Одинцовский городской округ, СНТ Полянка, 14",Вода Шишкин лес негазированная,Вода,49,49,0,1,49
230718-639-3529,2023-07-18,доставлен,12:25:00,12:51:00,"Московская область, Одинцовский городской округ, СНТ Полянка, 14","Молоко 2,5% Асеньевская ферма пастеризованное",База,99,99,0,1,99
230718-639-3529,2023-07-18,доставлен,12:25:00,12:51:00,"Московская область, Одинцовский городской округ, СНТ Полянка, 14","Масло сливочное 82,5% Вологодское Из Вологды",База,339,239,100,1,239
230718-639-3529,2023-07-18,доставлен,12:25:00,12:51:00,"Московская область, Одинцовский городской округ, СНТ Полянка, 14","Масло сливочное 72,5% Из Груши",База,179,179,0,1,179
230718-639-3529,2023-07-18,доставлен,12:25:00,12:51:00,"Московская область, Одинцовский городской округ, СНТ Полянка, 14",Доставка,Услуги Груши,0,0,0,1,0
230719-740-4196,2023-07-19,доставлен,21:51:00,22:08:00,"Московская область, Одинцовский городской округ, СНТ Полянка, 14","Молоко 3,2% Из Груши пастеризованное",База,99,89,10,1,89
230719-740-4196,2023-07-19,доставлен,21:51:00,22:08:00,"Московская область, Одинцовский городской округ, СНТ Полянка, 14",Пастила яблочная Белёвская,Сладости,449,449,0,1,449
230719-740-4196,2023-07-19,доставлен,21:51:00,22:08:00,"Московская область, Одинцовский городской округ, СНТ Полянка, 14",Перец микс,Овощи,319,319,0,1,319
230719-740-4196,2023-07-19,доставлен,21:51:00,22:08:00,"Московская область, Одинцовский городской округ, СНТ Полянка, 14","Шоколад молочный Ritter Sport с ромом, изюмом и орехом",Сладости,159,159,0,1,159
230719-740-4196,2023-07-19,доставлен,21:51:00,22:08:00,"Московская область, Одинцовский городской округ, СНТ Полянка, 14",Яйцо куриное СО Из Груши,База,159,119,40,1,119
230719-740-4196,2023-07-19,доставлен,21:51:00,22:08:00,"Московская область, Одинцовский городской округ, СНТ Полянка, 14",Брокколи свежая,Овощи,209,209,0,1,209
230719-740-4196,2023-07-19,доставлен,21:51:00,22:08:00,"Московская область, Одинцовский городской округ, СНТ Полянка, 14",Битые огурцы Чихо,Готовая еда,379,379,0,1,379
230719-740-4196,2023-07-19,доставлен,21:51:00,22:08:00,"Московская область, Одинцовский городской округ, СНТ Полянка, 14",Доставка,Услуги Груши,0,0,0,1,0
230720-786-3896,2023-07-20,доставлен,09:15:00,09:29:00,"Московская область, Одинцовский городской округ, СНТ Полянка, 14",Огурцы короткоплодные,Овощи,89,89,0,1,89
230720-786-3896,2023-07-20,доставлен,09:15:00,09:29:00,"Московская область, Одинцовский городской округ, СНТ Полянка, 14",Курица тандури в сливочно-томатном карри с рисом басмати Чикен Баттер Масала Chindi Kitchen,Готовая еда,919,919,0,1,919
230720-786-3896,2023-07-20,доставлен,09:15:00,09:29:00,"Московская область, Одинцовский городской округ, СНТ Полянка, 14",Салат Цезарь с курицей Азбука Вкуса,Готовая еда,329,329,0,1,329
230720-786-3896,2023-07-20,доставлен,09:15:00,09:29:00,"Московская область, Одинцовский городской округ, СНТ Полянка, 14",Спелые бананы,Фрукты,229,229,0,1,229
230720-786-3896,2023-07-20,доставлен,09:15:00,09:29:00,"Московская область, Одинцовский городской округ, СНТ Полянка, 14",Мороженое Monterra бельгийский шоколад,Сладости,699,699,0,1,699
230720-786-3896,2023-07-20,доставлен,09:15:00,09:29:00,"Московская область, Одинцовский городской округ, СНТ Полянка, 14",Вода минеральная Evian без газа,Вода,139,139,0,1,139
230720-786-3896,2023-07-20,доставлен,09:15:00,09:29:00,"Московская область, Одинцовский городской округ, СНТ Полянка, 14",Пицца Маргарита Из Груши,Готовая еда,639,639,0,1,639
230720-786-3896,2023-07-20,доставлен,09:15:00,09:29:00,"Московская область, Одинцовский городской округ, СНТ Полянка, 14",Доставка,Услуги Груши,149,149,0,1,149
230724-100-7441,2023-07-24,доставлен,17:57:00,18:14:00,"Московская область, Одинцовский городской округ, СНТ Полянка, 14",Пирог с картофелем и сыром Рамонти Пайз,Готовая еда,159,159,0,1,159
230724-100-7441,2023-07-24,доставлен,17:57:00,18:14:00,"Московская область, Одинцовский городской округ, СНТ Полянка, 14",Улитка с изюмом и заварным кремом Из Груши,Сладости,139,139,0,1,139
230724-100-7441,2023-07-24,доставлен,17:57:00,18:14:00,"Московская область, Одинцовский городской округ, СНТ Полянка, 14",Сыр сливочный Из Груши нарезка 50%,База,189,189,0,1,189
230724-100-7441,2023-07-24,доставлен,17:57:00,18:14:00,"Московская область, Одинцовский городской округ, СНТ Полянка, 14",Мороженое эскимо Магнат,Сладости,149,149,0,3,447
230724-100-7441,2023-07-24,доставлен,17:57:00,18:14:00,"Московская область, Одинцовский городской округ, СНТ Полянка, 14",Груша Конференция,Фрукты,189,189,0,2,378
230724-100-7441,2023-07-24,доставлен,17:57:00,18:14:00,"Московская область, Одинцовский городской округ, СНТ Полянка, 14",Доставка,Услуги Груши,49,49,0,1,49
230725-639-9226,2023-07-25,доставлен,09:53:00,10:02:00,"Московская область, Одинцовский городской округ, СНТ Полянка, 14",Банан,Фрукты,19,19,0,1,19
230725-639-9226,2023-07-25,доставлен,09:53:00,10:02:00,"Московская область, Одинцовский городской округ, СНТ Полянка, 14",Хлопья кукурузные Из Груши без глютена без добавления сахара,База,239,239,0,1,239
230725-639-9226,2023-07-25,доставлен,09:53:00,10:02:00,"Московская область, Одинцовский городской округ, СНТ Полянка, 14",Вода минеральная Новотерская лечебно-столовая газированная,Вода,69,69,0,2,138
230725-639-9226,2023-07-25,доставлен,09:53:00,10:02:00,"Московская область, Одинцовский городской округ, СНТ Полянка, 14",Мандарины Абхазия,Фрукты,299,299,0,1,299
230725-639-9226,2023-07-25,доставлен,09:53:00,10:02:00,"Московская область, Одинцовский городской округ, СНТ Полянка, 14",Голубика,Фрукты,259,259,0,3,777
230725-639-9226,2023-07-25,доставлен,09:53:00,10:02:00,"Московская область, Одинцовский городской округ, СНТ Полянка, 14",Доставка,Услуги Груши,99,99,0,1,99
230725-639-9226,2023-07-25,доставлен,09:53:00,10:02:00,"Московская область, Одинцовский городской округ, СНТ Полянка, 14",Упаковка,Услуги Груши,15,15,0,1,15
230804-892-5679,2023-08-04,доставлен,09:54:00,10:21:00,"Московская область, Одинцовский городской округ, СНТ Полянка, 14","Кефир 3,2% Асеньевская ферма",База,119,119,0,1,119
230804-892-5679,2023-08-04,доставлен,09:54:00,10:21:00,"Московская область, Одинцовский городской округ, СНТ Полянка, 14",Вода Шишкин лес негазированная,Вода,49,39,10,1,39
230804-892-5679,2023-08-04,доставлен,09:54:00,10:21:00,"Московская область, Одинцовский городской округ, СНТ Полянка, 14",Яйцо куриное СО Из Груши,База,159,159,0,1,159
230804-892-5679,2023-08-04,доставлен,09:54:00,10:21:00,"Московская область, Одинцовский городской округ, СНТ Полянка, 14","Молоко 2,5% Асеньевская ферма пастеризованное",База,99,99,0,2,198
230804-892-5679,2023-08-04,доставлен,09:54:00,10:21:00,"Московская область, Одинцовский городской округ, СНТ Полянка, 14","Масло сливочное 82,5% Вологодское Из Вологды",База,339,339,0,1,339
230804-892-5679,2023-08-04,доставлен,09:54:00,10:21:00,"Московская область, Одинцовский городской округ, СНТ Полянка, 14",Доставка,Услуги Груши,79,79,0,1,79
230816-737-9030,2023-08-16,доставлен,12:03:00,12:24:00,"Московская область, Одинцовский городской округ, СНТ Полянка, 14",Вода Шишкин лес негазированная,Вода,49,49,0,1,49
230816-737-9030,2023-08-16,доставлен,12:03:00,12:24:00,"Московская область, Одинцовский городской округ, СНТ Полянка, 14","Молоко 2,5% Асеньевская ферма пастеризованное",База,99,99,0,1,99
230816-737-9030,2023-08-16,доставлен,12:03:00,12:24:00,"Московская область, Одинцовский городской округ, СНТ Полянка, 14","Масло сливочное 82,5% Вологодское Из Вологды",База,339,339,0,1,339
230816-737-9030,2023-08-16,доставлен,12:03:00,12:24:00,"Московская область, Одинцовский городской округ, СНТ Полянка, 14","Масло сливочное 72,5% Из Груши",База,179,179,0,1,179
230816-737-9030,2023-08-16,доставлен,12:03:00,12:24:00,"Московская область, Одинцовский городской округ, СНТ Полянка, 14",Термометр электронный Omron,Аптека,939,939,0,1,939
230816-737-9030,2023-08-16,доставлен,12:03:00,12:24:00,"Московская область, Одинцовский городской округ, СНТ Полянка, 14",Огурцы короткоплодные,Овощи,89,89,0,1,89
230816-737-9030,2023-08-16,доставлен,12:03:00,12:24:00,"Московская область, Одинцовский городской округ, СНТ Полянка, 14",Пицца Маргарита Из Груши,Готовая еда,639,639,0,1,639
230816-737-9030,2023-08-16,доставлен,12:03:00,12:24:00,"Московская область, Одинцовский городской округ, СНТ Полянка, 14",Вода Калинов родник негазированная,Вода,409,409,0,1,409
230816-737-9030,2023-08-16,доставлен,12:03:00,12:24:00,"Московская область, Одинцовский городской округ, СНТ Полянка, 14",Банан,Фрукты,19,19,0,1,19
230816-737-9030,2023-08-16,доставлен,12:03:00,12:24:00,"Московская область, Одинцовский городской округ, СНТ Полянка, 14",Доставка,Услуги Груши,49,49,0,1,49
230823-437-0935,2023-08-23,доставлен,16:39:00,16:58:00,"Московская область, Одинцовский городской округ, СНТ Полянка, 14","Кефир 3,2% Асеньевская ферма",База,119,119,0,1,119
230823-437-0935,2023-08-23,доставлен,16:39:00,16:58:00,"Московская область, Одинцовский городской округ, СНТ Полянка, 14",Яйцо куриное СО Из Груши,База,159,159,0,1,159
230823-437-0935,2023-08-23,доставлен,16:39:00,16:58:00,"Московская область, Одинцовский городской округ, СНТ Полянка, 14",Голубика Артфрут,Фрукты,379,379,0,3,1137
230823-437-0935,2023-08-23,доставлен,16:39:00,16:58:00,"Московская область, Одинцовский городской округ, СНТ Полянка, 14",Печенье бисквитное Яшкино клубника,Сладости,149,149,0,1,149
230823-437-0935,2023-08-23,доставлен,16:39:00,16:58:00,"Московская область, Одинцовский городской округ, СНТ Полянка, 14","Шоколад молочный Ritter Sport с ромом, изюмом и орехом",Сладости,159,159,0,1,159
230823-437-0935,2023-08-23,доставлен,16:39:00,16:58:00,"Московская область, Одинцовский городской округ, СНТ Полянка, 14",Батончики шоколадные Twix Minis,Сладости,219,219,0,2,438
230823-437-0935,2023-08-23,доставлен,16:39:00,16:58:00,"Московская область, Одинцовский городской округ, СНТ Полянка, 14",Доставка,Услуги Груши,0,0,0,1,0
230823-437-0935,2023-08-23,доставлен,16:39:00,16:58:00,"Московская область, Одинцовский городской округ, СНТ Полянка, 14",Упаковка,Услуги Груши,15,15,0,1,15
230825-602-2082,2023-08-25,доставлен,07:00:00,07:11:00,"Московская область, Одинцовский городской округ, СНТ Полянка, 14","Молоко 2,5% Асеньевская ферма пастеризованное",База,99,99,0,1,99
230825-602-2082,2023-08-25,доставлен,07:00:00,07:11:00,"Московская область, Одинцовский городской округ, СНТ Полянка, 14",Доставка,Услуги Груши,0,0,0,1,0
230825-602-2082,2023-08-25,доставлен,07:00:00,07:11:00,"Московская область, Одинцовский городской округ, СНТ Полянка, 14",Упаковка,Услуги Груши,15,15,0,1,15
230901-183-5344,2023-09-01,доставлен,10:05:00,10:23:00,"Москва, Ленинский проспект, 78к1",Вода Шишкин лес негазированная,Вода,49,49,0,2,98
230901-183-5344,2023-09-01,доставлен,10:05:00,10:23:00,"Москва, Ленинский проспект, 78к1","Масло сливочное 82,5% Вологодское Из Вологды",База,339,339,0,1,339
230901-183-5344,2023-09-01,доставлен,10:05:00,10:23:00,"Москва, Ленинский проспект, 78к1","Масло сливочное 72,5% Из Груши",База,179,179,0,1,179
230901-183-5344,2023-09-01,доставлен,10:05:00,10:23:00,"Москва, Ленинский проспект, 78к1",Хлеб тостовый пшеничный Из Груши,База,89,89,0,1,89
230901-183-5344,2023-09-01,доставлен,10:05:00,10:23:00,"Москва, Ленинский проспект, 78к1",Сыр Халлуми Из Груши,База,179,149,30,1,149
230901-183-5344,2023-09-01,доставлен,10:05:00,10:23:00,"Москва, Ленинский проспект, 78к1",Доставка,Услуги Груши,0,0,0,1,0
230901-183-5344,2023-09-01,доставлен,10:05:00,10:23:00,"Москва, Ленинский проспект, 78к1",Упаковка,Услуги Груши,15,15,0,1,15
230903-391-3967,2023-09-03,доставлен,20:22:00,20:34:00,"Москва, Ленинский проспект, 78к1","Молоко 2,5% Асеньевская ферма пастеризованное",База,99,99,0,2,198
230903-391-3967,2023-09-03,доставлен,20:22:00,20:34:00,"Москва, Ленинский проспект, 78к1",Мандарины Абхазия,Фрукты,299,299,0,1,299
230903-391-3967,2023-09-03,доставлен,20:22:00,20:34:00,"Москва, Ленинский проспект, 78к1",Шницель из курицы со спагетти и кетчупом Из Груши,Готовая еда,259,259,0,1,259
230903-391-3967,2023-09-03,доставлен,20:22:00,20:34:00,"Москва, Ленинский проспект, 78к1",Лепешки Мексиканские Оригинальные Delicados Tortillas,База,149,149,0,2,298
230903-391-3967,2023-09-03,доставлен,20:22:00,20:34:00,"Москва, Ленинский проспект, 78к1",Вода Архыз Vita негазированная,Вода,59,59,0,1,59
230903-391-3967,2023-09-03,доставлен,20:22:00,20:34:00,"Москва, Ленинский проспект, 78к1",Попкорн для СВЧ Из Груши с солью,Снеки,49,49,0,1,49
230903-391-3967,2023-09-03,доставлен,20:22:00,20:34:00,"Москва, Ленинский проспект, 78к1",Доставка,Услуги Груши,0,0,0,1,0
230903-391-3967,2023-09-03,доставлен,20:22:00,20:34:00,"Москва, Ленинский проспект, 78к1",Упаковка,Услуги Груши,15,15,0,1,15
230904-987-1957,2023-09-04,доставлен,09:23:00,09:37:00,"Москва, Ленинский проспект, 78к1",Улитка с изюмом и заварным кремом Из Груши,Сладости,139,139,0,1,139
230904-987-1957,2023-09-04,доставлен,09:23:00,09:37:00,"Москва, Ленинский проспект, 78к1",Шоколад молочный Alpen Gold с фундуком,Сладости,149,129,20,1,129
230904-987-1957,2023-09-04,доставлен,09:23:00,09:37:00,"Москва, Ленинский проспект, 78к1",Помидоры розовые Эко-культура круглые,Овощи,199,199,0,1,199
230904-987-1957,2023-09-04,доставлен,09:23:00,09:37:00,"Москва, Ленинский проспект, 78к1",Доставка,Услуги Груши,0,0,0,1,0
230904-987-1957,2023-09-04,доставлен,09:23:00,09:37:00,"Москва, Ленинский проспект, 78к1",Упаковка,Услуги Груши,15,15,0,1,15
230904-579-6908,2023-09-04,доставлен,18:41:00,18:55:00,"Москва, Ленинский проспект, 78к1",Мороженое Monterra бельгийский шоколад,Сладости,699,699,0,1,699
230904-579-6908,2023-09-04,доставлен,18:41:00,18:55:00,"Москва, Ленинский проспект, 78к1",Блинчики с начинкой с манго и кокосовым кремом Азбука вкуса,Готовая еда,249,249,0,2,498
230904-579-6908,2023-09-04,доставлен,18:41:00,18:55:00,"Москва, Ленинский проспект, 78к1",Доставка,Услуги Груши,0,0,0,1,0
230904-579-6908,2023-09-04,доставлен,18:41:00,18:55:00,"Москва, Ленинский проспект, 78к1",Упаковка,Услуги Груши,15,15,0,1,15
230905-961-8798,2023-09-05,доставлен,09:13:00,09:30:00,"Москва, Ленинский проспект, 78к1",Яйцо куриное СО Из Груши,База,159,159,0,1,159
230905-961-8798,2023-09-05,доставлен,09:13:00,09:30:00,"Москва, Ленинский проспект, 78к1",Шоколад белый пористый Воздушный,Сладости,139,139,0,1,139
230905-961-8798,2023-09-05,доставлен,09:13:00,09:30:00,"Москва, Ленинский проспект, 78к1",Батончик шоколадный Cadbury Wispa,Сладости,79,79,0,1,79
230905-961-8798,2023-09-05,доставлен,09:13:00,09:30:00,"Москва, Ленинский проспект, 78к1",Доставка,Услуги Груши,0,0,0,1,0
230905-124-8603,2023-09-05,доставлен,09:56:00,10:05:00,"Москва, Ленинский проспект, 78к1",Вода Bonaqua негазированная,Вода,69,59,10,1,59
230905-124-8603,2023-09-05,доставлен,09:56:00,10:05:00,"Москва, Ленинский проспект, 78к1","Напиток овсяный Nemoloko 3,2% классический",Напитки,149,149,0,3,447
230905-124-8603,2023-09-05,доставлен,09:56:00,10:05:00,"Москва, Ленинский проспект, 78к1",Голубика Артфрут,Фрукты,379,379,0,2,758
230905-124-8603,2023-09-05,доставлен,09:56:00,10:05:00,"Москва, Ленинский проспект, 78к1",Доставка,Услуги Груши,99,99,0,1,99
230909-168-6842,2023-09-09,доставлен,09:29:00,09:43:00,"Москва, Ленинский проспект, 78к1","Кефир 3,2% Асеньевская ферма",База,119,119,0,1,119
230909-168-6842,2023-09-09,доставлен,09:29:00,09:43:00,"Москва, Ленинский проспект, 78к1",Банан,Фрукты,19,19,0,2,38
230909-168-6842,2023-09-09,доставлен,09:29:00,09:43:00,"Москва, Ленинский проспект, 78к1",Бабагануш с пшеничными лепёшками Chindi Kitchen,Готовая еда,269,269,0,1,269
230909-168-6842,2023-09-09,доставлен,09:29:00,09:43:00,"Москва, Ленинский проспект, 78к1",Черешня Розовый жемчуг,Фрукты,1390,1390,0,2,2780
230909-168-6842,2023-09-09,доставлен,09:29:00,09:43:00,"Москва, Ленинский проспект, 78к1",Картофель молодой мытый,Овощи,99,99,0,1,99
230909-168-6842,2023-09-09,доставлен,09:29:00,09:43:00,"Москва, Ленинский проспект, 78к1",Доставка,Услуги Груши,0,0,0,1,0
230912-432-0354,2023-09-12,доставлен,08:32:00,08:48:00,"Москва, Ленинский проспект, 78к1",Бабагануш с пшеничными лепёшками Chindi Kitchen,Готовая еда,269,269,0,1,269
230912-432-0354,2023-09-12,доставлен,08:32:00,08:48:00,"Москва, Ленинский проспект, 78к1",Котлеты из курицы с картофельным пюре большая порция Из Груши,Готовая еда,599,599,0,1,599
230912-432-0354,2023-09-12,доставлен,08:32:00,08:48:00,"Москва, Ленинский проспект, 78к1",Абрикосы,Фрукты,179,179,0,1,179
230912-432-0354,2023-09-12,доставлен,08:32:00,08:48:00,"Москва, Ленинский проспект, 78к1",Лимонад Из Груши с соком грейпфрута,Напитки,169,169,0,1,169
230912-432-0354,2023-09-12,доставлен,08:32:00,08:48:00,"Москва, Ленинский проспект, 78к1",Омлет Классический со шпинатным соусом Из Груши,Готовая еда,179,179,0,2,358
230912-432-0354,2023-09-12,доставлен,08:32:00,08:48:00,"Москва, Ленинский проспект, 78к1",Шпинат,Овощи,209,209,0,1,209
230912-432-0354,2023-09-12,доставлен,08:32:00,08:48:00,"Москва, Ленинский проспект, 78к1",Доставка,Услуги Груши,49,49,0,1,49
230912-435-8976,2023-09-12,доставлен,17:55:00,18:17:00,"Москва, Ленинский проспект, 78к1",Вода Шишкин лес негазированная,Вода,49,49,0,1,49
230912-435-8976,2023-09-12,доставлен,17:55:00,18:17:00,"Москва, Ленинский проспект, 78к1","Молоко 2,5% Асеньевская ферма пастеризованное",База,99,99,0,1,99
230912-435-8976,2023-09-12,доставлен,17:55:00,18:17:00,"Москва, Ленинский проспект, 78к1","Масло сливочное 82,5% Вологодское Из Вологды",База,339,289,50,1,289
230912-435-8976,2023-09-12,доставлен,17:55:00,18:17:00,"Москва, Ленинский проспект, 78к1","Масло сливочное 72,5% Из Груши",База,179,129,50,2,258
230912-435-8976,2023-09-12,доставлен,17:55:00,18:17:00,"Москва, Ленинский проспект, 78к1",Помидоры розовые Эко-культура круглые,Овощи,199,199,0,1,199
230912-435-8976,2023-09-12,доставлен,17:55:00,18:17:00,"Москва, Ленинский проспект, 78к1",Доставка,Услуги Груши,119,119,0,1,119
230917-313-0852,2023-09-17,доставлен,09:01:00,09:26:00,"Москва, Ленинский проспект, 78к1",Батончик Snickers лесной орех,Сладости,119,119,0,1,119
230917-313-0852,2023-09-17,доставлен,09:01:00,09:26:00,"Москва, Ленинский проспект, 78к1",Зефир ванильный Шармэль,Сладости,189,189,0,3,567
230917-313-0852,2023-09-17,доставлен,09:01:00,09:26:00,"Москва, Ленинский проспект, 78к1",Помидоры черри на ветке,Овощи,289,289,0,1,289
230917-313-0852,2023-09-17,доставлен,09:01:00,09:26:00,"Москва, Ленинский проспект, 78к1",Чипсы Lay's сыр,Снеки,199,199,0,1,199
230917-313-0852,2023-09-17,доставлен,09:01:00,09:26:00,"Москва, Ленинский проспект, 78к1",Гранола ореховая Bionova без добавления сахара,База,599,599,0,1,599
230917-313-0852,2023-09-17,доставлен,09:01:00,09:26:00,"Москва, Ленинский проспект, 78к1",Манго спелое,Фрукты,529,529,0,1,529
230917-313-0852,2023-09-17,доставлен,09:01:00,09:26:00,"Москва, Ленинский проспект, 78к1",Доставка,Услуги Груши,49,49,0,1,49
230917-313-0852,2023-09-17,доставлен,09:01:00,09:26:00,"Москва, Ленинский проспект, 78к1",Упаковка,Услуги Груши,15,15,0,1,15
230917-309-5301,2023-09-17,доставлен,09:18:00,09:29:00,"Москва, Ленинский проспект, 78к1","Фруктовый микс манго, голубика",Фрукты,449,449,0,1,449
230917-309-5301,2023-09-17,доставлен,09:18:00,09:29:00,"Москва, Ленинский проспект, 78к1",Напиток соевый Alpro банановый,Напитки,349,349,0,2,698
230917-309-5301,2023-09-17,доставлен,09:18:00,09:29:00,"Москва, Ленинский проспект, 78к1",Чистящее средство Synergetic для окон и зеркал,Товары для дома,279,279,0,1,279
230917-309-5301,2023-09-17,доставлен,09:18:00,09:29:00,"Москва, Ленинский проспект, 78к1",Доставка,Услуги Груши,0,0,0,1,0
230919-613-0678,2023-09-19,доставлен,18:35:00,18:44:00,"Москва, Ленинский проспект, 78к1",Витамин D3 2000 МЕ Solgar 60 капсул,Аптека,1190,1190,0,1,1190
230919-613-0678,2023-09-19,доставлен,18:35:00,18:44:00,"Москва, Ленинский проспект, 78к1",Смесь орехов с цукатами Семушка,Фрукты,179,179,0,1,179
230919-613-0678,2023-09-19,доставлен,18:35:00,18:44:00,"Москва, Ленинский проспект, 78к1",Лапша быстрого приготовления Доширак курица,Готовая еда,79,79,0,1,79
230919-613-0678,2023-09-19,доставлен,18:35:00,18:44:00,"Москва, Ленинский проспект, 78к1",Сосиска в слоёном тесте с сыром и горчицей Хлеб насущный,Готовая еда,119,119,0,2,238
230919-613-0678,2023-09-19,доставлен,18:35:00,18:44:00,"Москва, Ленинский проспект, 78к1",Битые огурцы Чихо,Готовая еда,379,379,0,1,379
230919-613-0678,2023-09-19,доставлен,18:35:00,18:44:00,"Москва, Ленинский проспект, 78к1",Помидоры коктейльные сливовидные на ветке,Овощи,219,219,0,1,219
230919-613-0678,2023-09-19,доставлен,18:35:00,18:44:00,"Москва, Ленинский проспект, 78к1",Малина Из Груши,Фрукты,749,749,0,1,749
230919-613-0678,2023-09-19,доставлен,18:35:00,18:44:00,"Москва, Ленинский проспект, 78к1",Доставка,Услуги Груши,0,0,0,1,0
230919-613-0678,2023-09-19,доставлен,18:35:00,18:44:00,"Москва, Ленинский проспект, 78к1",Упаковка,Услуги Груши,15,15,0,1,15
230919-504-4893,2023-09-19,доставлен,21:10:00,21:53:00,"Москва, Ленинский проспект, 78к1",Яйцо куриное СО Из Груши,База,159,159,0,1,159
230919-504-4893,2023-09-19,доставлен,21:10:00,21:53:00,"Москва, Ленинский проспект, 78к1",Черешня Розовый жемчуг,Фрукты,1390,1390,0,1,1390
230919-504-4893,2023-09-19,доставлен,21:10:00,21:53:00,"Москва, Ленинский проспект, 78к1",Горошек зелёный Bonduelle замороженный,Овощи,119,99,20,1,99
230919-504-4893,2023-09-19,доставлен,21:10:00,21:53:00,"Москва, Ленинский проспект, 78к1",Молоко топлёное 4% Асеньевская ферма пастеризованное,База,119,119,0,1,119
230919-504-4893,2023-09-19,доставлен,21:10:00,21:53:00,"Москва, Ленинский проспект, 78к1",Огурцы короткоплодные,Овощи,89,89,0,1,89
230919-504-4893,2023-09-19,доставлен,21:10:00,21:53:00,"Москва, Ленинский проспект, 78к1","Помидоры розовые Бычье сердце, Азербайджан",Овощи,229,229,0,1,229
230919-504-4893,2023-09-19,доставлен,21:10:00,21:53:00,"Москва, Ленинский проспект, 78к1",Каша овсяная с ягодами Из Груши,Готовая еда,159,159,0,1,159
230919-504-4893,2023-09-19,доставлен,21:10:00,21:53:00,"Москва, Ленинский проспект, 78к1","Лейкопластырь водоотталкивающий Dr.Safe универсальный бактерицидный 1,9х7,2 см",Товары для дома,109,109,0,1,109
230919-504-4893,2023-09-19,доставлен,21:10:00,21:53:00,"Москва, Ленинский проспект, 78к1",Доставка,Услуги Груши,0,0,0,1,0
230919-504-4893,2023-09-19,доставлен,21:10:00,21:53:00,"Москва, Ленинский проспект, 78к1",Упаковка,Услуги Груши,15,15,0,1,15
230921-283-0053,2023-09-21,доставлен,16:51:00,17:03:00,"Москва, Ленинский проспект, 78к1","Молоко 2,5% Асеньевская ферма пастеризованное",База,99,99,0,2,198
230921-283-0053,2023-09-21,доставлен,16:51:00,17:03:00,"Москва, Ленинский проспект, 78к1",Яблоки Гала,Фрукты,59,59,0,1,59
230921-283-0053,2023-09-21,доставлен,16:51:00,17:03:00,"Москва, Ленинский проспект, 78к1",Фольга пищевая Из Груши,Товары для дома,129,129,0,1,129
230921-283-0053,2023-09-21,доставлен,16:51:00,17:03:00,"Москва, Ленинский проспект, 78к1",Помидоры черри на ветке,Овощи,289,289,0,2,578
230921-283-0053,2023-09-21,доставлен,16:51:00,17:03:00,"Москва, Ленинский проспект, 78к1",Мандарины мини,Фрукты,169,169,0,1,169
230921-283-0053,2023-09-21,доставлен,16:51:00,17:03:00,"Москва, Ленинский проспект, 78к1",Доставка,Услуги Груши,99,99,0,1,99
230921-283-0053,2023-09-21,доставлен,16:51:00,17:03:00,"Москва, Ленинский проспект, 78к1",Упаковка,Услуги Груши,15,15,0,1,15
230922-060-6731,2023-09-22,доставлен,09:51:00,10:10:00,"Москва, Ленинский проспект, 78к1",Спелые бананы,Фрукты,229,229,0,1,229
230922-060-6731,2023-09-22,доставлен,09:51:00,10:10:00,"Москва, Ленинский проспект, 78к1",Блинчики с курицей и грибами Азбука Вкуса,Готовая еда,239,239,0,1,239
230922-060-6731,2023-09-22,доставлен,09:51:00,10:10:00,"Москва, Ленинский проспект, 78к1",Батончик Бабаевский с помадно-сливочной начинкой,Сладости,39,39,0,3,117
230922-060-6731,2023-09-22,доставлен,09:51:00,10:10:00,"Москва, Ленинский проспект, 78к1",Виноград кишмиш белый,Фрукты,239,239,0,1,239
230922-060-6731,2023-09-22,доставлен,09:51:00,10:10:00,"Москва, Ленинский проспект, 78к1",Пицца Маргарита Из Груши,Готовая еда,639,639,0,2,1278
230922-060-6731,2023-09-22,доставлен,09:51:00,10:10:00,"Москва, Ленинский проспект, 78к1",Шоколад молочный пористый Milka Bubbles с кокосом,Сладости,129,129,0,2,258
230922-060-6731,2023-09-22,доставлен,09:51:00,10:10:00,"Москва, Ленинский проспект, 78к1",Яблоки Хонейкрисп (Медовый хруст),Фрукты,819,819,0,1,819
230922-060-6731,2023-09-22,доставлен,09:51:00,10:10:00,"Москва, Ленинский проспект, 78к1",Доставка,Услуги Груши,0,0,0,1,0
230922-060-6731,2023-09-22,доставлен,09:51:00,10:10:00,"Москва, Ленинский проспект, 78к1",Упаковка,Услуги Груши,15,15,0,1,15
230922-114-5055,2023-09-22,доставлен,15:51:00,16:19:00,"Москва, Ленинский проспект, 78к1",Вода Шишкин лес негазированная,Вода,49,49,0,1,49
230922-114-5055,2023-09-22,доставлен,15:51:00,16:19:00,"Москва, Ленинский проспект, 78к1","Масло сливочное 72,5% Из Груши",База,179,179,0,2,358
230922-114-5055,2023-09-22,доставлен,15:51:00,16:19:00,"Москва, Ленинский проспект, 78к1",Вода минеральная Petroglyph негазированная,Вода,149,149,0,1,149
230922-114-5055,2023-09-22,доставлен,15:51:00,16:19:00,"Москва, Ленинский проспект, 78к1",Апельсины,Фрукты,129,129,0,1,129
230922-114-5055,2023-09-22,доставлен,15:51:00,16:19:00,"Москва, Ленинский проспект, 78к1",Батончик Бабаевский с помадно-сливочной начинкой,Сладости,39,39,0,1,39
230922-114-5055,2023-09-22,доставлен,15:51:00,16:19:00,"Москва, Ленинский проспект, 78к1",Зелёный горошек Из Груши быстрозамороженный,Овощи,149,149,0,1,149
230922-114-5055,2023-09-22,доставлен,15:51:00,16:19:00,"Москва, Ленинский проспект, 78к1",Печенье Original Oreo,Сладости,159,159,0,1,159
230922-114-5055,2023-09-22,доставлен,15:51:00,16:19:00,"Москва, Ленинский проспект, 78к1",Доставка,Услуги Груши,0,0,0,1,0
230922-114-5055,2023-09-22,доставлен,15:51:00,16:19:00,"Москва, Ленинский проспект, 78к1",Упаковка,Услуги Груши,15,15,0,1,15
230923-886-8846,2023-09-23,доставлен,08:35:00,08:56:00,"Москва, Ленинский проспект, 78к1","Кефир 3,2% Асеньевская ферма",База,119,99,20,1,99
230923-886-8846,2023-09-23,доставлен,08:35:00,08:56:00,"Москва, Ленинский проспект, 78к1","Масло сливочное 82,5% Вологодское Из Вологды",База,339,339,0,1,339
230923-886-8846,2023-09-23,доставлен,08:35:00,08:56:00,"Москва, Ленинский проспект, 78к1",Маслины Охибланка Bonduelle с копчёным лососем,Овощи,219,179,40,1,179
230923-886-8846,2023-09-23,доставлен,08:35:00,08:56:00,"Москва, Ленинский проспект, 78к1",Доставка,Услуги Груши,0,0,0,1,0
230923-886-8846,2023-09-23,доставлен,08:35:00,08:56:00,"Москва, Ленинский проспект, 78к1",Упаковка,Услуги Груши,15,15,0,1,15
230923-004-4186,2023-09-23,доставлен,10:54:00,11:44:00,"Москва, Ленинский проспект, 78к1",Мыло жидкое Сандал и Ягоды можжевельника Synergetic,Товары для дома,389,389,0,1,389
230923-004-4186,2023-09-23,доставлен,10:54:00,11:44:00,"Москва, Ленинский проспект, 78к1",Куриная отбивная в кляре с картофельным пюре по-домашнему,Готовая еда,259,259,0,1,259
230923-004-4186,2023-09-23,доставлен,10:54:00,11:44:00,"Москва, Ленинский проспект, 78к1",Яблоки Гренни Смит Отборные Собрано в саду 4 шт.,Фрукты,269,269,0,2,538
230923-004-4186,2023-09-23,доставлен,10:54:00,11:44:00,"Москва, Ленинский проспект, 78к1",Черешня,Фрукты,109,109,0,1,109
230923-004-4186,2023-09-23,доставлен,10:54:00,11:44:00,"Москва, Ленинский проспект, 78к1",Помидоры черри Ароматто Эко-культура сливовидные красные на ветке,Овощи,199,199,0,2,398
230923-004-4186,2023-09-23,доставлен,10:54:00,11:44:00,"Москва, Ленинский проспект, 78к1","Напиток миндальный Alpro Original 1,1%",Напитки,229,229,0,1,229
230923-004-4186,2023-09-23,доставлен,10:54:00,11:44:00,"Москва, Ленинский проспект, 78к1",Доставка,Услуги Груши,79,79,0,1,79
231001-515-1373,2023-10-01,доставлен,07:38:00,07:47:00,"Москва, Ленинский проспект, 78к1","Молоко 2,5% Асеньевская ферма пастеризованное",База,99,99,0,1,99
231001-515-1373,2023-10-01,доставлен,07:38:00,07:47:00,"Москва, Ленинский проспект, 78к1",Шоколад тёмный Lindt Excellence апельсин,Сладости,579,579,0,1,579
231001-515-1373,2023-10-01,доставлен,07:38:00,07:47:00,"Москва, Ленинский проспект, 78к1",Сыр Халлуми Из Груши,База,179,179,0,1,179
231001-515-1373,2023-10-01,доставлен,07:38:00,07:47:00,"Москва, Ленинский проспект, 78к1",Доставка,Услуги Груши,0,0,0,1,0
231001-515-1373,2023-10-01,доставлен,07:38:00,07:47:00,"Москва, Ленинский проспект, 78к1",Упаковка,Услуги Груши,15,15,0,1,15
231002-014-1939,2023-10-02,доставлен,09:55:00,10:16:00,"Москва, Ленинский проспект, 78к1",Груша Конференция,Фрукты,189,149,40,2,298
231002-014-1939,2023-10-02,доставлен,09:55:00,10:16:00,"Москва, Ленинский проспект, 78к1",Апельсины,Фрукты,129,129,0,1,129
231002-014-1939,2023-10-02,доставлен,09:55:00,10:16:00,"Москва, Ленинский проспект, 78к1",Термометр электронный Omron,Аптека,939,939,0,1,939
231002-014-1939,2023-10-02,доставлен,09:55:00,10:16:00,"Москва, Ленинский проспект, 78к1",Суп-пюре сырный с креветками Азбука вкуса,Готовая еда,299,299,0,2,598
231002-014-1939,2023-10-02,доставлен,09:55:00,10:16:00,"Москва, Ленинский проспект, 78к1",Витамин D3 2000 МЕ Solgar 60 капсул,Аптека,1190,1190,0,1,1190
231002-014-1939,2023-10-02,доставлен,09:55:00,10:16:00,"Москва, Ленинский проспект, 78к1",Доставка,Услуги Груши,0,0,0,1,0
231002-462-7028,2023-10-02,доставлен,17:55:00,18:05:00,"Москва, Ленинский проспект, 78к1",Вода Шишкин лес негазированная,Вода,49,49,0,1,49
231002-462-7028,2023-10-02,доставлен,17:55:00,18:05:00,"Москва, Ленинский проспект, 78к1",Яйцо куриное СО Из Груши,База,159,159,0,1,159
231002-462-7028,2023-10-02,доставлен,17:55:00,18:05:00,"Москва, Ленинский проспект, 78к1","Масло сливочное 72,5% Из Груши",База,179,179,0,1,179
231002-462-7028,2023-10-02,доставлен,17:55:00,18:05:00,"Москва, Ленинский проспект, 78к1",Термометр электронный Omron,Аптека,939,789,150,1,789
231002-462-7028,2023-10-02,доставлен,17:55:00,18:05:00,"Москва, Ленинский проспект, 78к1",Пластырь бактерицидный Cosmos 20 шт,Аптека,209,209,0,1,209
231002-462-7028,2023-10-02,доставлен,17:55:00,18:05:00,"Москва, Ленинский проспект, 78к1",Блинчики с творогом Азбука Вкуса,Готовая еда,169,169,0,1,169
231002-462-7028,2023-10-02,доставлен,17:55:00,18:05:00,"Москва, Ленинский проспект, 78к1",Доставка,Услуги Груши,49,49,0,1,49
231002-462-7028,2023-10-02,доставлен,17:55:00,18:05:00,"Москва, Ленинский проспект, 78к1",Упаковка,Услуги Груши,15,15,0,1,15
231004-869-3203,2023-10-04,доставлен,07:47:00,07:56:00,"Москва, Ленинский проспект, 78к1","Масло сливочное 82,5% Вологодское Из Вологды",База,339,339,0,1,339
231004-869-3203,2023-10-04,доставлен,07:47:00,07:56:00,"Москва, Ленинский проспект, 78к1",Каша овсяная с ягодами Из Груши,Готовая еда,159,159,0,1,159
231004-869-3203,2023-10-04,доставлен,07:47:00,07:56:00,"Москва, Ленинский проспект, 78к1",Напиток кисломолочный Exponenta High-Pro черника-земляника,Напитки,109,109,0,1,109
231004-869-3203,2023-10-04,доставлен,07:47:00,07:56:00,"Москва, Ленинский проспект, 78к1",Доставка,Услуги Груши,79,79,0,1,79
231005-407-0366,2023-10-05,доставлен,18:51:00,19:09:00,"Москва, Ленинский проспект, 78к1",Помидоры сливовидные,Овощи,89,89,0,1,89
231005-407-0366,2023-10-05,доставлен,18:51:00,19:09:00,"Москва, Ленинский проспект, 78к1",Термометр электронный Omron,Аптека,939,939,0,1,939
231005-407-0366,2023-10-05,доставлен,18:51:00,19:09:00,"Москва, Ленинский проспект, 78к1",Вода минеральная Petroglyph негазированная,Вода,149,149,0,1,149
231005-407-0366,2023-10-05,доставлен,18:51:00,19:09:00,"Москва, Ленинский проспект, 78к1",Парацетамол таблетки 500 мг 20 шт,Аптека,89,89,0,1,89
231005-407-0366,2023-10-05,доставлен,18:51:00,19:09:00,"Москва, Ленинский проспект, 78к1",Мандарины мини,Фрукты,169,169,0,1,169
231005-407-0366,2023-10-05,доставлен,18:51:00,19:09:00,"Москва, Ленинский проспект, 78к1",Доставка,Услуги Груши,49,49,0,1,49
231005-407-0366,2023-10-05,доставлен,18:51:00,19:09:00,"Москва, Ленинский проспект, 78к1",Упаковка,Услуги Груши,15,15,0,1,15
231007-989-3809,2023-10-07,доставлен,20:04:00,20:52:00,"Москва, Ленинский проспект, 78к1","Кефир 3,2% Асеньевская ферма",База,119,119,0,1,119
231007-989-3809,2023-10-07,доставлен,20:04:00,20:52:00,"Москва, Ленинский проспект, 78к1",Квас Очаковский,Напитки,99,99,0,1,99
231007-989-3809,2023-10-07,доставлен,20:04:00,20:52:00,"Москва, Ленинский проспект, 78к1",Сливки 10% Из Груши,База,129,129,0,1,129
231007-989-3809,2023-10-07,доставлен,20:04:00,20:52:00,"Москва, Ленинский проспект, 78к1",Чипсы Simply chips сыр пармезан с чесноком и зеленью,Снеки,109,109,0,1,109
231007-989-3809,2023-10-07,доставлен,20:04:00,20:52:00,"Москва, Ленинский проспект, 78к1",Спрей для горла Гексорал,Аптека,529,529,0,1,529
231007-989-3809,2023-10-07,доставлен,20:04:00,20:52:00,"Москва, Ленинский проспект, 78к1",Доставка,Услуги Груши,119,119,0,1,119
231007-989-3809,2023-10-07,доставлен,20:04:00,20:52:00,"Москва, Ленинский проспект, 78к1",Упаковка,Услуги Груши,15,15,0,1,15
231008-246-3654,2023-10-08,доставлен,08:36:00,08:54:00,"Москва, Ленинский проспект, 78к1",Молоко топлёное 4% Асеньевская ферма пастеризованное,База,119,109,10,2,218
231008-246-3654,2023-10-08,доставлен,08:36:00,08:54:00,"Москва, Ленинский проспект, 78к1",Квас Очаковский,Напитки,99,89,10,1,89
231008-246-3654,2023-10-08,доставлен,08:36:00,08:54:00,"Москва, Ленинский проспект, 78к1",Клюква Планета витаминов замороженная,Фрукты,239,239,0,1,239
231008-246-3654,2023-10-08,доставлен,08:36:00,08:54:00,"Москва, Ленинский проспект, 78к1",Парацетамол таблетки 500 мг 20 шт,Аптека,89,89,0,1,89
231008-246-3654,2023-10-08,доставлен,08:36:00,08:54:00,"Москва, Ленинский проспект, 78к1",Доставка,Услуги Груши,119,119,0,1,119
231009-987-9523,2023-10-09,доставлен,09:26:00,09:45:00,"Москва, Ленинский проспект, 78к1",Вода минеральная Evian негазированная,Вода,329,329,0,1,329
231009-987-9523,2023-10-09,доставлен,09:26:00,09:45:00,"Москва, Ленинский проспект, 78к1",Крок-месье на бриоши с индейкой Eggsellent x Груша,Готовая еда,339,339,0,1,339
231009-987-9523,2023-10-09,доставлен,09:26:00,09:45:00,"Москва, Ленинский проспект, 78к1",Помидоры черри на ветке,Овощи,289,289,0,1,289
231009-987-9523,2023-10-09,доставлен,09:26:00,09:45:00,"Москва, Ленинский проспект, 78к1",Хурма Королёк,Фрукты,339,339,0,1,339
231009-987-9523,2023-10-09,доставлен,09:26:00,09:45:00,"Москва, Ленинский проспект, 78к1",Сырники с малиной 3 шт Из Груши,База,369,369,0,1,369
231009-987-9523,2023-10-09,доставлен,09:26:00,09:45:00,"Москва, Ленинский проспект, 78к1",Батончик шоколадный Bounty Trio,Сладости,109,109,0,1,109
231009-987-9523,2023-10-09,доставлен,09:26:00,09:45:00,"Москва, Ленинский проспект, 78к1",Доставка,Услуги Груши,0,0,0,1,0
231009-168-6069,2023-10-09,доставлен,19:38:00,19:59:00,"Москва, Ленинский проспект, 78к1",Шпинат,Овощи,209,209,0,1,209
231009-168-6069,2023-10-09,доставлен,19:38:00,19:59:00,"Москва, Ленинский проспект, 78к1",Чистящее средство Synergetic для сантехники от известкового налёта и ржавчины,Товары для дома,709,709,0,1,709
231009-168-6069,2023-10-09,доставлен,19:38:00,19:59:00,"Москва, Ленинский проспект, 78к1",Фольга пищевая Из Груши,Товары для дома,129,129,0,1,129
231009-168-6069,2023-10-09,доставлен,19:38:00,19:59:00,"Москва, Ленинский проспект, 78к1",Завиток с корицей Братья Караваевы,Сладости,129,129,0,1,129
231009-168-6069,2023-10-09,доставлен,19:38:00,19:59:00,"Москва, Ленинский проспект, 78к1",Доставка,Услуги Груши,0,0,0,1,0
231009-005-2060,2023-10-09,доставлен,20:44:00,21:08:00,"Москва, Ленинский проспект, 78к1",Батончик Бабаевский с помадно-сливочной начинкой,Сладости,39,29,10,1,29
231009-005-2060,2023-10-09,доставлен,20:44:00,21:08:00,"Москва, Ленинский проспект, 78к1",Помидоры розовые Эко-культура круглые,Овощи,199,199,0,1,199
231009-005-2060,2023-10-09,доставлен,20:44:00,21:08:00,"Москва, Ленинский проспект, 78к1","Protein pot с яйцом, сыром фета и помидорами черри Азбука life",Готовая еда,249,249,0,1,249
231009-005-2060,2023-10-09,доставлен,20:44:00,21:08:00,"Москва, Ленинский проспект, 78к1",Шоколад тёмный Lindt Excellence 70%,Сладости,449,449,0,1,449
231009-005-2060,2023-10-09,доставлен,20:44:00,21:08:00,"Москва, Ленинский проспект, 78к1",Мандарины Абхазия,Фрукты,299,299,0,1,299
231009-005-2060,2023-10-09,доставлен,20:44:00,21:08:00,"Москва, Ленинский проспект, 78к1",Доставка,Услуги Груши,0,0,0,1,0
231011-604-8267,2023-10-11,доставлен,21:43:00,22:05:00,"Москва, Ленинский проспект, 78к1","Молоко 2,5% Асеньевская ферма пастеризованное",База,99,79,20,1,79
231011-604-8267,2023-10-11,доставлен,21:43:00,22:05:00,"Москва, Ленинский проспект, 78к1","Напиток овсяный Nemoloko 3,2% классический",Напитки,149,149,0,1,149
231011-604-8267,2023-10-11,доставлен,21:43:00,22:05:00,"Москва, Ленинский проспект, 78к1",Фунчоза с овощами по-корейски Азбука Вкуса,Готовая еда,159,159,0,2,318
231011-604-8267,2023-10-11,доставлен,21:43:00,22:05:00,"Москва, Ленинский проспект, 78к1",Груша Конференция,Фрукты,189,149,40,1,149
231011-604-8267,2023-10-11,доставлен,21:43:00,22:05:00,"Москва, Ленинский проспект, 78к1",Доставка,Услуги Груши,0,0,0,1,0
231012-396-0950,2023-10-12,доставлен,17:33:00,17:52:00,"Москва, Ленинский проспект, 78к1",Вода Шишкин лес негазированная,Вода,49,49,0,1,49
231012-396-0950,2023-10-12,доставлен,17:33:00,17:52:00,"Москва, Ленинский проспект, 78к1","Масло сливочное 72,5% Из Груши",База,179,179,0,1,179
231012-396-0950,2023-10-12,доставлен,17:33:00,17:52:00,"Москва, Ленинский проспект, 78к1",Рис Басмати отварной Азбука Вкуса,Готовая еда,149,149,0,1,149
231012-396-0950,2023-10-12,доставлен,17:33:00,17:52:00,"Москва, Ленинский проспект, 78к1",Каша овсяная с ягодами Из Груши,Готовая еда,159,129,30,1,129
231012-396-0950,2023-10-12,доставлен,17:33:00,17:52:00,"Москва, Ленинский проспект, 78к1",Груша Конференция,Фрукты,189,139,50,1,139
231012-396-0950,2023-10-12,доставлен,17:33:00,17:52:00,"Москва, Ленинский проспект, 78к1",Напиток газированный Кола Добрый,Напитки,99,99,0,1,99
231012-396-0950,2023-10-12,доставлен,17:33:00,17:52:00,"Москва, Ленинский проспект, 78к1",Помидоры черри на ветке,Овощи,289,289,0,1,289
231012-396-0950,2023-10-12,доставлен,17:33:00,17:52:00,"Москва, Ленинский проспект, 78к1",Витамин D3 2000 МЕ Solgar 60 капсул,Аптека,1190,869,321,1,869
231012-396-0950,2023-10-12,доставлен,17:33:00,17:52:00,"Москва, Ленинский проспект, 78к1","Напиток овсяный Nemoloko 3,2% классический",Напитки,149,149,0,1,149
231012-396-0950,2023-10-12,доставлен,17:33:00,17:52:00,"Москва, Ленинский проспект, 78к1",Доставка,Услуги Груши,79,79,0,1,79
231014-102-9574,2023-10-14,доставлен,09:22:00,09:38:00,"Москва, Ленинский проспект, 78к1",Сэндвич на круассане с лососем и муссом из шпината Из Груши,Готовая еда,319,319,0,1,319
231014-102-9574,2023-10-14,доставлен,09:22:00,09:38:00,"Москва, Ленинский проспект, 78к1",Помидоры черри на ветке,Овощи,289,289,0,1,289
231014-102-9574,2023-10-14,доставлен,09:22:00,09:38:00,"Москва, Ленинский проспект, 78к1",Рис Жасмин Из Груши,База,159,159,0,1,159
231014-102-9574,2023-10-14,доставлен,09:22:00,09:38:00,"Москва, Ленинский проспект, 78к1",Хлеб бородинский Из Груши нарезанный,База,99,99,0,1,99
231014-102-9574,2023-10-14,доставлен,09:22:00,09:38:00,"Москва, Ленинский проспект, 78к1","Абрикосы шалах, Узбекистан",Фрукты,399,399,0,1,399
231014-102-9574,2023-10-14,доставлен,09:22:00,09:38:00,"Москва, Ленинский проспект, 78к1",Доставка,Услуги Груши,49,49,0,1,49
231014-569-5624,2023-10-14,доставлен,10:31:00,10:53:00,"Москва, Ленинский проспект, 78к1",Сэндвич-ролл с креветками в соусе Том-ям Нияма,Готовая еда,259,189,70,1,189
231014-569-5624,2023-10-14,доставлен,10:31:00,10:53:00,"Москва, Ленинский проспект, 78к1",Брусника Планета витаминов замороженная,Фрукты,559,449,110,1,449
231014-569-5624,2023-10-14,доставлен,10:31:00,10:53:00,"Москва, Ленинский проспект, 78к1",Доставка,Услуги Груши,79,79,0,1,79
231016-118-0208,2023-10-16,доставлен,17:51:00,18:04:00,"Москва, Ленинский проспект, 78к1",Яйцо куриное СО Из Груши,База,159,159,0,1,159
231016-118-0208,2023-10-16,доставлен,17:51:00,18:04:00,"Москва, Ленинский проспект, 78к1",Доставка,Услуги Груши,0,0,0,1,0
231016-118-0208,2023-10-16,доставлен,17:51:00,18:04:00,"Москва, Ленинский проспект, 78к1",Упаковка,Услуги Груши,15,15,0,1,15
231017-151-6598,2023-10-17,доставлен,10:51:00,11:02:00,"Москва, Ленинский проспект, 78к1","Масло сливочное 82,5% Вологодское Из Вологды",База,339,339,0,1,339
231017-151-6598,2023-10-17,доставлен,10:51:00,11:02:00,"Москва, Ленинский проспект, 78к1",Сосиска в тесте Cook Chart Bakery,Готовая еда,119,119,0,1,119
231017-151-6598,2023-10-17,доставлен,10:51:00,11:02:00,"Москва, Ленинский проспект, 78к1",Яблоки Гренни Смит,Фрукты,129,129,0,1,129
231017-151-6598,2023-10-17,доставлен,10:51:00,11:02:00,"Москва, Ленинский проспект, 78к1",Вафельная трубочка со сгущёнкой Братья Караваевы,Сладости,229,229,0,2,458
231017-151-6598,2023-10-17,доставлен,10:51:00,11:02:00,"Москва, Ленинский проспект, 78к1",Пастила яблочная Белёвская,Сладости,449,449,0,1,449
231017-151-6598,2023-10-17,доставлен,10:51:00,11:02:00,"Москва, Ленинский проспект, 78к1",Доставка,Услуги Груши,0,0,0,1,0
231025-949-5404,2023-10-25,доставлен,20:37:00,21:10:00,"Москва, Ленинский проспект, 78к1","Кефир 3,2% Асеньевская ферма",База,119,119,0,1,119
231025-949-5404,2023-10-25,доставлен,20:37:00,21:10:00,"Москва, Ленинский проспект, 78к1",Вода Шишкин лес негазированная,Вода,49,49,0,1,49
231025-949-5404,2023-10-25,доставлен,20:37:00,21:10:00,"Москва, Ленинский проспект, 78к1","Молоко 2,5% Асеньевская ферма пастеризованное",База,99,89,10,1,89
231025-949-5404,2023-10-25,доставлен,20:37:00,21:10:00,"Москва, Ленинский проспект, 78к1","Масло сливочное 72,5% Из Груши",База,179,179,0,1,179
231025-949-5404,2023-10-25,доставлен,20:37:00,21:10:00,"Москва, Ленинский проспект, 78к1",Помидоры розовые Эко-культура круглые,Овощи,199,199,0,1,199
231025-949-5404,2023-10-25,доставлен,20:37:00,21:10:00,"Москва, Ленинский проспект, 78к1",Доставка,Услуги Груши,0,0,0,1,0
231026-429-0835,2023-10-26,доставлен,17:46:00,19:01:00,"Москва, Ленинский проспект, 78к1",Голубика,Фрукты,259,259,0,1,259
231026-429-0835,2023-10-26,доставлен,17:46:00,19:01:00,"Москва, Ленинский проспект, 78к1",Голубика Артфрут,Фрукты,379,379,0,1,379
231026-429-0835,2023-10-26,доставлен,17:46:00,19:01:00,"Москва, Ленинский проспект, 78к1","Шоколад молочный Ritter Sport с ромом, изюмом и орехом",Сладости,159,129,30,1,129
231026-429-0835,2023-10-26,доставлен,17:46:00,19:01:00,"Москва, Ленинский проспект, 78к1",Шримп ролл с креветками Йуми,Готовая еда,479,479,0,2,958
231026-429-0835,2023-10-26,доставлен,17:46:00,19:01:00,"Москва, Ленинский проспект, 78к1",Помидоры розовые Эко-культура круглые,Овощи,199,199,0,1,199
231026-429-0835,2023-10-26,доставлен,17:46:00,19:01:00,"Москва, Ленинский проспект, 78к1",Попкорн для СВЧ Из Груши с сыром,Снеки,59,59,0,1,59
231026-429-0835,2023-10-26,доставлен,17:46:00,19:01:00,"Москва, Ленинский проспект, 78к1",Доставка,Услуги Груши,79,79,0,1,79
231031-977-2675,2023-10-31,доставлен,08:57:00,09:19:00,"Москва, Ленинский проспект, 78к1",Яйцо куриное СО Из Груши,База,159,159,0,2,318
231031-977-2675,2023-10-31,доставлен,08:57:00,09:19:00,"Москва, Ленинский проспект, 78к1","Масло сливочное 82,5% Вологодское Из Вологды",База,339,339,0,2,678
231031-977-2675,2023-10-31,доставлен,08:57:00,09:19:00,"Москва, Ленинский проспект, 78к1",Помидоры черри на ветке,Овощи,289,289,0,2,578
231031-977-2675,2023-10-31,доставлен,08:57:00,09:19:00,"Москва, Ленинский проспект, 78к1","Помидоры розовые Бычье сердце, Азербайджан",Овощи,229,229,0,1,229
231031-977-2675,2023-10-31,доставлен,08:57:00,09:19:00,"Москва, Ленинский проспект, 78к1",Петрушка,Овощи,89,89,0,1,89
231031-977-2675,2023-10-31,доставлен,08:57:00,09:19:00,"Москва, Ленинский проспект, 78к1","Гранат, Азербайджан",Фрукты,149,149,0,1,149
231031-977-2675,2023-10-31,доставлен,08:57:00,09:19:00,"Москва, Ленинский проспект, 78к1",Доставка,Услуги Груши,0,0,0,1,0
231031-977-2675,2023-10-31,доставлен,08:57:00,09:19:00,"Москва, Ленинский проспект, 78к1",Упаковка,Услуги Груши,15,15,0,1,15
231101-954-5777,2023-11-01,доставлен,09:35:00,09:46:00,"Москва, Ленинский проспект, 78к1","Шоколад молочный Ritter Sport с ромом, изюмом и орехом",Сладости,159,159,0,1,159
231101-954-5777,2023-11-01,доставлен,09:35:00,09:46:00,"Москва, Ленинский проспект, 78к1",Малина Из Груши,Фрукты,749,749,0,1,749
231101-954-5777,2023-11-01,доставлен,09:35:00,09:46:00,"Москва, Ленинский проспект, 78к1",Спелые бананы,Фрукты,229,179,50,1,179
231101-954-5777,2023-11-01,доставлен,09:35:00,09:46:00,"Москва, Ленинский проспект, 78к1",Запеканка творожная с манго Азбука вкуса,Готовая еда,619,619,0,1,619
231101-954-5777,2023-11-01,доставлен,09:35:00,09:46:00,"Москва, Ленинский проспект, 78к1",Доставка,Услуги Груши,0,0,0,1,0
231101-954-5777,2023-11-01,доставлен,09:35:00,09:46:00,"Москва, Ленинский проспект, 78к1",Упаковка,Услуги Груши,15,15,0,1,15
231101-288-9408,2023-11-01,доставлен,11:55:00,12:24:00,"Москва, Ленинский проспект, 78к1",Капуста Кейл,Овощи,99,99,0,1,99
231101-288-9408,2023-11-01,доставлен,11:55:00,12:24:00,"Москва, Ленинский проспект, 78к1",Огурцы короткоплодные,Овощи,89,89,0,1,89
231101-288-9408,2023-11-01,доставлен,11:55:00,12:24:00,"Москва, Ленинский проспект, 78к1",Авокадо Хасс Puro Gusto Ready to eat,Овощи,99,99,0,2,198
231101-288-9408,2023-11-01,доставлен,11:55:00,12:24:00,"Москва, Ленинский проспект, 78к1",Батончик Бабаевский с шоколадной начинкой,Сладости,69,69,0,1,69
231101-288-9408,2023-11-01,доставлен,11:55:00,12:24:00,"Москва, Ленинский проспект, 78к1",Голубцы мясные тушеные в томатно-сливочном соусе Азбука Вкуса,Готовая еда,289,229,60,1,229
231101-288-9408,2023-11-01,доставлен,11:55:00,12:24:00,"Москва, Ленинский проспект, 78к1",Доставка,Услуги Груши,0,0,0,1,0
231101-288-9408,2023-11-01,доставлен,11:55:00,12:24:00,"Москва, Ленинский проспект, 78к1",Упаковка,Услуги Груши,15,15,0,1,15
231102-727-5903,2023-11-02,доставлен,10:38:00,10:52:00,"Москва, Ленинский проспект, 78к1",Брокколи свежая,Овощи,209,209,0,1,209
231102-727-5903,2023-11-02,доставлен,10:38:00,10:52:00,"Москва, Ленинский проспект, 78к1",Куриная отбивная в кляре с картофельным пюре по-домашнему,Готовая еда,259,259,0,1,259
231102-727-5903,2023-11-02,доставлен,10:38:00,10:52:00,"Москва, Ленинский проспект, 78к1",Уха с сёмгой Азбука вкуса,Готовая еда,489,489,0,2,978
231102-727-5903,2023-11-02,доставлен,10:38:00,10:52:00,"Москва, Ленинский проспект, 78к1",Доставка,Услуги Груши,49,49,0,1,49
231102-727-5903,2023-11-02,доставлен,10:38:00,10:52:00,"Москва, Ленинский проспект, 78к1",Упаковка,Услуги Груши,15,15,0,1,15
231102-556-9316,2023-11-02,доставлен,10:49:00,11:54:00,"Москва, Ленинский проспект, 78к1",Чипсы Pringles Original,Снеки,269,189,80,1,189
231102-556-9316,2023-11-02,доставлен,10:49:00,11:54:00,"Москва, Ленинский проспект, 78к1",Хлопья кукурузные Из Груши без глютена без добавления сахара,База,239,199,40,1,199
231102-556-9316,2023-11-02,доставлен,10:49:00,11:54:00,"Москва, Ленинский проспект, 78к1",Груша Конференция,Фрукты,189,189,0,1,189
231102-556-9316,2023-11-02,доставлен,10:49:00,11:54:00,"Москва, Ленинский проспект, 78к1",Лимон,Фрукты,29,29,0,1,29
231102-556-9316,2023-11-02,доставлен,10:49:00,11:54:00,"Москва, Ленинский проспект, 78к1",Сыр Пармезан Из Груши тёртый 40%,База,329,329,0,1,329
231102-556-9316,2023-11-02,доставлен,10:49:00,11:54:00,"Москва, Ленинский проспект, 78к1",Доставка,Услуги Груши,99,99,0,1,99
231102-029-1664,2023-11-02,доставлен,17:59:00,18:17:00,"Москва, Ленинский проспект, 78к1",Сок апельсиновый Из Груши прямой отжим,Напитки,379,379,0,1,379
231102-029-1664,2023-11-02,доставлен,17:59:00,18:17:00,"Москва, Ленинский проспект, 78к1",Багет Из Груши с чесночным маслом,База,149,149,0,1,149
231102-029-1664,2023-11-02,доставлен,17:59:00,18:17:00,"Москва, Ленинский проспект, 78к1",Сухарики Три корочки бекон,Снеки,59,59,0,1,59
231102-029-1664,2023-11-02,доставлен,17:59:00,18:17:00,"Москва, Ленинский проспект, 78к1",Сэндвич на круассане с индейкой и мандариновым соусом Eggsellent x Груша,Готовая еда,419,419,0,1,419
231102-029-1664,2023-11-02,доставлен,17:59:00,18:17:00,"Москва, Ленинский проспект, 78к1",Котлеты по-киевски Из Груши,Готовая еда,259,259,0,2,518
231102-029-1664,2023-11-02,доставлен,17:59:00,18:17:00,"Москва, Ленинский проспект, 78к1",Виноград кишмиш белый,Фрукты,239,209,30,1,209
231102-029-1664,2023-11-02,доставлен,17:59:00,18:17:00,"Москва, Ленинский проспект, 78к1","Гранат, Азербайджан",Фрукты,149,149,0,2,298
231102-029-1664,2023-11-02,доставлен,17:59:00,18:17:00,"Москва, Ленинский проспект, 78к1",Помидоры черри на ветке,Овощи,289,219,70,2,438
231102-029-1664,2023-11-02,доставлен,17:59:00,18:17:00,"Москва, Ленинский проспект, 78к1",Напиток энергетический Adrenaline Rush,Напитки,179,179,0,1,179
231102-029-1664,2023-11-02,доставлен,17:59:00,18:17:00,"Москва, Ленинский проспект, 78к1",Черешня Бычье сердце,Фрукты,849,849,0,1,849
231102-029-1664,2023-11-02,доставлен,17:59:00,18:17:00,"Москва, Ленинский проспект, 78к1",Доставка,Услуги Груши,79,79,0,1,79
231104-028-2391,2023-11-04,доставлен,08:33:00,08:42:00,"Москва, Ленинский проспект, 78к1",Вода Шишкин лес негазированная,Вода,49,39,10,1,39
231104-028-2391,2023-11-04,доставлен,08:33:00,08:42:00,"Москва, Ленинский проспект, 78к1","Молоко 2,5% Асеньевская ферма пастеризованное",База,99,99,0,2,198
231104-028-2391,2023-11-04,доставлен,08:33:00,08:42:00,"Москва, Ленинский проспект, 78к1","Масло сливочное 72,5% Из Груши",База,179,179,0,2,358
231104-028-2391,2023-11-04,доставлен,08:33:00,08:42:00,"Москва, Ленинский проспект, 78к1",Суп том-ям с креветками Азбука Вкуса,Готовая еда,389,389,0,2,778
231104-028-2391,2023-11-04,доставлен,08:33:00,08:42:00,"Москва, Ленинский проспект, 78к1",Доставка,Услуги Груши,99,99,0,1,99
231104-028-2391,2023-11-04,доставлен,08:33:00,08:42:00,"Москва, Ленинский проспект, 78к1",Упаковка,Услуги Груши,15,15,0,1,15
231106-347-5577,2023-11-06,доставлен,09:32:00,10:05:00,"Москва, Ленинский проспект, 78к1",Туалетная бумага Zewa Плюс белая 2 слоя,Товары для дома,139,139,0,1,139
231106-347-5577,2023-11-06,доставлен,09:32:00,10:05:00,"Москва, Ленинский проспект, 78к1",Икра деликатесная Санта Бремор с копчёным лососем,Готовая еда,179,179,0,1,179
231106-347-5577,2023-11-06,доставлен,09:32:00,10:05:00,"Москва, Ленинский проспект, 78к1",Яйцо куриное СО Из Груши,База,159,159,0,1,159
231106-347-5577,2023-11-06,доставлен,09:32:00,10:05:00,"Москва, Ленинский проспект, 78к1",Доставка,Услуги Груши,149,149,0,1,149
231107-149-5388,2023-11-07,доставлен,09:58:00,10:31:00,"Москва, Ленинский проспект, 78к1",Мандарины мини,Фрукты,169,169,0,1,169
231107-149-5388,2023-11-07,доставлен,09:58:00,10:31:00,"Москва, Ленинский проспект, 78к1",Помидоры Черри на ветке Сладкая ягода,Овощи,189,189,0,1,189
231107-149-5388,2023-11-07,доставлен,09:58:00,10:31:00,"Москва, Ленинский проспект, 78к1",Булка бездрожжевая со злаками,База,149,149,0,1,149
231107-149-5388,2023-11-07,доставлен,09:58:00,10:31:00,"Москва, Ленинский проспект, 78к1",Пакеты для мусора 30 л Paclan,Товары для дома,169,169,0,1,169
231107-149-5388,2023-11-07,доставлен,09:58:00,10:31:00,"Москва, Ленинский проспект, 78к1",Смузи манго-маракуйя Из Груши,Напитки,219,219,0,3,657
231107-149-5388,2023-11-07,доставлен,09:58:00,10:31:00,"Москва, Ленинский проспект, 78к1",Доставка,Услуги Груши,119,119,0,1,119
231107-069-9614,2023-11-07,доставлен,19:39:00,19:54:00,"Москва, Ленинский проспект, 78к1",Вода минеральная негазированная Из Груши природная питьевая,Вода,119,119,0,1,119
231107-069-9614,2023-11-07,доставлен,19:39:00,19:54:00,"Москва, Ленинский проспект, 78к1",Лимонад Из Груши с соком груши и яблока,Напитки,139,139,0,1,139
231107-069-9614,2023-11-07,доставлен,19:39:00,19:54:00,"Москва, Ленинский проспект, 78к1",Доставка,Услуги Груши,149,149,0,1,149
231108-335-3154,2023-11-08,доставлен,18:15:00,18:25:00,"Москва, Ленинский проспект, 78к1","Кефир 3,2% Асеньевская ферма",База,119,119,0,1,119
231108-335-3154,2023-11-08,доставлен,18:15:00,18:25:00,"Москва, Ленинский проспект, 78к1",Печенье Орешек со сгущёнкой Братья Караваевы,Сладости,399,399,0,1,399
231108-335-3154,2023-11-08,доставлен,18:15:00,18:25:00,"Москва, Ленинский проспект, 78к1",Батончик шоколадный Snickers Super,Сладости,79,59,20,1,59
231108-335-3154,2023-11-08,доставлен,18:15:00,18:25:00,"Москва, Ленинский проспект, 78к1",Яйцо куриное СО Из Груши,База,159,139,20,1,139
231108-335-3154,2023-11-08,доставлен,18:15:00,18:25:00,"Москва, Ленинский проспект, 78к1",Пастила яблочная Белёвская,Сладости,449,449,0,1,449
231108-335-3154,2023-11-08,доставлен,18:15:00,18:25:00,"Москва, Ленинский проспект, 78к1",Батарейка GP Super Alkaline АA,Товары для дома,279,279,0,1,279
231108-335-3154,2023-11-08,доставлен,18:15:00,18:25:00,"Москва, Ленинский проспект, 78к1",Апельсины сладкие,Фрукты,299,299,0,1,299
231108-335-3154,2023-11-08,доставлен,18:15:00,18:25:00,"Москва, Ленинский проспект, 78к1",Батончик шоколадный Cadbury Wispa,Сладости,79,79,0,1,79
231108-335-3154,2023-11-08,доставлен,18:15:00,18:25:00,"Москва, Ленинский проспект, 78к1","Молоко цельное 3,4-6% Нашей дойки пастеризованное",База,99,99,0,1,99
231108-335-3154,2023-11-08,доставлен,18:15:00,18:25:00,"Москва, Ленинский проспект, 78к1",Доставка,Услуги Груши,119,119,0,1,119
231108-335-3154,2023-11-08,доставлен,18:15:00,18:25:00,"Москва, Ленинский проспект, 78к1",Упаковка,Услуги Груши,15,15,0,1,15
231109-101-4375,2023-11-09,доставлен,19:19:00,19:36:00,"Москва, Ленинский проспект, 78к1",Манго спелое,Фрукты,529,419,110,1,419
231109-101-4375,2023-11-09,доставлен,19:19:00,19:36:00,"Москва, Ленинский проспект, 78к1",Лимонад Из Груши с соком груши и яблока,Напитки,139,139,0,1,139
231109-101-4375,2023-11-09,доставлен,19:19:00,19:36:00,"Москва, Ленинский проспект, 78к1",Кондиционер для белья детский Synergetic Нежное прикосновение,Товары для дома,469,469,0,1,469
231109-101-4375,2023-11-09,доставлен,19:19:00,19:36:00,"Москва, Ленинский проспект, 78к1",Котлеты куриные с картофельным пюре Азбука Вкуса,Готовая еда,319,319,0,1,319
231109-101-4375,2023-11-09,доставлен,19:19:00,19:36:00,"Москва, Ленинский проспект, 78к1",Апельсины,Фрукты,129,129,0,1,129
231109-101-4375,2023-11-09,доставлен,19:19:00,19:36:00,"Москва, Ленинский проспект, 78к1",Картошка Братья Караваевы,Сладости,259,259,0,1,259
231109-101-4375,2023-11-09,доставлен,19:19:00,19:36:00,"Москва, Ленинский проспект, 78к1",Доставка,Услуги Груши,0,0,0,1,0
231111-637-0834,2023-11-11,доставлен,09:05:00,09:34:00,"Москва, Ленинский проспект, 78к1","Масло сливочное 82,5% Вологодское Из Вологды",База,339,339,0,1,339
231111-637-0834,2023-11-11,доставлен,09:05:00,09:34:00,"Москва, Ленинский проспект, 78к1",Лук репчатый,Овощи,49,49,0,1,49
231111-637-0834,2023-11-11,доставлен,09:05:00,09:34:00,"Москва, Ленинский проспект, 78к1",Доставка,Услуги Груши,49,49,0,1,49
231111-446-6000,2023-11-11,доставлен,18:48:00,19:12:00,"Москва, Ленинский проспект, 78к1",Сок грейпфрутовый Из Груши прямого отжима,Напитки,429,429,0,1,429
231111-446-6000,2023-11-11,доставлен,18:48:00,19:12:00,"Москва, Ленинский проспект, 78к1",Макароны Barilla Festivi,База,169,169,0,1,169
231111-446-6000,2023-11-11,доставлен,18:48:00,19:12:00,"Москва, Ленинский проспект, 78к1",Напиток соевый Alpro банановый,Напитки,349,349,0,1,349
231111-446-6000,2023-11-11,доставлен,18:48:00,19:12:00,"Москва, Ленинский проспект, 78к1",Гранола-мюсли Extra с молочным шоколадом,База,439,439,0,1,439
231111-446-6000,2023-11-11,доставлен,18:48:00,19:12:00,"Москва, Ленинский проспект, 78к1",Сэндвич с индейкой и моцареллой Из Груши,Готовая еда,259,259,0,1,259
231111-446-6000,2023-11-11,доставлен,18:48:00,19:12:00,"Москва, Ленинский проспект, 78к1",Доставка,Услуги Груши,0,0,0,1,0
231114-799-9391,2023-11-14,доставлен,18:19:00,18:38:00,"Москва, Ленинский проспект, 78к1",Вода Шишкин лес негазированная,Вода,49,49,0,1,49
231114-799-9391,2023-11-14,доставлен,18:19:00,18:38:00,"Москва, Ленинский проспект, 78к1",Яйцо куриное СО Из Груши,База,159,159,0,1,159
231114-799-9391,2023-11-14,доставлен,18:19:00,18:38:00,"Москва, Ленинский проспект, 78к1",Доставка,Услуги Груши,0,0,0,1,0
231117-165-6543,2023-11-17,доставлен,08:43:00,09:04:00,"Москва, Ленинский проспект, 78к1","Молоко 2,5% Асеньевская ферма пастеризованное",База,99,99,0,1,99
231117-165-6543,2023-11-17,доставлен,08:43:00,09:04:00,"Москва, Ленинский проспект, 78к1","Масло сливочное 72,5% Из Груши",База,179,179,0,1,179
231117-165-6543,2023-11-17,доставлен,08:43:00,09:04:00,"Москва, Ленинский проспект, 78к1",Салат сырный Азбука вкуса,Готовая еда,419,419,0,2,838
231117-165-6543,2023-11-17,доставлен,08:43:00,09:04:00,"Москва, Ленинский проспект, 78к1",Помидоры коктейльные сливовидные на ветке,Овощи,219,219,0,1,219
231117-165-6543,2023-11-17,доставлен,08:43:00,09:04:00,"Москва, Ленинский проспект, 78к1",Миндаль жареный солёный Из Груши,Снеки,419,419,0,1,419
231117-165-6543,2023-11-17,доставлен,08:43:00,09:04:00,"Москва, Ленинский проспект, 78к1",Сок апельсиновый Из Груши прямой отжим с мякотью пастеризованный,Напитки,639,639,0,1,639
231117-165-6543,2023-11-17,доставлен,08:43:00,09:04:00,"Москва, Ленинский проспект, 78к1",Доставка,Услуги Груши,119,119,0,1,119
231117-891-6562,2023-11-17,доставлен,11:32:00,11:49:00,"Москва, Ленинский проспект, 78к1",Сок грейпфрутовый Из Груши прямого отжима,Напитки,429,429,0,1,429
231117-891-6562,2023-11-17,доставлен,11:32:00,11:49:00,"Москва, Ленинский проспект, 78к1",Масло оливковое Extra Virgin Filippo Berio,База,799,799,0,1,799
231117-891-6562,2023-11-17,доставлен,11:32:00,11:49:00,"Москва, Ленинский проспект, 78к1",Филе куриное запечённое с помидорами и сыром Азбука Вкуса,Готовая еда,299,299,0,1,299
231117-891-6562,2023-11-17,доставлен,11:32:00,11:49:00,"Москва, Ленинский проспект, 78к1",Груша Конференция,Фрукты,189,189,0,1,189
231117-891-6562,2023-11-17,доставлен,11:32:00,11:49:00,"Москва, Ленинский проспект, 78к1","Молоко 3,2% Из Груши пастеризованное",База,99,99,0,1,99
231117-891-6562,2023-11-17,доставлен,11:32:00,11:49:00,"Москва, Ленинский проспект, 78к1",Батарейка GP Super Alkaline ААА,Товары для дома,289,289,0,1,289
231117-891-6562,2023-11-17,доставлен,11:32:00,11:49:00,"Москва, Ленинский проспект, 78к1",Доставка,Услуги Груши,49,49,0,1,49
231121-788-6834,2023-11-21,доставлен,07:54:00,08:23:00,"Москва, Ленинский проспект, 78к1",Сок апельсиновый Из Груши прямой отжим,Напитки,379,379,0,1,379
231121-788-6834,2023-11-21,доставлен,07:54:00,08:23:00,"Москва, Ленинский проспект, 78к1",Перец красный,Овощи,199,199,0,1,199
231121-788-6834,2023-11-21,доставлен,07:54:00,08:23:00,"Москва, Ленинский проспект, 78к1",Помидоры Черри на ветке Сладкая ягода,Овощи,189,189,0,1,189
231121-788-6834,2023-11-21,доставлен,07:54:00,08:23:00,"Москва, Ленинский проспект, 78к1",Доставка,Услуги Груши,99,99,0,1,99
231122-346-5167,2023-11-22,доставлен,09:24:00,09:32:00,"Москва, Ленинский проспект, 78к1","Кефир 3,2% Асеньевская ферма",База,119,119,0,1,119
231122-346-5167,2023-11-22,доставлен,09:24:00,09:32:00,"Москва, Ленинский проспект, 78к1","Масло сливочное 82,5% Вологодское Из Вологды",База,339,339,0,1,339
231122-346-5167,2023-11-22,доставлен,09:24:00,09:32:00,"Москва, Ленинский проспект, 78к1","Сэндвич с индейкой, сыром чеддер, соусами монре и айоли Mates",Готовая еда,309,309,0,1,309
231122-346-5167,2023-11-22,доставлен,09:24:00,09:32:00,"Москва, Ленинский проспект, 78к1",Доставка,Услуги Груши,149,149,0,1,149
231122-346-5167,2023-11-22,доставлен,09:24:00,09:32:00,"Москва, Ленинский проспект, 78к1",Упаковка,Услуги Груши,15,15,0,1,15
231125-989-7570,2023-11-25,доставлен,18:29:00,18:49:00,"Москва, Ленинский проспект, 78к1",Вода Шишкин лес негазированная,Вода,49,49,0,1,49
231125-989-7570,2023-11-25,доставлен,18:29:00,18:49:00,"Москва, Ленинский проспект, 78к1",Сметана 20% Из Груши,База,99,99,0,1,99
231125-989-7570,2023-11-25,доставлен,18:29:00,18:49:00,"Москва, Ленинский проспект, 78к1",Борщ с говядиной Азбука Вкуса,Готовая еда,569,569,0,1,569
231125-989-7570,2023-11-25,доставлен,18:29:00,18:49:00,"Москва, Ленинский проспект, 78к1",Сэндвич с индейкой и моцареллой Из Груши,Готовая еда,259,189,70,1,189
231125-989-7570,2023-11-25,доставлен,18:29:00,18:49:00,"Москва, Ленинский проспект, 78к1",Яйцо куриное СО Из Груши,База,159,159,0,2,318
231125-989-7570,2023-11-25,доставлен,18:29:00,18:49:00,"Москва, Ленинский проспект, 78к1",Доставка,Услуги Груши,0,0,0,1,0
231126-767-1975,2023-11-26,доставлен,08:26:00,08:53:00,"Москва, Ленинский проспект, 78к1","Молоко 2,5% Асеньевская ферма пастеризованное",База,99,99,0,1,99
231126-767-1975,2023-11-26,доставлен,08:26:00,08:53:00,"Москва, Ленинский проспект, 78к1",Запеканка творожная с манго Азбука вкуса,Готовая еда,619,619,0,1,619
231126-767-1975,2023-11-26,доставлен,08:26:00,08:53:00,"Москва, Ленинский проспект, 78к1",Домашний сыр в шпинатном соусе с рисом басмати Палак Панир Chindi Kitchen,Готовая еда,379,379,0,1,379
231126-767-1975,2023-11-26,доставлен,08:26:00,08:53:00,"Москва, Ленинский проспект, 78к1",Чипсы Lay's Из Печи Лисички в сметане,Снеки,109,109,0,1,109
231126-767-1975,2023-11-26,доставлен,08:26:00,08:53:00,"Москва, Ленинский проспект, 78к1",Напиток газированный Кола Добрый,Напитки,99,79,20,1,79
231126-767-1975,2023-11-26,доставлен,08:26:00,08:53:00,"Москва, Ленинский проспект, 78к1",Торт Медовый Братья Караваевы 2 шт,Сладости,279,279,0,1,279
231126-767-1975,2023-11-26,доставлен,08:26:00,08:53:00,"Москва, Ленинский проспект, 78к1","Шоколад молочный Ritter Sport с ромом, изюмом и орехом",Сладости,159,159,0,2,318
231126-767-1975,2023-11-26,доставлен,08:26:00,08:53:00,"Москва, Ленинский проспект, 78к1",Чистящее средство Synergetic для окон и зеркал,Товары для дома,279,279,0,1,279
231126-767-1975,2023-11-26,доставлен,08:26:00,08:53:00,"Москва, Ленинский проспект, 78к1",Доставка,Услуги Груши,0,0,0,1,0
231126-892-5833,2023-11-26,доставлен,08:44:00,09:06:00,"Москва, Ленинский проспект, 78к1",Помидоры сладкие Бархатный мёд,Овощи,1290,1290,0,2,2580
231126-892-5833,2023-11-26,доставлен,08:44:00,09:06:00,"Москва, Ленинский проспект, 78к1",Сосиска в тесте Cook Chart Bakery,Готовая еда,119,119,0,1,119
231126-892-5833,2023-11-26,доставлен,08:44:00,09:06:00,"Москва, Ленинский проспект, 78к1",Грейпфрут дольки нарезанные Из Груши,Фрукты,199,199,0,1,199
231126-892-5833,2023-11-26,доставлен,08:44:00,09:06:00,"Москва, Ленинский проспект, 78к1","Напиток функциональный Actimuno гранат 1,5%",Напитки,49,49,0,1,49
231126-892-5833,2023-11-26,доставлен,08:44:00,09:06:00,"Москва, Ленинский проспект, 78к1",Вода минеральная Ессентуки №4 лечебно-столовая,Вода,429,429,0,1,429
231126-892-5833,2023-11-26,доставлен,08:44:00,09:06:00,"Москва, Ленинский проспект, 78к1",Чай Шу пуэр Mute листовой,База,259,259,0,1,259
231126-892-5833,2023-11-26,доставлен,08:44:00,09:06:00,"Москва, Ленинский проспект, 78к1",Морковь мытая,Овощи,69,69,0,1,69
231126-892-5833,2023-11-26,доставлен,08:44:00,09:06:00,"Москва, Ленинский проспект, 78к1",Рис Басмати отварной Азбука Вкуса,Готовая еда,149,149,0,1,149
231126-892-5833,2023-11-26,доставлен,08:44:00,09:06:00,"Москва, Ленинский проспект, 78к1",Вода минеральная негазированная Из Груши природная питьевая,Вода,119,119,0,1,119
231126-892-5833,2023-11-26,доставлен,08:44:00,09:06:00,"Москва, Ленинский проспект, 78к1",Доставка,Услуги Груши,99,99,0,1,99
231126-892-5833,2023-11-26,доставлен,08:44:00,09:06:00,"Москва, Ленинский проспект, 78к1",Упаковка,Услуги Груши,15,15,0,1,15
231127-400-7610,2023-11-27,доставлен,09:02:00,09:21:00,"Москва, Ленинский проспект, 78к1",Яйцо куриное СО Из Груши,База,159,159,0,1,159
231127-400-7610,2023-11-27,доставлен,09:02:00,09:21:00,"Москва, Ленинский проспект, 78к1","Масло сливочное 72,5% Из Груши",База,179,179,0,2,358
231127-400-7610,2023-11-27,доставлен,09:02:00,09:21:00,"Москва, Ленинский проспект, 78к1",Хурма Королёк,Фрукты,339,339,0,1,339
231127-400-7610,2023-11-27,доставлен,09:02:00,09:21:00,"Москва, Ленинский проспект, 78к1",Стиральный порошок Persil автомат,Товары для дома,829,829,0,1,829
231127-400-7610,2023-11-27,доставлен,09:02:00,09:21:00,"Москва, Ленинский проспект, 78к1",Доставка,Услуги Груши,0,0,0,1,0
231129-923-9682,2023-11-29,доставлен,10:12:00,10:34:00,"Москва, Ленинский проспект, 78к1",Макароны Fusilli Barilla №98,База,129,129,0,2,258
231129-923-9682,2023-11-29,доставлен,10:12:00,10:34:00,"Москва, Ленинский проспект, 78к1","Напиток овсяный Nemoloko 3,2% классический",Напитки,149,119,30,2,238
231129-923-9682,2023-11-29,доставлен,10:12:00,10:34:00,"Москва, Ленинский проспект, 78к1",Батончик Twix Xtra с карамелью и шоколадом,Сладости,79,79,0,2,158
231129-923-9682,2023-11-29,доставлен,10:12:00,10:34:00,"Москва, Ленинский проспект, 78к1",Печенье Творожные ушки Братья Караваевы,Сладости,349,349,0,1,349
231129-923-9682,2023-11-29,доставлен,10:12:00,10:34:00,"Москва, Ленинский проспект, 78к1",Мандарины Абхазия,Фрукты,299,299,0,1,299
231129-923-9682,2023-11-29,доставлен,10:12:00,10:34:00,"Москва, Ленинский проспект, 78к1",Батончик шоколадный Из Груши с вафлей,Сладости,99,99,0,1,99
231129-923-9682,2023-11-29,доставлен,10:12:00,10:34:00,"Москва, Ленинский проспект, 78к1",Помидоры сливовидные Эко-культура красные на ветке,Овощи,359,359,0,1,359
231129-923-9682,2023-11-29,доставлен,10:12:00,10:34:00,"Москва, Ленинский проспект, 78к1",Абрикосы,Фрукты,179,179,0,3,537
231129-923-9682,2023-11-29,доставлен,10:12:00,10:34:00,"Москва, Ленинский проспект, 78к1",Доставка,Услуги Груши,0,0,0,1,0
231129-923-9682,2023-11-29,доставлен,10:12:00,10:34:00,"Москва, Ленинский проспект, 78к1",Упаковка,Услуги Груши,15,15,0,1,15
231201-737-7756,2023-12-01,доставлен,19:05:00,19:16:00,"Москва, Ленинский проспект, 78к1",Черри Конфетто Россия,Овощи,229,229,0,1,229
231201-737-7756,2023-12-01,доставлен,19:05:00,19:16:00,"Москва, Ленинский проспект, 78к1",Батончик шоколадный Cadbury Wispa,Сладости,79,79,0,1,79
231201-737-7756,2023-12-01,доставлен,19:05:00,19:16:00,"Москва, Ленинский проспект, 78к1",Курица тандури в сливочно-томатном карри с рисом басмати Чикен Баттер Масала Chindi Kitchen,Готовая еда,919,919,0,2,1838
231201-737-7756,2023-12-01,доставлен,19:05:00,19:16:00,"Москва, Ленинский проспект, 78к1",Доставка,Услуги Груши,0,0,0,1,0
231201-677-1555,2023-12-01,доставлен,20:20:00,20:40:00,"Москва, Ленинский проспект, 78к1",Блинчики с творогом Азбука Вкуса,Готовая еда,169,169,0,1,169
231201-677-1555,2023-12-01,доставлен,20:20:00,20:40:00,"Москва, Ленинский проспект, 78к1",Доставка,Услуги Груши,79,79,0,1,79
231202-718-3534,2023-12-02,доставлен,16:26:00,16:46:00,"Москва, Ленинский проспект, 78к1","Напиток функциональный Actimuno гранат 1,5%",Напитки,49,49,0,1,49
231202-718-3534,2023-12-02,доставлен,16:26:00,16:46:00,"Москва, Ленинский проспект, 78к1",Яйцо куриное СО Из Груши,База,159,159,0,1,159
231202-718-3534,2023-12-02,доставлен,16:26:00,16:46:00,"Москва, Ленинский проспект, 78к1","Гранат, Азербайджан",Фрукты,149,149,0,2,298
231202-718-3534,2023-12-02,доставлен,16:26:00,16:46:00,"Москва, Ленинский проспект, 78к1",Чипсы Pringles паприка,Снеки,319,319,0,1,319
231202-718-3534,2023-12-02,доставлен,16:26:00,16:46:00,"Москва, Ленинский проспект, 78к1",Профитроли с заварным кремом Балабаев 4 шт.,Сладости,169,169,0,1,169
231202-718-3534,2023-12-02,доставлен,16:26:00,16:46:00,"Москва, Ленинский проспект, 78к1",Спелые бананы,Фрукты,229,229,0,1,229
231202-718-3534,2023-12-02,доставлен,16:26:00,16:46:00,"Москва, Ленинский проспект, 78к1",Доставка,Услуги Груши,99,99,0,1,99
231205-813-7246,2023-12-05,доставлен,10:33:00,10:41:00,"Москва, Ленинский проспект, 78к1",Освежитель воздуха Glade лаванда,Товары для дома,249,249,0,1,249
231205-813-7246,2023-12-05,доставлен,10:33:00,10:41:00,"Москва, Ленинский проспект, 78к1",Бумага для офисной техники Комус Документ Premium А4 80 г/м2,Товары для дома,479,479,0,1,479
231205-813-7246,2023-12-05,доставлен,10:33:00,10:41:00,"Москва, Ленинский проспект, 78к1",Чипсы Lay's Из Печи Сметана и ароматные травы,Снеки,109,109,0,1,109
231205-813-7246,2023-12-05,доставлен,10:33:00,10:41:00,"Москва, Ленинский проспект, 78к1",Апельсины,Фрукты,129,129,0,1,129
231205-813-7246,2023-12-05,доставлен,10:33:00,10:41:00,"Москва, Ленинский проспект, 78к1",Батончик Twix Xtra с карамелью и шоколадом,Сладости,79,79,0,1,79
231205-813-7246,2023-12-05,доставлен,10:33:00,10:41:00,"Москва, Ленинский проспект, 78к1",Паста ореховая Nutella с какао,Сладости,439,309,130,1,309
231205-813-7246,2023-12-05,доставлен,10:33:00,10:41:00,"Москва, Ленинский проспект, 78к1",Доставка,Услуги Груши,0,0,0,1,0
231205-592-7416,2023-12-05,доставлен,19:18:00,19:34:00,"Москва, Ленинский проспект, 78к1",Хурма Королёк,Фрукты,339,339,0,1,339
231205-592-7416,2023-12-05,доставлен,19:18:00,19:34:00,"Москва, Ленинский проспект, 78к1",Апельсины,Фрукты,129,129,0,1,129
231205-592-7416,2023-12-05,доставлен,19:18:00,19:34:00,"Москва, Ленинский проспект, 78к1",Чипсы Lay's Из печи Нежный сыр с зеленью,Снеки,109,109,0,1,109
231205-592-7416,2023-12-05,доставлен,19:18:00,19:34:00,"Москва, Ленинский проспект, 78к1",Салат Крабовый Азбука вкуса,Готовая еда,209,169,40,1,169
231205-592-7416,2023-12-05,доставлен,19:18:00,19:34:00,"Москва, Ленинский проспект, 78к1",Доставка,Услуги Груши,0,0,0,1,0
231205-019-4217,2023-12-05,доставлен,20:08:00,20:23:00,"Москва, Ленинский проспект, 78к1",Вода Шишкин лес негазированная,Вода,49,49,0,2,98
231205-019-4217,2023-12-05,доставлен,20:08:00,20:23:00,"Москва, Ленинский проспект, 78к1","Молоко 2,5% Асеньевская ферма пастеризованное",База,99,99,0,1,99
231205-019-4217,2023-12-05,доставлен,20:08:00,20:23:00,"Москва, Ленинский проспект, 78к1","Масло сливочное 82,5% Вологодское Из Вологды",База,339,339,0,1,339
231205-019-4217,2023-12-05,доставлен,20:08:00,20:23:00,"Москва, Ленинский проспект, 78к1",Бумажные полотенца Zewa Премиум,Товары для дома,419,419,0,1,419
231205-019-4217,2023-12-05,доставлен,20:08:00,20:23:00,"Москва, Ленинский проспект, 78к1",Доставка,Услуги Груши,119,119,0,1,119
231205-019-4217,2023-12-05,доставлен,20:08:00,20:23:00,"Москва, Ленинский проспект, 78к1",Упаковка,Услуги Груши,15,15,0,1,15
231207-226-8447,2023-12-07,доставлен,07:55:00,08:11:00,"Москва, Ленинский проспект, 78к1","Кефир 3,2% Асеньевская ферма",База,119,119,0,2,238
231207-226-8447,2023-12-07,доставлен,07:55:00,08:11:00,"Москва, Ленинский проспект, 78к1","Масло сливочное 72,5% Из Груши",База,179,179,0,1,179
231207-226-8447,2023-12-07,доставлен,07:55:00,08:11:00,"Москва, Ленинский проспект, 78к1",Мёд лесной натуральный Антон Медов,База,299,299,0,1,299
231207-226-8447,2023-12-07,доставлен,07:55:00,08:11:00,"Москва, Ленинский проспект, 78к1",Доставка,Услуги Груши,0,0,0,1,0
231207-942-1048,2023-12-07,доставлен,09:55:00,10:02:00,"Москва, Ленинский проспект, 78к1",Помидоры черри на ветке,Овощи,289,289,0,1,289
231207-942-1048,2023-12-07,доставлен,09:55:00,10:02:00,"Москва, Ленинский проспект, 78к1",Туалетная бумага Zewa Плюс белая 2 слоя,Товары для дома,139,139,0,1,139
231207-942-1048,2023-12-07,доставлен,09:55:00,10:02:00,"Москва, Ленинский проспект, 78к1",Морковь мытая,Овощи,69,49,20,1,49
231207-942-1048,2023-12-07,доставлен,09:55:00,10:02:00,"Москва, Ленинский проспект, 78к1",Брусника Планета витаминов замороженная,Фрукты,559,559,0,3,1677
231207-942-1048,2023-12-07,доставлен,09:55:00,10:02:00,"Москва, Ленинский проспект, 78к1",Доставка,Услуги Груши,49,49,0,1,49
231207-255-7961,2023-12-07,доставлен,18:52:00,19:08:00,"Москва, Ленинский проспект, 78к1",Форель слабосолёная Из Груши нарезка,База,479,479,0,1,479
231207-255-7961,2023-12-07,доставлен,18:52:00,19:08:00,"Москва, Ленинский проспект, 78к1",Салат с крабовыми палочками большая порция Из Груши,Готовая еда,289,289,0,1,289
231207-255-7961,2023-12-07,доставлен,18:52:00,19:08:00,"Москва, Ленинский проспект, 78к1","Молоко отборное 3,4-4,5% Домик в деревне пастеризованное",База,89,89,0,1,89
231207-255-7961,2023-12-07,доставлен,18:52:00,19:08:00,"Москва, Ленинский проспект, 78к1",Банан,Фрукты,19,19,0,1,19
231207-255-7961,2023-12-07,доставлен,18:52:00,19:08:00,"Москва, Ленинский проспект, 78к1",Доставка,Услуги Груши,99,99,0,1,99
231207-255-7961,2023-12-07,доставлен,18:52:00,19:08:00,"Москва, Ленинский проспект, 78к1",Упаковка,Услуги Груши,15,15,0,1,15
231209-738-3589,2023-12-09,доставлен,09:47:00,10:10:00,"Москва, Ленинский проспект, 78к1",Шарики сырные с моцареллой Азбука Вкуса,Готовая еда,199,199,0,1,199
231209-738-3589,2023-12-09,доставлен,09:47:00,10:10:00,"Москва, Ленинский проспект, 78к1",Батончик кокосовый Kick в карамельном шоколаде,Сладости,249,249,0,1,249
231209-738-3589,2023-12-09,доставлен,09:47:00,10:10:00,"Москва, Ленинский проспект, 78к1",Омлет запечённый с муссом из филе лосося,Готовая еда,199,199,0,1,199
231209-738-3589,2023-12-09,доставлен,09:47:00,10:10:00,"Москва, Ленинский проспект, 78к1",Доставка,Услуги Груши,0,0,0,1,0
231209-738-3589,2023-12-09,доставлен,09:47:00,10:10:00,"Москва, Ленинский проспект, 78к1",Упаковка,Услуги Груши,15,15,0,1,15
231213-020-8331,2023-12-13,доставлен,07:51:00,08:04:00,"Москва, Ленинский проспект, 78к1",Сыр Моцарелла Mini Galbani 45%,База,239,239,0,1,239
231213-020-8331,2023-12-13,доставлен,07:51:00,08:04:00,"Москва, Ленинский проспект, 78к1",Сухари Семейка Озби в сахаре с изюмом,Снеки,289,289,0,1,289
231213-020-8331,2023-12-13,доставлен,07:51:00,08:04:00,"Москва, Ленинский проспект, 78к1",Батончики шоколадные Twix Minis,Сладости,219,219,0,3,657
231213-020-8331,2023-12-13,доставлен,07:51:00,08:04:00,"Москва, Ленинский проспект, 78к1",Доставка,Услуги Груши,0,0,0,1,0
231213-434-5795,2023-12-13,доставлен,11:45:00,12:11:00,"Москва, Ленинский проспект, 78к1",Яйцо куриное СО Из Груши,База,159,159,0,1,159
231213-434-5795,2023-12-13,доставлен,11:45:00,12:11:00,"Москва, Ленинский проспект, 78к1","Напиток овсяный Nemoloko шоколадный 3,2%",Напитки,59,49,10,1,49
231213-434-5795,2023-12-13,доставлен,11:45:00,12:11:00,"Москва, Ленинский проспект, 78к1",Картофель молодой мытый,Овощи,99,89,10,1,89
231213-434-5795,2023-12-13,доставлен,11:45:00,12:11:00,"Москва, Ленинский проспект, 78к1",Салат Крабовый Азбука вкуса,Готовая еда,209,209,0,1,209
231213-434-5795,2023-12-13,доставлен,11:45:00,12:11:00,"Москва, Ленинский проспект, 78к1",Малина Из Груши,Фрукты,749,749,0,1,749
231213-434-5795,2023-12-13,доставлен,11:45:00,12:11:00,"Москва, Ленинский проспект, 78к1",Доставка,Услуги Груши,49,49,0,1,49
231213-434-5795,2023-12-13,доставлен,11:45:00,12:11:00,"Москва, Ленинский проспект, 78к1",Упаковка,Услуги Груши,15,15,0,1,15
231217-983-4121,2023-12-17,доставлен,17:54:00,18:11:00,"Москва, Ленинский проспект, 78к1","Масло сливочное 82,5% Вологодское Из Вологды",База,339,279,60,1,279
231217-983-4121,2023-12-17,доставлен,17:54:00,18:11:00,"Москва, Ленинский проспект, 78к1","Масло сливочное 72,5% Из Груши",База,179,179,0,2,358
231217-983-4121,2023-12-17,доставлен,17:54:00,18:11:00,"Москва, Ленинский проспект, 78к1",Сосиска в тесте Cook Chart Bakery,Готовая еда,119,119,0,1,119
231217-983-4121,2023-12-17,доставлен,17:54:00,18:11:00,"Москва, Ленинский проспект, 78к1",Доставка,Услуги Груши,0,0,0,1,0
231217-096-8652,2023-12-17,доставлен,19:08:00,19:12:00,"Москва, Ленинский проспект, 78к1",Вода Шишкин лес негазированная,Вода,49,49,0,1,49
231217-096-8652,2023-12-17,доставлен,19:08:00,19:12:00,"Москва, Ленинский проспект, 78к1","Молоко 2,5% Асеньевская ферма пастеризованное",База,99,99,0,2,198
231217-096-8652,2023-12-17,доставлен,19:08:00,19:12:00,"Москва, Ленинский проспект, 78к1",Доставка,Услуги Груши,79,79,0,1,79
231218-002-2719,2023-12-18,доставлен,07:00:00,07:33:00,"Москва, Ленинский проспект, 78к1",Сухари Семейка Озби в сахаре с изюмом,Снеки,289,289,0,2,578
231218-002-2719,2023-12-18,доставлен,07:00:00,07:33:00,"Москва, Ленинский проспект, 78к1",Морковь мытая,Овощи,69,69,0,1,69
231218-002-2719,2023-12-18,доставлен,07:00:00,07:33:00,"Москва, Ленинский проспект, 78к1",Салат Айсберг,Овощи,89,79,10,1,79
231218-002-2719,2023-12-18,доставлен,07:00:00,07:33:00,"Москва, Ленинский проспект, 78к1",Бумажные салфетки двухслойные,Товары для дома,99,99,0,1,99
231218-002-2719,2023-12-18,доставлен,07:00:00,07:33:00,"Москва, Ленинский проспект, 78к1",Доставка,Услуги Груши,0,0,0,1,0
231218-008-9842,2023-12-18,доставлен,22:13:00,22:37:00,"Москва, Ленинский проспект, 78к1",Печенье Орешек со сгущёнкой Братья Караваевы,Сладости,399,399,0,1,399
231218-008-9842,2023-12-18,доставлен,22:13:00,22:37:00,"Москва, Ленинский проспект, 78к1",Кулич пасхальный с изюмом,Сладости,319,319,0,2,638
231218-008-9842,2023-12-18,доставлен,22:13:00,22:37:00,"Москва, Ленинский проспект, 78к1",Морковь мытая,Овощи,69,69,0,1,69
231218-008-9842,2023-12-18,доставлен,22:13:00,22:37:00,"Москва, Ленинский проспект, 78к1","Гранат, Азербайджан",Фрукты,149,149,0,3,447
231218-008-9842,2023-12-18,доставлен,22:13:00,22:37:00,"Москва, Ленинский проспект, 78к1",Груша Конференция,Фрукты,189,189,0,3,567
231218-008-9842,2023-12-18,доставлен,22:13:00,22:37:00,"Москва, Ленинский проспект, 78к1",Мороженое Monterra бельгийский шоколад,Сладости,699,699,0,1,699
231218-008-9842,2023-12-18,доставлен,22:13:00,22:37:00,"Москва, Ленинский проспект, 78к1",Макароны Farfalle Barilla №65,База,129,89,40,1,89
231218-008-9842,2023-12-18,доставлен,22:13:00,22:37:00,"Москва, Ленинский проспект, 78к1",Доставка,Услуги Груши,99,99,0,1,99
231219-176-7829,2023-12-19,доставлен,22:00:00,22:19:00,"Москва, Ленинский проспект, 78к1",Творог зернёный 5% Савушкин,База,69,69,0,1,69
231219-176-7829,2023-12-19,доставлен,22:00:00,22:19:00,"Москва, Ленинский проспект, 78к1","Напиток соевый Alpro Banana банановый 0,9%",Напитки,269,269,0,1,269
231219-176-7829,2023-12-19,доставлен,22:00:00,22:19:00,"Москва, Ленинский проспект, 78к1",Салат Айсберг,Овощи,89,89,0,1,89
231219-176-7829,2023-12-19,доставлен,22:00:00,22:19:00,"Москва, Ленинский проспект, 78к1",Батончик Twix Xtra с карамелью и шоколадом,Сладости,79,79,0,1,79
231219-176-7829,2023-12-19,доставлен,22:00:00,22:19:00,"Москва, Ленинский проспект, 78к1",Доставка,Услуги Груши,0,0,0,1,0
231222-700-5817,2023-12-22,доставлен,09:23:00,09:36:00,"Москва, Ленинский проспект, 78к1","Кефир 3,2% Асеньевская ферма",База,119,119,0,1,119
231222-700-5817,2023-12-22,доставлен,09:23:00,09:36:00,"Москва, Ленинский проспект, 78к1",Салфетки для уборки Master Fresh,Товары для дома,199,199,0,1,199
231222-700-5817,2023-12-22,доставлен,09:23:00,09:36:00,"Москва, Ленинский проспект, 78к1",Батончик Бабаевский с помадно-сливочной начинкой,Сладости,39,39,0,1,39
231222-700-5817,2023-12-22,доставлен,09:23:00,09:36:00,"Москва, Ленинский проспект, 78к1",Малина Артфрут,Фрукты,259,259,0,1,259
231222-700-5817,2023-12-22,доставлен,09:23:00,09:36:00,"Москва, Ленинский проспект, 78к1",Каша овсяная с ягодами Из Груши,Готовая еда,159,159,0,1,159
231222-700-5817,2023-12-22,доставлен,09:23:00,09:36:00,"Москва, Ленинский проспект, 78к1",Доставка,Услуги Груши,79,79,0,1,79
231222-611-7117,2023-12-22,доставлен,11:24:00,11:35:00,"Москва, Ленинский проспект, 78к1",Маслины Охибланка Bonduelle с копчёным лососем,Овощи,219,219,0,1,219
231222-611-7117,2023-12-22,доставлен,11:24:00,11:35:00,"Москва, Ленинский проспект, 78к1",Миндаль жареный солёный Из Груши,Снеки,419,419,0,1,419
231222-611-7117,2023-12-22,доставлен,11:24:00,11:35:00,"Москва, Ленинский проспект, 78к1",Фриттата с креветками и овощами Из Груши,Готовая еда,269,269,0,2,538
231222-611-7117,2023-12-22,доставлен,11:24:00,11:35:00,"Москва, Ленинский проспект, 78к1",Доставка,Услуги Груши,49,49,0,1,49
231225-991-1043,2023-12-25,доставлен,09:55:00,10:10:00,"Москва, Ленинский проспект, 78к1",Помидоры черри Эко-культура круглые красные,Овощи,199,199,0,2,398
231225-991-1043,2023-12-25,доставлен,09:55:00,10:10:00,"Москва, Ленинский проспект, 78к1",Творог зернёный 5% Савушкин,База,69,69,0,1,69
231225-991-1043,2023-12-25,доставлен,09:55:00,10:10:00,"Москва, Ленинский проспект, 78к1",Морс клюквенный Из Груши,Напитки,209,209,0,3,627
231225-991-1043,2023-12-25,доставлен,09:55:00,10:10:00,"Москва, Ленинский проспект, 78к1","Сэндвич с индейкой, сыром чеддер, соусами монре и айоли Mates",Готовая еда,309,309,0,1,309
231225-991-1043,2023-12-25,доставлен,09:55:00,10:10:00,"Москва, Ленинский проспект, 78к1",Огурцы короткоплодные,Овощи,89,89,0,1,89
231225-991-1043,2023-12-25,доставлен,09:55:00,10:10:00,"Москва, Ленинский проспект, 78к1",Зелёный горошек Из Груши быстрозамороженный,Овощи,149,149,0,1,149
231225-991-1043,2023-12-25,доставлен,09:55:00,10:10:00,"Москва, Ленинский проспект, 78к1",Сок грейпфрутовый Из Груши прямого отжима,Напитки,429,429,0,1,429
231225-991-1043,2023-12-25,доставлен,09:55:00,10:10:00,"Москва, Ленинский проспект, 78к1",Доставка,Услуги Груши,0,0,0,1,0
231225-991-1043,2023-12-25,доставлен,09:55:00,10:10:00,"Москва, Ленинский проспект, 78к1",Упаковка,Услуги Груши,15,15,0,1,15
231225-764-8792,2023-12-25,доставлен,19:23:00,19:32:00,"Москва, Ленинский проспект, 78к1",Лапша рисовая с креветками и овощами Азбука life,Готовая еда,649,579,70,1,579
231225-764-8792,2023-12-25,доставлен,19:23:00,19:32:00,"Москва, Ленинский проспект, 78к1",Уха с сёмгой Азбука вкуса,Готовая еда,489,489,0,1,489
231225-764-8792,2023-12-25,доставлен,19:23:00,19:32:00,"Москва, Ленинский проспект, 78к1",Шпинат,Овощи,209,209,0,1,209
231225-764-8792,2023-12-25,доставлен,19:23:00,19:32:00,"Москва, Ленинский проспект, 78к1",Хурма Королёк,Фрукты,339,339,0,1,339
231225-764-8792,2023-12-25,доставлен,19:23:00,19:32:00,"Москва, Ленинский проспект, 78к1",Авокадо Хасс Puro Gusto крупное,Овощи,239,239,0,1,239
231225-764-8792,2023-12-25,доставлен,19:23:00,19:32:00,"Москва, Ленинский проспект, 78к1",Доставка,Услуги Груши,0,0,0,1,0
231225-764-8792,2023-12-25,доставлен,19:23:00,19:32:00,"Москва, Ленинский проспект, 78к1",Упаковка,Услуги Груши,15,15,0,1,15
231228-022-3219,2023-12-28,доставлен,09:52:00,10:18:00,"Москва, Ленинский проспект, 78к1",Мандарины Абхазия,Фрукты,299,299,0,1,299
231228-022-3219,2023-12-28,доставлен,09:52:00,10:18:00,"Москва, Ленинский проспект, 78к1",Омлет с беконом и релишем из болгарского перца Из Груши,Готовая еда,299,299,0,2,598
231228-022-3219,2023-12-28,доставлен,09:52:00,10:18:00,"Москва, Ленинский проспект, 78к1",Сэндвич с индейкой и моцареллой Из Груши,Готовая еда,259,259,0,1,259
231228-022-3219,2023-12-28,доставлен,09:52:00,10:18:00,"Москва, Ленинский проспект, 78к1",Хурма Королёк,Фрукты,339,339,0,1,339
231228-022-3219,2023-12-28,доставлен,09:52:00,10:18:00,"Москва, Ленинский проспект, 78к1",Чипсы креветочные Nongshim острые,Снеки,149,149,0,1,149
231228-022-3219,2023-12-28,доставлен,09:52:00,10:18:00,"Москва, Ленинский проспект, 78к1",Помидоры сливовидные,Овощи,89,89,0,1,89
231228-022-3219,2023-12-28,доставлен,09:52:00,10:18:00,"Москва, Ленинский проспект, 78к1",Доставка,Услуги Груши,0,0,0,1,0
231228-967-4652,2023-12-28,доставлен,11:15:00,11:31:00,"Москва, Ленинский проспект, 78к1",Вода Шишкин лес негазированная,Вода,49,49,0,2,98
231228-967-4652,2023-12-28,доставлен,11:15:00,11:31:00,"Москва, Ленинский проспект, 78к1",Яйцо куриное СО Из Груши,База,159,159,0,1,159
231228-967-4652,2023-12-28,доставлен,11:15:00,11:31:00,"Москва, Ленинский проспект, 78к1","Молоко 2,5% Асеньевская ферма пастеризованное",База,99,99,0,2,198
231228-967-4652,2023-12-28,доставлен,11:15:00,11:31:00,"Москва, Ленинский проспект, 78к1","Масло сливочное 82,5% Вологодское Из Вологды",База,339,239,100,1,239
231228-967-4652,2023-12-28,доставлен,11:15:00,11:31:00,"Москва, Ленинский проспект, 78к1","Масло сливочное 72,5% Из Груши",База,179,179,0,1,179
231228-967-4652,2023-12-28,доставлен,11:15:00,11:31:00,"Москва, Ленинский проспект, 78к1",Помидоры черри на ветке,Овощи,289,249,40,2,498
231228-967-4652,2023-12-28,доставлен,11:15:00,11:31:00,"Москва, Ленинский проспект, 78к1",Батарейки Energizer MAX AA,Товары для дома,219,219,0,1,219
231228-967-4652,2023-12-28,доставлен,11:15:00,11:31:00,"Москва, Ленинский проспект, 78к1",Банан,Фрукты,19,19,0,1,19
231228-967-4652,2023-12-28,доставлен,11:15:00,11:31:00,"Москва, Ленинский проспект, 78к1",Чистящее средство Synergetic для окон и зеркал,Товары для дома,279,279,0,1,279
231228-967-4652,2023-12-28,доставлен,11:15:00,11:31:00,"Москва, Ленинский проспект, 78к1",Доставка,Услуги Груши,119,119,0,1,119
231228-356-4034,2023-12-28,доставлен,19:20:00,19:30:00,"Москва, Ленинский проспект, 78к1",Йогурт греческий Lactica натуральный 4%,База,49,49,0,1,49
231228-356-4034,2023-12-28,доставлен,19:20:00,19:30:00,"Москва, Ленинский проспект, 78к1","Молоко 3,4%-6% Асеньевская ферма пастеризованное",База,109,109,0,1,109
231228-356-4034,2023-12-28,доставлен,19:20:00,19:30:00,"Москва, Ленинский проспект, 78к1",Яблоки Гренни Смит Отборные Собрано в саду 4 шт.,Фрукты,269,269,0,3,807
231228-356-4034,2023-12-28,доставлен,19:20:00,19:30:00,"Москва, Ленинский проспект, 78к1",Напиток газированный Кола Добрый,Напитки,99,99,0,1,99
231228-356-4034,2023-12-28,доставлен,19:20:00,19:30:00,"Москва, Ленинский проспект, 78к1",Суп с куриными фрикадельками и пастой Алфавит Азбука вкуса,Готовая еда,129,89,40,1,89
231228-356-4034,2023-12-28,доставлен,19:20:00,19:30:00,"Москва, Ленинский проспект, 78к1",Батон нарезной Из Груши,База,39,29,10,2,58
231228-356-4034,2023-12-28,доставлен,19:20:00,19:30:00,"Москва, Ленинский проспект, 78к1",Авокадо Хасс Puro Gusto Ready to eat,Овощи,99,99,0,2,198
231228-356-4034,2023-12-28,доставлен,19:20:00,19:30:00,"Москва, Ленинский проспект, 78к1",Сахар песок Из Груши,База,99,99,0,1,99
231228-356-4034,2023-12-28,доставлен,19:20:00,19:30:00,"Москва, Ленинский проспект, 78к1",Смесь орехов с цукатами Семушка,Фрукты,179,179,0,1,179
231228-356-4034,2023-12-28,доставлен,19:20:00,19:30:00,"Москва, Ленинский проспект, 78к1",Помидоры черри Эко-культура круглые красные на ветке,Овощи,469,469,0,2,938
231228-356-4034,2023-12-28,доставлен,19:20:00,19:30:00,"Москва, Ленинский проспект, 78к1",Апельсины,Фрукты,129,129,0,1,129
231228-356-4034,2023-12-28,доставлен,19:20:00,19:30:00,"Москва, Ленинский проспект, 78к1",Доставка,Услуги Груши,0,0,0,1,0
231228-356-4034,2023-12-28,доставлен,19:20:00,19:30:00,"Москва, Ленинский проспект, 78к1",Упаковка,Услуги Груши,15,15,0,1,15
231229-775-3960,2023-12-29,доставлен,07:13:00,07:42:00,"Москва, Ленинский проспект, 78к1","Напиток соевый Alpro Banana банановый 0,9%",Напитки,269,269,0,1,269
231229-775-3960,2023-12-29,доставлен,07:13:00,07:42:00,"Москва, Ленинский проспект, 78к1",Салат Цезарь с курицей Азбука Вкуса,Готовая еда,329,329,0,1,329
231229-775-3960,2023-12-29,доставлен,07:13:00,07:42:00,"Москва, Ленинский проспект, 78к1","Гранат, Азербайджан",Фрукты,149,149,0,1,149
231229-775-3960,2023-12-29,доставлен,07:13:00,07:42:00,"Москва, Ленинский проспект, 78к1",Пицца Маргарита Из Груши,Готовая еда,639,639,0,1,639
231229-775-3960,2023-12-29,доставлен,07:13:00,07:42:00,"Москва, Ленинский проспект, 78к1","Молоко 3,2% Из Груши",База,99,99,0,1,99
231229-775-3960,2023-12-29,доставлен,07:13:00,07:42:00,"Москва, Ленинский проспект, 78к1",Помидоры черри на ветке,Овощи,289,289,0,1,289
231229-775-3960,2023-12-29,доставлен,07:13:00,07:42:00,"Москва, Ленинский проспект, 78к1",Доставка,Услуги Груши,79,79,0,1,79
231229-775-3960,2023-12-29,доставлен,07:13:00,07:42:00,"Москва, Ленинский проспект, 78к1",Упаковка,Услуги Груши,15,15,0,1,15
231229-143-0973,2023-12-29,доставлен,09:22:00,09:40:00,"Москва, Ленинский проспект, 78к1",Помидоры черри на ветке,Овощи,289,289,0,1,289
231229-143-0973,2023-12-29,доставлен,09:22:00,09:40:00,"Москва, Ленинский проспект, 78к1","Молоко цельное 3,4-6% Нашей дойки пастеризованное",База,99,99,0,1,99
231229-143-0973,2023-12-29,доставлен,09:22:00,09:40:00,"Москва, Ленинский проспект, 78к1",Клубника,Фрукты,639,639,0,1,639
231229-143-0973,2023-12-29,доставлен,09:22:00,09:40:00,"Москва, Ленинский проспект, 78к1",Батончик арахисовый Kick в карамельном шоколаде,Сладости,339,339,0,1,339
231229-143-0973,2023-12-29,доставлен,09:22:00,09:40:00,"Москва, Ленинский проспект, 78к1",Вода минеральная Новотерская лечебно-столовая газированная,Вода,69,69,0,1,69
231229-143-0973,2023-12-29,доставлен,09:22:00,09:40:00,"Москва, Ленинский проспект, 78к1",Сыр Из Груши Грана тёртый 43%,База,199,199,0,1,199
231229-143-0973,2023-12-29,доставлен,09:22:00,09:40:00,"Москва, Ленинский проспект, 78к1",Пакеты для мусора Master Fresh 30 л чёрные,Товары для дома,79,79,0,1,79
231229-143-0973,2023-12-29,доставлен,09:22:00,09:40:00,"Москва, Ленинский проспект, 78к1",Ромовая баба глазированная шоколадной помадкой Из Груши,Сладости,159,159,0,1,159
231229-143-0973,2023-12-29,доставлен,09:22:00,09:40:00,"Москва, Ленинский проспект, 78к1",Манго Артфрут,Фрукты,159,159,0,1,159
231229-143-0973,2023-12-29,доставлен,09:22:00,09:40:00,"Москва, Ленинский проспект, 78к1",Морковь мытая,Овощи,69,69,0,1,69
231229-143-0973,2023-12-29,доставлен,09:22:00,09:40:00,"Москва, Ленинский проспект, 78к1",Доставка,Услуги Груши,0,0,0,1,0
231229-143-0973,2023-12-29,доставлен,09:22:00,09:40:00,"Москва, Ленинский проспект, 78к1",Упаковка,Услуги Груши,15,15,0,1,15
231229-002-0043,2023-12-29,доставлен,21:30:00,21:49:00,"Москва, Ленинский проспект, 78к1",Авокадо Хасс Ready to eat Артфрут,Овощи,1090,1090,0,1,1090
231229-002-0043,2023-12-29,доставлен,21:30:00,21:49:00,"Москва, Ленинский проспект, 78к1",Миндаль жареный солёный Из Груши,Снеки,419,419,0,1,419
231229-002-0043,2023-12-29,доставлен,21:30:00,21:49:00,"Москва, Ленинский проспект, 78к1",Батончик Snickers лесной орех,Сладости,119,119,0,1,119
231229-002-0043,2023-12-29,доставлен,21:30:00,21:49:00,"Москва, Ленинский проспект, 78к1",Мандарины мини,Фрукты,169,169,0,1,169
231229-002-0043,2023-12-29,доставлен,21:30:00,21:49:00,"Москва, Ленинский проспект, 78к1",Пастила яблочная Белёвская,Сладости,449,449,0,1,449
231229-002-0043,2023-12-29,доставлен,21:30:00,21:49:00,"Москва, Ленинский проспект, 78к1",Доставка,Услуги Груши,0,0,0,1,0
231230-270-0781,2023-12-30,доставлен,09:40:00,09:57:00,"Москва, Ленинский проспект, 78к1",Бумага силиконизированная Paterra для выпекания 38 см х 6 м,Товары для дома,139,139,0,1,139
231230-270-0781,2023-12-30,доставлен,09:40:00,09:57:00,"Москва, Ленинский проспект, 78к1",Яблоки Криппс Пинк Собрано в саду 4 шт.,Фрукты,139,139,0,1,139
231230-270-0781,2023-12-30,доставлен,09:40:00,09:57:00,"Москва, Ленинский проспект, 78к1",Средство для мытья посуды Fairy лимон,Товары для дома,279,189,90,1,189
231230-270-0781,2023-12-30,доставлен,09:40:00,09:57:00,"Москва, Ленинский проспект, 78к1",Лук репчатый,Овощи,49,49,0,1,49
231230-270-0781,2023-12-30,доставлен,09:40:00,09:57:00,"Москва, Ленинский проспект, 78к1",Чай холодный Из Груши с лимоном,Напитки,129,129,0,1,129
231230-270-0781,2023-12-30,доставлен,09:40:00,09:57:00,"Москва, Ленинский проспект, 78к1",Шоколад тёмный Lindt Excellence с кусочками апельсина,Сладости,379,309,70,1,309
231230-270-0781,2023-12-30,доставлен,09:40:00,09:57:00,"Москва, Ленинский проспект, 78к1",Батончик кокосовый Kick в карамельном шоколаде,Сладости,249,249,0,1,249
231230-270-0781,2023-12-30,доставлен,09:40:00,09:57:00,"Москва, Ленинский проспект, 78к1",Сыр Халлуми Из Груши,База,179,179,0,1,179
231230-270-0781,2023-12-30,доставлен,09:40:00,09:57:00,"Москва, Ленинский проспект, 78к1",Брокколи свежая,Овощи,209,209,0,1,209
231230-270-0781,2023-12-30,доставлен,09:40:00,09:57:00,"Москва, Ленинский проспект, 78к1",Мандарины мини,Фрукты,169,169,0,1,169
231230-270-0781,2023-12-30,доставлен,09:40:00,09:57:00,"Москва, Ленинский проспект, 78к1",Горошек зелёный Bonduelle замороженный,Овощи,119,119,0,1,119
231230-270-0781,2023-12-30,доставлен,09:40:00,09:57:00,"Москва, Ленинский проспект, 78к1",Сосиска в тесте Cook Chart Bakery,Готовая еда,119,119,0,1,119
231230-270-0781,2023-12-30,доставлен,09:40:00,09:57:00,"Москва, Ленинский проспект, 78к1",Доставка,Услуги Груши,0,0,0,1,0
231231-210-5941,2023-12-31,доставлен,09:18:00,09:30:00,"Москва, Ленинский проспект, 78к1",Салат Крабовый Азбука вкуса,Готовая еда,209,159,50,1,159
231231-210-5941,2023-12-31,доставлен,09:18:00,09:30:00,"Москва, Ленинский проспект, 78к1",Яйцо куриное СО Из Груши,База,159,159,0,1,159
231231-210-5941,2023-12-31,доставлен,09:18:00,09:30:00,"Москва, Ленинский проспект, 78к1",Шпинат,Овощи,209,209,0,1,209
231231-210-5941,2023-12-31,доставлен,09:18:00,09:30:00,"Москва, Ленинский проспект, 78к1",Спелые бананы,Фрукты,229,229,0,1,229
231231-210-5941,2023-12-31,доставлен,09:18:00,09:30:00,"Москва, Ленинский проспект, 78к1",Фриттата с креветками и овощами Из Груши,Готовая еда,269,269,0,1,269
231231-210-5941,2023-12-31,доставлен,09:18:00,09:30:00,"Москва, Ленинский проспект, 78к1",Банан,Фрукты,19,19,0,1,19
231231-210-5941,2023-12-31,доставлен,09:18:00,09:30:00,"Москва, Ленинский проспект, 78к1","Молоко 2,5% Простоквашино пастеризованное",База,109,109,0,1,109
231231-210-5941,2023-12-31,доставлен,09:18:00,09:30:00,"Москва, Ленинский проспект, 78к1",Помидоры черри Ароматто Эко-культура сливовидные красные на ветке,Овощи,199,199,0,1,199
231231-210-5941,2023-12-31,доставлен,09:18:00,09:30:00,"Москва, Ленинский проспект, 78к1",Смузи манго-маракуйя Из Груши,Напитки,219,219,0,1,219
231231-210-5941,2023-12-31,доставлен,09:18:00,09:30:00,"Москва, Ленинский проспект, 78к1",Помидоры черри на ветке,Овощи,289,289,0,2,578
231231-210-5941,2023-12-31,доставлен,09:18:00,09:30:00,"Москва, Ленинский проспект, 78к1",Черри Конфетто Россия,Овощи,229,229,0,1,229
231231-210-5941,2023-12-31,доставлен,09:18:00,09:30:00,"Москва, Ленинский проспект, 78к1",Доставка,Услуги Груши,0,0,0,1,0
231231-210-5941,2023-12-31,доставлен,09:18:00,09:30:00,"Москва, Ленинский проспект, 78к1",Упаковка,Услуги Груши,15,15,0,1,15
240103-660-3183,2024-01-03,доставлен,16:58:00,17:39:00,"Москва, Ленинский проспект, 78к1",Попкорн Holy Corn нежный сыр,Снеки,89,89,0,1,89
240103-660-3183,2024-01-03,доставлен,16:58:00,17:39:00,"Москва, Ленинский проспект, 78к1",Напиток энергетический Adrenaline Rush,Напитки,179,179,0,1,179
240103-660-3183,2024-01-03,доставлен,16:58:00,17:39:00,"Москва, Ленинский проспект, 78к1",Батончик Twix Xtra с карамелью и шоколадом,Сладости,89,89,0,1,89
240103-660-3183,2024-01-03,доставлен,16:58:00,17:39:00,"Москва, Ленинский проспект, 78к1",Доставка,Услуги Груши,0,0,0,1,0
240103-070-8461,2024-01-03,доставлен,20:16:00,20:31:00,"Москва, Ленинский проспект, 78к1",Котлеты из курицы с картофельным пюре большая порция Из Груши,Готовая еда,869,869,0,1,869
240103-070-8461,2024-01-03,доставлен,20:16:00,20:31:00,"Москва, Ленинский проспект, 78к1",Набор лимон и имбирь,База,239,239,0,1,239
240103-070-8461,2024-01-03,доставлен,20:16:00,20:31:00,"Москва, Ленинский проспект, 78к1",Рулетик с корицей и изюмом Братья Караваевы,Сладости,369,369,0,1,369
240103-070-8461,2024-01-03,доставлен,20:16:00,20:31:00,"Москва, Ленинский проспект, 78к1",Доставка,Услуги Груши,0,0,0,1,0
240103-070-8461,2024-01-03,доставлен,20:16:00,20:31:00,"Москва, Ленинский проспект, 78к1",Упаковка,Услуги Груши,15,15,0,1,15
240106-947-5235,2024-01-06,доставлен,10:13:00,10:38:00,"Москва, Ленинский проспект, 78к1","Кефир 3,2% Асеньевская ферма",База,119,119,0,1,119
240106-947-5235,2024-01-06,доставлен,10:13:00,10:38:00,"Москва, Ленинский проспект, 78к1","Молоко 2,5% Асеньевская ферма пастеризованное",База,109,109,0,1,109
240106-947-5235,2024-01-06,доставлен,10:13:00,10:38:00,"Москва, Ленинский проспект, 78к1","Protein pot с яйцом, сыром фета и помидорами черри Азбука life",Готовая еда,249,219,30,1,219
240106-947-5235,2024-01-06,доставлен,10:13:00,10:38:00,"Москва, Ленинский проспект, 78к1",Салат с крабовыми палочками Из Груши,Готовая еда,259,259,0,1,259
240106-947-5235,2024-01-06,доставлен,10:13:00,10:38:00,"Москва, Ленинский проспект, 78к1",Голубика Артфрут,Фрукты,379,379,0,1,379
240106-947-5235,2024-01-06,доставлен,10:13:00,10:38:00,"Москва, Ленинский проспект, 78к1",Доставка,Услуги Груши,0,0,0,1,0
240106-947-5235,2024-01-06,доставлен,10:13:00,10:38:00,"Москва, Ленинский проспект, 78к1",Упаковка,Услуги Груши,15,15,0,1,15
240106-888-0027,2024-01-06,доставлен,10:15:00,10:31:00,"Москва, Ленинский проспект, 78к1",Семена тыквы очищенные Из Груши,Снеки,179,179,0,1,179
240106-888-0027,2024-01-06,доставлен,10:15:00,10:31:00,"Москва, Ленинский проспект, 78к1",Яйцо куриное СО Из Груши,База,179,179,0,2,358
240106-888-0027,2024-01-06,доставлен,10:15:00,10:31:00,"Москва, Ленинский проспект, 78к1",Напиток газированный Кола Добрый,Напитки,109,109,0,1,109
240106-888-0027,2024-01-06,доставлен,10:15:00,10:31:00,"Москва, Ленинский проспект, 78к1",Яблоки Гренни Смит,Фрукты,109,109,0,3,327
240106-888-0027,2024-01-06,доставлен,10:15:00,10:31:00,"Москва, Ленинский проспект, 78к1",Яблоки Криппс Пинк Собрано в саду 4 шт.,Фрукты,129,129,0,1,129
240106-888-0027,2024-01-06,доставлен,10:15:00,10:31:00,"Москва, Ленинский проспект, 78к1",Сливки 20% Простоквашино стерилизованные,База,149,149,0,1,149
240106-888-0027,2024-01-06,доставлен,10:15:00,10:31:00,"Москва, Ленинский проспект, 78к1",Доставка,Услуги Груши,0,0,0,1,0
240106-888-0027,2024-01-06,доставлен,10:15:00,10:31:00,"Москва, Ленинский проспект, 78к1",Упаковка,Услуги Груши,15,15,0,1,15
240107-957-0290,2024-01-07,доставлен,11:46:00,11:56:00,"Москва, Ленинский проспект, 78к1",Вода Шишкин лес негазированная,Вода,49,49,0,1,49
240107-957-0290,2024-01-07,доставлен,11:46:00,11:56:00,"Москва, Ленинский проспект, 78к1","Масло сливочное 72,5% Из Груши",База,179,129,50,1,129
240107-957-0290,2024-01-07,доставлен,11:46:00,11:56:00,"Москва, Ленинский проспект, 78к1",Печенье бисквитное Яшкино клубника,Сладости,209,209,0,1,209
240107-957-0290,2024-01-07,доставлен,11:46:00,11:56:00,"Москва, Ленинский проспект, 78к1",Доставка,Услуги Груши,49,49,0,1,49
240108-250-3386,2024-01-08,доставлен,07:41:00,08:00:00,"Москва, Ленинский проспект, 78к1",Суп-пюре сырный с креветками Азбука вкуса,Готовая еда,299,299,0,1,299
240108-250-3386,2024-01-08,доставлен,07:41:00,08:00:00,"Москва, Ленинский проспект, 78к1",Апельсины сладкие,Фрукты,299,299,0,1,299
240108-250-3386,2024-01-08,доставлен,07:41:00,08:00:00,"Москва, Ленинский проспект, 78к1","Гранат, Азербайджан",Фрукты,149,149,0,1,149
240108-250-3386,2024-01-08,доставлен,07:41:00,08:00:00,"Москва, Ленинский проспект, 78к1",Апельсины,Фрукты,129,129,0,1,129
240108-250-3386,2024-01-08,доставлен,07:41:00,08:00:00,"Москва, Ленинский проспект, 78к1",Сыр Пармезан Из Груши тёртый 40%,База,289,289,0,1,289
240108-250-3386,2024-01-08,доставлен,07:41:00,08:00:00,"Москва, Ленинский проспект, 78к1",Доставка,Услуги Груши,49,49,0,1,49
240108-497-9262,2024-01-08,доставлен,17:58:00,18:08:00,"Москва, Ленинский проспект, 78к1","Масло сливочное 82,5% Вологодское Из Вологды",База,359,359,0,1,359
240108-497-9262,2024-01-08,доставлен,17:58:00,18:08:00,"Москва, Ленинский проспект, 78к1",Круассан с сыром Из Груши,Готовая еда,379,379,0,1,379
240108-497-9262,2024-01-08,доставлен,17:58:00,18:08:00,"Москва, Ленинский проспект, 78к1",Помидоры Черри на ветке Сладкая ягода,Овощи,189,189,0,1,189
240108-497-9262,2024-01-08,доставлен,17:58:00,18:08:00,"Москва, Ленинский проспект, 78к1",Доставка,Услуги Груши,0,0,0,1,0
240109-346-4278,2024-01-09,доставлен,09:12:00,09:26:00,"Москва, Ленинский проспект, 78к1","Шоколад молочный Ritter Sport с ромом, изюмом и орехом",Сладости,159,159,0,1,159
240109-346-4278,2024-01-09,доставлен,09:12:00,09:26:00,"Москва, Ленинский проспект, 78к1",Сыр Моцарелла Galbani 45%,База,189,189,0,1,189
240109-346-4278,2024-01-09,доставлен,09:12:00,09:26:00,"Москва, Ленинский проспект, 78к1",Бумажные полотенца Zewa Премиум,Товары для дома,539,539,0,1,539
240109-346-4278,2024-01-09,доставлен,09:12:00,09:26:00,"Москва, Ленинский проспект, 78к1",Чипсы Lay's с солью,Снеки,149,149,0,1,149
240109-346-4278,2024-01-09,доставлен,09:12:00,09:26:00,"Москва, Ленинский проспект, 78к1",Доставка,Услуги Груши,49,49,0,1,49
240113-463-5170,2024-01-13,доставлен,10:26:00,10:46:00,"Москва, Ленинский проспект, 78к1",Яйцо куриное СО Из Груши,База,179,179,0,1,179
240113-463-5170,2024-01-13,доставлен,10:26:00,10:46:00,"Москва, Ленинский проспект, 78к1",Груша Конференция,Фрукты,289,289,0,1,289
240113-463-5170,2024-01-13,доставлен,10:26:00,10:46:00,"Москва, Ленинский проспект, 78к1",Творог зернёный 4% домашний Карат,База,169,169,0,1,169
240113-463-5170,2024-01-13,доставлен,10:26:00,10:46:00,"Москва, Ленинский проспект, 78к1",Салат Крабовый Азбука вкуса,Готовая еда,209,209,0,1,209
240113-463-5170,2024-01-13,доставлен,10:26:00,10:46:00,"Москва, Ленинский проспект, 78к1",Помидоры розовые Эко-культура круглые,Овощи,189,189,0,1,189
240113-463-5170,2024-01-13,доставлен,10:26:00,10:46:00,"Москва, Ленинский проспект, 78к1",Микстура от кашля для взрослых порошок 1.7 г 1 шт,Аптека,19,19,0,1,19
240113-463-5170,2024-01-13,доставлен,10:26:00,10:46:00,"Москва, Ленинский проспект, 78к1",Пластырь бактерицидный Cosmos 20 шт,Аптека,209,209,0,1,209
240113-463-5170,2024-01-13,доставлен,10:26:00,10:46:00,"Москва, Ленинский проспект, 78к1",Чистящее средство Synergetic для окон и зеркал,Товары для дома,329,329,0,1,329
240113-463-5170,2024-01-13,доставлен,10:26:00,10:46:00,"Москва, Ленинский проспект, 78к1",Доставка,Услуги Груши,0,0,0,1,0
240115-167-2778,2024-01-15,доставлен,09:22:00,09:49:00,"Москва, Ленинский проспект, 78к1","Молоко 2,5% Асеньевская ферма пастеризованное",База,109,99,10,1,99
240115-167-2778,2024-01-15,доставлен,09:22:00,09:49:00,"Москва, Ленинский проспект, 78к1",Салфетки влажные детские Pampers Sensitive,Товары для дома,229,229,0,1,229
240115-167-2778,2024-01-15,доставлен,09:22:00,09:49:00,"Москва, Ленинский проспект, 78к1",Апельсины,Фрукты,129,129,0,1,129
240115-167-2778,2024-01-15,доставлен,09:22:00,09:49:00,"Москва, Ленинский проспект, 78к1",Огурцы короткоплодные,Овощи,89,89,0,1,89
240115-167-2778,2024-01-15,доставлен,09:22:00,09:49:00,"Москва, Ленинский проспект, 78к1",Доставка,Услуги Груши,0,0,0,1,0
240115-430-8025,2024-01-15,доставлен,09:52:00,10:17:00,"Москва, Ленинский проспект, 78к1",Помидоры коктейльные сливовидные на ветке,Овощи,209,209,0,1,209
240115-430-8025,2024-01-15,доставлен,09:52:00,10:17:00,"Москва, Ленинский проспект, 78к1","Шоколад молочный Ritter Sport с ромом, изюмом и орехом",Сладости,159,159,0,3,477
240115-430-8025,2024-01-15,доставлен,09:52:00,10:17:00,"Москва, Ленинский проспект, 78к1",Микстура от кашля для взрослых порошок 1.7 г 1 шт,Аптека,19,19,0,1,19
240115-430-8025,2024-01-15,доставлен,09:52:00,10:17:00,"Москва, Ленинский проспект, 78к1",Пластырь бактерицидный Cosmos 20 шт,Аптека,209,179,30,1,179
240115-430-8025,2024-01-15,доставлен,09:52:00,10:17:00,"Москва, Ленинский проспект, 78к1",Печенье Творожные ушки Братья Караваевы,Сладости,459,459,0,1,459
240115-430-8025,2024-01-15,доставлен,09:52:00,10:17:00,"Москва, Ленинский проспект, 78к1",Доставка,Услуги Груши,79,79,0,1,79
240115-430-8025,2024-01-15,доставлен,09:52:00,10:17:00,"Москва, Ленинский проспект, 78к1",Упаковка,Услуги Груши,15,15,0,1,15
240117-710-8785,2024-01-17,доставлен,09:53:00,10:11:00,"Москва, Ленинский проспект, 78к1",Вода Шишкин лес негазированная,Вода,49,49,0,1,49
240117-710-8785,2024-01-17,доставлен,09:53:00,10:11:00,"Москва, Ленинский проспект, 78к1","Масло сливочное 72,5% Из Груши",База,179,179,0,1,179
240117-710-8785,2024-01-17,доставлен,09:53:00,10:11:00,"Москва, Ленинский проспект, 78к1",Помидоры коктейльные сливовидные на ветке,Овощи,209,209,0,2,418
240117-710-8785,2024-01-17,доставлен,09:53:00,10:11:00,"Москва, Ленинский проспект, 78к1",Эвалар Витамин С таблетки шипучие 1000 мг 20 шт,Аптека,1090,1090,0,1,1090
240117-710-8785,2024-01-17,доставлен,09:53:00,10:11:00,"Москва, Ленинский проспект, 78к1",Батончик Бабаевский с помадно-сливочной начинкой,Сладости,89,89,0,1,89
240117-710-8785,2024-01-17,доставлен,09:53:00,10:11:00,"Москва, Ленинский проспект, 78к1",Сметана 15% Из Груши,База,119,119,0,1,119
240117-710-8785,2024-01-17,доставлен,09:53:00,10:11:00,"Москва, Ленинский проспект, 78к1",Доставка,Услуги Груши,49,49,0,1,49
240119-302-6670,2024-01-19,доставлен,23:15:00,23:55:00,"Москва, Ленинский проспект, 78к1","Масло сливочное 82,5% Вологодское Из Вологды",База,359,359,0,2,718
240119-302-6670,2024-01-19,доставлен,23:15:00,23:55:00,"Москва, Ленинский проспект, 78к1",Хурма Королёк,Фрукты,339,339,0,3,1017
240119-302-6670,2024-01-19,доставлен,23:15:00,23:55:00,"Москва, Ленинский проспект, 78к1",Картофель молодой мытый,Овощи,89,89,0,1,89
240119-302-6670,2024-01-19,доставлен,23:15:00,23:55:00,"Москва, Ленинский проспект, 78к1",Лапша рисовая с креветками и овощами Азбука life,Готовая еда,649,649,0,1,649
240119-302-6670,2024-01-19,доставлен,23:15:00,23:55:00,"Москва, Ленинский проспект, 78к1",Баклажаны,Овощи,109,109,0,1,109
240119-302-6670,2024-01-19,доставлен,23:15:00,23:55:00,"Москва, Ленинский проспект, 78к1",Салат Оливье Азбука Вкуса,Готовая еда,329,329,0,1,329
240119-302-6670,2024-01-19,доставлен,23:15:00,23:55:00,"Москва, Ленинский проспект, 78к1",Шоколад тёмный Lindt Excellence с кусочками апельсина,Сладости,709,709,0,1,709
240119-302-6670,2024-01-19,доставлен,23:15:00,23:55:00,"Москва, Ленинский проспект, 78к1",Каша овсяная с ягодами Из Груши,Готовая еда,159,139,20,1,139
240119-302-6670,2024-01-19,доставлен,23:15:00,23:55:00,"Москва, Ленинский проспект, 78к1",Капуста Кейл,Овощи,69,69,0,1,69
240119-302-6670,2024-01-19,доставлен,23:15:00,23:55:00,"Москва, Ленинский проспект, 78к1",Ряженка 4% Из Груши,База,109,109,0,1,109
240119-302-6670,2024-01-19,доставлен,23:15:00,23:55:00,"Москва, Ленинский проспект, 78к1",Доставка,Услуги Груши,0,0,0,1,0
240123-353-1694,2024-01-23,доставлен,12:07:00,12:19:00,"Москва, Ленинский проспект, 78к1","Кефир 3,2% Асеньевская ферма",База,119,119,0,1,119
240123-353-1694,2024-01-23,доставлен,12:07:00,12:19:00,"Москва, Ленинский проспект, 78к1",Доставка,Услуги Груши,0,0,0,1,0
240126-273-6699,2024-01-26,доставлен,08:21:00,08:36:00,"Москва, Ленинский проспект, 78к1",Яйцо куриное СО Из Груши,База,179,179,0,1,179
240126-273-6699,2024-01-26,доставлен,08:21:00,08:36:00,"Москва, Ленинский проспект, 78к1","Молоко 2,5% Асеньевская ферма пастеризованное",База,109,79,30,1,79
240126-273-6699,2024-01-26,доставлен,08:21:00,08:36:00,"Москва, Ленинский проспект, 78к1",Шоколад молочный Ritter Sport Extra Nut с цельным лесным орехом,Сладости,179,179,0,1,179
240126-273-6699,2024-01-26,доставлен,08:21:00,08:36:00,"Москва, Ленинский проспект, 78к1",Спрей для горла Гексорал,Аптека,609,609,0,1,609
240126-273-6699,2024-01-26,доставлен,08:21:00,08:36:00,"Москва, Ленинский проспект, 78к1",Паста Карбонара Азбука Вкуса,Готовая еда,529,529,0,1,529
240126-273-6699,2024-01-26,доставлен,08:21:00,08:36:00,"Москва, Ленинский проспект, 78к1",Батарейки Kodak Max Super Alkaline AA,Товары для дома,509,449,60,1,449
240126-273-6699,2024-01-26,доставлен,08:21:00,08:36:00,"Москва, Ленинский проспект, 78к1",Бумажные салфетки двухслойные,Товары для дома,99,99,0,1,99
240126-273-6699,2024-01-26,доставлен,08:21:00,08:36:00,"Москва, Ленинский проспект, 78к1",Доставка,Услуги Груши,0,0,0,1,0
240126-273-6699,2024-01-26,доставлен,08:21:00,08:36:00,"Москва, Ленинский проспект, 78к1",Упаковка,Услуги Груши,15,15,0,1,15
240127-792-7452,2024-01-27,доставлен,11:23:00,11:36:00,"Москва, Ленинский проспект, 78к1",Вода Шишкин лес негазированная,Вода,49,49,0,1,49
240127-792-7452,2024-01-27,доставлен,11:23:00,11:36:00,"Москва, Ленинский проспект, 78к1","Масло сливочное 72,5% Из Груши",База,179,159,20,1,159
240127-792-7452,2024-01-27,доставлен,11:23:00,11:36:00,"Москва, Ленинский проспект, 78к1",Мороженое пломбир Чистая Линия,Сладости,139,139,0,1,139
240127-792-7452,2024-01-27,доставлен,11:23:00,11:36:00,"Москва, Ленинский проспект, 78к1",Зиртек таблетки 10 мг 30 шт,Аптека,589,489,100,1,489
240127-792-7452,2024-01-27,доставлен,11:23:00,11:36:00,"Москва, Ленинский проспект, 78к1",Вода Bonaqua негазированная,Вода,69,49,20,4,196
240127-792-7452,2024-01-27,доставлен,11:23:00,11:36:00,"Москва, Ленинский проспект, 78к1",Доставка,Услуги Груши,0,0,0,1,0
240129-777-7353,2024-01-29,доставлен,08:28:00,08:51:00,"Москва, Ленинский проспект, 78к1",Голубика,Фрукты,259,259,0,1,259
240129-777-7353,2024-01-29,доставлен,08:28:00,08:51:00,"Москва, Ленинский проспект, 78к1",Мандарины Абхазия,Фрукты,329,329,0,1,329
240129-777-7353,2024-01-29,доставлен,08:28:00,08:51:00,"Москва, Ленинский проспект, 78к1",Лимон,Фрукты,29,29,0,1,29
240129-777-7353,2024-01-29,доставлен,08:28:00,08:51:00,"Москва, Ленинский проспект, 78к1",Миндаль жареный солёный Из Груши,Снеки,419,419,0,1,419
240129-777-7353,2024-01-29,доставлен,08:28:00,08:51:00,"Москва, Ленинский проспект, 78к1",Голубика Артфрут,Фрукты,379,379,0,1,379
240129-777-7353,2024-01-29,доставлен,08:28:00,08:51:00,"Москва, Ленинский проспект, 78к1",Картошка Братья Караваевы,Сладости,259,259,0,1,259
240129-777-7353,2024-01-29,доставлен,08:28:00,08:51:00,"Москва, Ленинский проспект, 78к1",Доставка,Услуги Груши,0,0,0,1,0
240129-777-7353,2024-01-29,доставлен,08:28:00,08:51:00,"Москва, Ленинский проспект, 78к1",Упаковка,Услуги Груши,15,15,0,1,15
240129-005-6572,2024-01-29,отменен,12:58:00,,"Москва, Ленинский проспект, 78к1",Абрикосы,Фрукты,269,269,0,2,538
240129-005-6572,2024-01-29,отменен,12:58:00,,"Москва, Ленинский проспект, 78к1",Напиток газированный Кола Добрый,Напитки,109,109,0,2,218
240129-005-6572,2024-01-29,отменен,12:58:00,,"Москва, Ленинский проспект, 78к1",Конфеты с суфле Птица дивная Акконд в шоколадной глазури,Сладости,379,379,0,1,379
240129-005-6572,2024-01-29,отменен,12:58:00,,"Москва, Ленинский проспект, 78к1",Губки для посуды Master Fresh,Товары для дома,69,69,0,1,69
240129-005-6572,2024-01-29,отменен,12:58:00,,"Москва, Ленинский проспект, 78к1",Морковь мытая,Овощи,69,69,0,2,138
240129-005-6572,2024-01-29,отменен,12:58:00,,"Москва, Ленинский проспект, 78к1",Горошек зелёный Bonduelle замороженный,Овощи,119,119,0,1,119
240129-005-6572,2024-01-29,отменен,12:58:00,,"Москва, Ленинский проспект, 78к1",Доставка,Услуги Груши,0,0,0,1,0
240129-762-5675,2024-01-29,доставлен,19:14:00,19:24:00,"Москва, Ленинский проспект, 78к1",Чипсы Lay's Из печи Нежный сыр с зеленью,Снеки,129,129,0,1,129
240129-762-5675,2024-01-29,доставлен,19:14:00,19:24:00,"Москва, Ленинский проспект, 78к1",Чипсы Из Груши с томатом и паприкой,Снеки,79,79,0,1,79
240129-762-5675,2024-01-29,доставлен,19:14:00,19:24:00,"Москва, Ленинский проспект, 78к1",Яйцо куриное СО Из Груши,База,179,179,0,1,179
240129-762-5675,2024-01-29,доставлен,19:14:00,19:24:00,"Москва, Ленинский проспект, 78к1",Сметана 20% Из Груши,База,99,99,0,2,198
240129-762-5675,2024-01-29,доставлен,19:14:00,19:24:00,"Москва, Ленинский проспект, 78к1",Шоколад молочный Alpen Gold с фундуком,Сладости,149,149,0,1,149
240129-762-5675,2024-01-29,доставлен,19:14:00,19:24:00,"Москва, Ленинский проспект, 78к1",Капуста Кейл,Овощи,69,69,0,1,69
240129-762-5675,2024-01-29,доставлен,19:14:00,19:24:00,"Москва, Ленинский проспект, 78к1",Доставка,Услуги Груши,149,149,0,1,149
240130-708-0192,2024-01-30,доставлен,08:43:00,09:16:00,"Москва, Ленинский проспект, 78к1","Масло сливочное 82,5% Вологодское Из Вологды",База,359,289,70,1,289
240130-708-0192,2024-01-30,доставлен,08:43:00,09:16:00,"Москва, Ленинский проспект, 78к1",Филе куриное запечённое с помидорами и сыром Азбука Вкуса,Готовая еда,329,329,0,1,329
240130-708-0192,2024-01-30,доставлен,08:43:00,09:16:00,"Москва, Ленинский проспект, 78к1",Доставка,Услуги Груши,0,0,0,1,0
240130-708-0192,2024-01-30,доставлен,08:43:00,09:16:00,"Москва, Ленинский проспект, 78к1",Упаковка,Услуги Груши,15,15,0,1,15
240131-755-6500,2024-01-31,доставлен,10:03:00,10:28:00,"Москва, Ленинский проспект, 78к1",Термометр электронный Omron,Аптека,939,939,0,1,939
240131-755-6500,2024-01-31,доставлен,10:03:00,10:28:00,"Москва, Ленинский проспект, 78к1",Перец красный,Овощи,179,179,0,1,179
240131-755-6500,2024-01-31,доставлен,10:03:00,10:28:00,"Москва, Ленинский проспект, 78к1",Сырники со сметаной Азбука Вкуса,Готовая еда,739,739,0,1,739
240131-755-6500,2024-01-31,доставлен,10:03:00,10:28:00,"Москва, Ленинский проспект, 78к1",Куриная отбивная в кляре с картофельным пюре по-домашнему,Готовая еда,259,259,0,1,259
240131-755-6500,2024-01-31,доставлен,10:03:00,10:28:00,"Москва, Ленинский проспект, 78к1",Вода минеральная Ессентуки №4 лечебно-столовая,Вода,429,429,0,1,429
240131-755-6500,2024-01-31,доставлен,10:03:00,10:28:00,"Москва, Ленинский проспект, 78к1",Суп-пюре сырный с креветками Азбука вкуса,Готовая еда,299,299,0,1,299
240131-755-6500,2024-01-31,доставлен,10:03:00,10:28:00,"Москва, Ленинский проспект, 78к1",Доставка,Услуги Груши,49,49,0,1,49
240206-122-1201,2024-02-06,доставлен,09:51:00,10:06:00,"Москва, Ленинский проспект, 78к1","Кефир 3,2% Асеньевская ферма",База,119,119,0,1,119
240206-122-1201,2024-02-06,доставлен,09:51:00,10:06:00,"Москва, Ленинский проспект, 78к1",Вода Шишкин лес негазированная,Вода,49,49,0,1,49
240206-122-1201,2024-02-06,доставлен,09:51:00,10:06:00,"Москва, Ленинский проспект, 78к1","Молоко 2,5% Асеньевская ферма пастеризованное",База,109,109,0,1,109
240206-122-1201,2024-02-06,доставлен,09:51:00,10:06:00,"Москва, Ленинский проспект, 78к1","Масло сливочное 72,5% Из Груши",База,179,179,0,1,179
240206-122-1201,2024-02-06,доставлен,09:51:00,10:06:00,"Москва, Ленинский проспект, 78к1",Доставка,Услуги Груши,0,0,0,1,0
240206-122-1201,2024-02-06,доставлен,09:51:00,10:06:00,"Москва, Ленинский проспект, 78к1",Упаковка,Услуги Груши,15,15,0,1,15
240209-086-5081,2024-02-09,доставлен,10:37:00,11:14:00,"Москва, Ленинский проспект, 78к1",Лимон,Фрукты,29,29,0,1,29
240209-086-5081,2024-02-09,доставлен,10:37:00,11:14:00,"Москва, Ленинский проспект, 78к1",Батончик шоколадный Cadbury Wispa,Сладости,79,79,0,1,79
240209-086-5081,2024-02-09,доставлен,10:37:00,11:14:00,"Москва, Ленинский проспект, 78к1",Шпинат,Овощи,139,139,0,1,139
240209-086-5081,2024-02-09,доставлен,10:37:00,11:14:00,"Москва, Ленинский проспект, 78к1",Огурцы короткоплодные,Овощи,89,89,0,1,89
240209-086-5081,2024-02-09,доставлен,10:37:00,11:14:00,"Москва, Ленинский проспект, 78к1",Пирог с картофелем и сыром Рамонти Пайз,Готовая еда,159,129,30,1,129
240209-086-5081,2024-02-09,доставлен,10:37:00,11:14:00,"Москва, Ленинский проспект, 78к1",Грейпфрут дольки нарезанные Из Груши,Фрукты,199,199,0,1,199
240209-086-5081,2024-02-09,доставлен,10:37:00,11:14:00,"Москва, Ленинский проспект, 78к1",Доставка,Услуги Груши,0,0,0,1,0
240209-086-5081,2024-02-09,доставлен,10:37:00,11:14:00,"Москва, Ленинский проспект, 78к1",Упаковка,Услуги Груши,15,15,0,1,15
240209-051-2122,2024-02-09,доставлен,20:21:00,20:38:00,"Москва, Ленинский проспект, 78к1",Яйцо куриное СО Из Груши,База,179,179,0,1,179
240209-051-2122,2024-02-09,доставлен,20:21:00,20:38:00,"Москва, Ленинский проспект, 78к1",Зефир ванильный Шармэль,Сладости,189,149,40,1,149
240209-051-2122,2024-02-09,доставлен,20:21:00,20:38:00,"Москва, Ленинский проспект, 78к1",Котлеты куриные с картофельным пюре Азбука Вкуса,Готовая еда,319,319,0,1,319
240209-051-2122,2024-02-09,доставлен,20:21:00,20:38:00,"Москва, Ленинский проспект, 78к1",Печенье Творожные ушки Братья Караваевы,Сладости,459,459,0,1,459
240209-051-2122,2024-02-09,доставлен,20:21:00,20:38:00,"Москва, Ленинский проспект, 78к1",Помидоры черри на ветке,Овощи,279,279,0,1,279
240209-051-2122,2024-02-09,доставлен,20:21:00,20:38:00,"Москва, Ленинский проспект, 78к1","Напиток овсяный Nemoloko 3,2% классический",Напитки,149,149,0,1,149
240209-051-2122,2024-02-09,доставлен,20:21:00,20:38:00,"Москва, Ленинский проспект, 78к1",Доставка,Услуги Груши,0,0,0,1,0
240211-775-0853,2024-02-11,доставлен,17:52:00,18:23:00,"Москва, Ленинский проспект, 78к1",Помидоры черри на ветке,Овощи,279,279,0,1,279
240211-775-0853,2024-02-11,доставлен,17:52:00,18:23:00,"Москва, Ленинский проспект, 78к1",Вода минеральная лечебно-столовая Borjomi газированная,Вода,149,149,0,1,149
240211-775-0853,2024-02-11,доставлен,17:52:00,18:23:00,"Москва, Ленинский проспект, 78к1",Сыр Пармезан Из Груши тёртый 40%,База,289,289,0,2,578
240211-775-0853,2024-02-11,доставлен,17:52:00,18:23:00,"Москва, Ленинский проспект, 78к1",Конфеты Птица дивная Акконд,Сладости,219,159,60,1,159
240211-775-0853,2024-02-11,доставлен,17:52:00,18:23:00,"Москва, Ленинский проспект, 78к1",Доставка,Услуги Груши,0,0,0,1,0
240211-389-9961,2024-02-11,доставлен,18:58:00,19:19:00,"Москва, Ленинский проспект, 78к1",Сэндвич с индейкой и моцареллой Из Груши,Готовая еда,259,259,0,2,518
240211-389-9961,2024-02-11,доставлен,18:58:00,19:19:00,"Москва, Ленинский проспект, 78к1",Доставка,Услуги Груши,0,0,0,1,0
240211-389-9961,2024-02-11,доставлен,18:58:00,19:19:00,"Москва, Ленинский проспект, 78к1",Упаковка,Услуги Груши,15,15,0,1,15
240211-245-9188,2024-02-11,доставлен,19:03:00,19:13:00,"Москва, Ленинский проспект, 78к1","Масло сливочное 82,5% Вологодское Из Вологды",База,359,359,0,1,359
240211-245-9188,2024-02-11,доставлен,19:03:00,19:13:00,"Москва, Ленинский проспект, 78к1",Цитросепт капли для приема внутрь 50 мл,Аптека,2690,2690,0,1,2690
240211-245-9188,2024-02-11,доставлен,19:03:00,19:13:00,"Москва, Ленинский проспект, 78к1",Руккола Из Груши,Овощи,139,139,0,1,139
240211-245-9188,2024-02-11,доставлен,19:03:00,19:13:00,"Москва, Ленинский проспект, 78к1",Доставка,Услуги Груши,49,49,0,1,49
240213-250-3248,2024-02-13,доставлен,10:44:00,10:57:00,"Москва, Ленинский проспект, 78к1",Шоколад тёмный Lindt Excellence 85% cocoa,Сладости,469,469,0,1,469
240213-250-3248,2024-02-13,доставлен,10:44:00,10:57:00,"Москва, Ленинский проспект, 78к1",Апельсины сладкие,Фрукты,299,299,0,2,598
240213-250-3248,2024-02-13,доставлен,10:44:00,10:57:00,"Москва, Ленинский проспект, 78к1",Зелёный горошек Из Груши быстрозамороженный,Овощи,159,159,0,1,159
240213-250-3248,2024-02-13,доставлен,10:44:00,10:57:00,"Москва, Ленинский проспект, 78к1",Котлеты куриные на пару Азбука вкуса,Готовая еда,209,209,0,2,418
240213-250-3248,2024-02-13,доставлен,10:44:00,10:57:00,"Москва, Ленинский проспект, 78к1",Салат Оливье Азбука Вкуса,Готовая еда,329,329,0,2,658
240213-250-3248,2024-02-13,доставлен,10:44:00,10:57:00,"Москва, Ленинский проспект, 78к1",Яблоки Гренни Смит Отборные Собрано в саду 4 шт.,Фрукты,269,269,0,3,807
240213-250-3248,2024-02-13,доставлен,10:44:00,10:57:00,"Москва, Ленинский проспект, 78к1",Доставка,Услуги Груши,0,0,0,1,0
240213-250-3248,2024-02-13,доставлен,10:44:00,10:57:00,"Москва, Ленинский проспект, 78к1",Упаковка,Услуги Груши,15,15,0,1,15
240214-614-7090,2024-02-14,доставлен,17:37:00,17:56:00,"Москва, Ленинский проспект, 78к1",Помидоры черри на ветке,Овощи,279,279,0,1,279
240214-614-7090,2024-02-14,доставлен,17:37:00,17:56:00,"Москва, Ленинский проспект, 78к1",Кофе холодный латте Из Груши,Напитки,189,189,0,1,189
240214-614-7090,2024-02-14,доставлен,17:37:00,17:56:00,"Москва, Ленинский проспект, 78к1",Салат с крабовыми палочками Из Груши,Готовая еда,259,259,0,1,259
240214-614-7090,2024-02-14,доставлен,17:37:00,17:56:00,"Москва, Ленинский проспект, 78к1",Доставка,Услуги Груши,0,0,0,1,0
240214-614-7090,2024-02-14,доставлен,17:37:00,17:56:00,"Москва, Ленинский проспект, 78к1",Упаковка,Услуги Груши,15,15,0,1,15
240215-907-2820,2024-02-15,доставлен,09:49:00,10:06:00,"Москва, Ленинский проспект, 78к1","Молоко 2,5% Асеньевская ферма пастеризованное",База,109,109,0,2,218
240215-907-2820,2024-02-15,доставлен,09:49:00,10:06:00,"Москва, Ленинский проспект, 78к1","Батончики шоколадные Kitkat с хрустящей вафлей, 5 х 29 г",Сладости,209,209,0,1,209
240215-907-2820,2024-02-15,доставлен,09:49:00,10:06:00,"Москва, Ленинский проспект, 78к1",Вода минеральная Рычал-Су,Вода,129,129,0,1,129
240215-907-2820,2024-02-15,доставлен,09:49:00,10:06:00,"Москва, Ленинский проспект, 78к1",Огурцы Корнишон,Овощи,99,99,0,1,99
240215-907-2820,2024-02-15,доставлен,09:49:00,10:06:00,"Москва, Ленинский проспект, 78к1",Доставка,Услуги Груши,49,49,0,1,49
240216-267-9132,2024-02-16,доставлен,17:49:00,18:02:00,"Москва, Ленинский проспект, 78к1",Вода Шишкин лес негазированная,Вода,49,49,0,1,49
240216-267-9132,2024-02-16,доставлен,17:49:00,18:02:00,"Москва, Ленинский проспект, 78к1","Масло сливочное 72,5% Из Груши",База,179,179,0,1,179
240216-267-9132,2024-02-16,доставлен,17:49:00,18:02:00,"Москва, Ленинский проспект, 78к1",Хурма Королёк,Фрукты,339,339,0,1,339
240216-267-9132,2024-02-16,доставлен,17:49:00,18:02:00,"Москва, Ленинский проспект, 78к1",Сок Сады Придонья яблоко-виноград с 6 месяцев без добавления сахара,Напитки,39,39,0,1,39
240216-267-9132,2024-02-16,доставлен,17:49:00,18:02:00,"Москва, Ленинский проспект, 78к1",Банан,Фрукты,29,29,0,1,29
240216-267-9132,2024-02-16,доставлен,17:49:00,18:02:00,"Москва, Ленинский проспект, 78к1",Мандарины Абхазия,Фрукты,329,329,0,1,329
240216-267-9132,2024-02-16,доставлен,17:49:00,18:02:00,"Москва, Ленинский проспект, 78к1",Доставка,Услуги Груши,49,49,0,1,49
240216-267-9132,2024-02-16,доставлен,17:49:00,18:02:00,"Москва, Ленинский проспект, 78к1",Упаковка,Услуги Груши,15,15,0,1,15
240219-588-9349,2024-02-19,доставлен,20:19:00,20:38:00,"Москва, Ленинский проспект, 78к1",Манго Артфрут,Фрукты,159,159,0,1,159
240219-588-9349,2024-02-19,доставлен,20:19:00,20:38:00,"Москва, Ленинский проспект, 78к1",Лимон,Фрукты,29,29,0,1,29
240219-588-9349,2024-02-19,доставлен,20:19:00,20:38:00,"Москва, Ленинский проспект, 78к1",Доставка,Услуги Груши,0,0,0,1,0
240219-308-3340,2024-02-19,доставлен,22:30:00,22:41:00,"Москва, Ленинский проспект, 78к1",Вафельная трубочка со сгущёнкой Братья Караваевы,Сладости,409,409,0,1,409
240219-308-3340,2024-02-19,доставлен,22:30:00,22:41:00,"Москва, Ленинский проспект, 78к1",Помидоры черри на ветке,Овощи,279,279,0,1,279
240219-308-3340,2024-02-19,доставлен,22:30:00,22:41:00,"Москва, Ленинский проспект, 78к1",Чай холодный Из Груши с лимоном,Напитки,129,109,20,2,218
240219-308-3340,2024-02-19,доставлен,22:30:00,22:41:00,"Москва, Ленинский проспект, 78к1",Доставка,Услуги Груши,79,79,0,1,79
240221-557-1646,2024-02-21,доставлен,08:20:00,08:47:00,"Москва, Ленинский проспект, 78к1","Кефир 3,2% Асеньевская ферма",База,119,119,0,1,119
240221-557-1646,2024-02-21,доставлен,08:20:00,08:47:00,"Москва, Ленинский проспект, 78к1",Цукини,Овощи,129,129,0,1,129
240221-557-1646,2024-02-21,доставлен,08:20:00,08:47:00,"Москва, Ленинский проспект, 78к1",Доставка,Услуги Груши,0,0,0,1,0
240223-775-7595,2024-02-23,доставлен,19:35:00,20:12:00,"Москва, Ленинский проспект, 78к1",Яйцо куриное СО Из Груши,База,179,179,0,1,179
240223-775-7595,2024-02-23,доставлен,19:35:00,20:12:00,"Москва, Ленинский проспект, 78к1","Масло сливочное 82,5% Вологодское Из Вологды",База,359,359,0,2,718
240223-775-7595,2024-02-23,доставлен,19:35:00,20:12:00,"Москва, Ленинский проспект, 78к1",Сырок глазированный Из Груши ванильный в бельгийском шоколаде,Сладости,169,169,0,1,169
240223-775-7595,2024-02-23,доставлен,19:35:00,20:12:00,"Москва, Ленинский проспект, 78к1",Доставка,Услуги Груши,0,0,0,1,0
240224-968-9154,2024-02-24,доставлен,08:22:00,08:36:00,"Москва, Ленинский проспект, 78к1",Пакеты для мусора 30 л Paclan,Товары для дома,169,169,0,1,169
240224-968-9154,2024-02-24,доставлен,08:22:00,08:36:00,"Москва, Ленинский проспект, 78к1",Мармелад жевательный Haribo Goldbaren,Сладости,149,149,0,3,447
240224-968-9154,2024-02-24,доставлен,08:22:00,08:36:00,"Москва, Ленинский проспект, 78к1",Стиральный порошок Persil автомат,Товары для дома,1290,1290,0,1,1290
240224-968-9154,2024-02-24,доставлен,08:22:00,08:36:00,"Москва, Ленинский проспект, 78к1",Суп с куриными фрикадельками и пастой Алфавит Азбука вкуса,Готовая еда,129,129,0,1,129
240224-968-9154,2024-02-24,доставлен,08:22:00,08:36:00,"Москва, Ленинский проспект, 78к1",Картофель молодой мытый,Овощи,89,89,0,1,89
240224-968-9154,2024-02-24,доставлен,08:22:00,08:36:00,"Москва, Ленинский проспект, 78к1",Филе куриное охлаждённое Из Груши,База,249,249,0,2,498
240224-968-9154,2024-02-24,доставлен,08:22:00,08:36:00,"Москва, Ленинский проспект, 78к1",Сок апельсиновый Из Груши прямой отжим,Напитки,409,409,0,1,409
240224-968-9154,2024-02-24,доставлен,08:22:00,08:36:00,"Москва, Ленинский проспект, 78к1",Салат Крабовый Азбука вкуса,Готовая еда,209,209,0,1,209
240224-968-9154,2024-02-24,доставлен,08:22:00,08:36:00,"Москва, Ленинский проспект, 78к1",Доставка,Услуги Груши,79,79,0,1,79
240224-916-3075,2024-02-24,доставлен,19:42:00,19:59:00,"Москва, Ленинский проспект, 78к1","Молоко 2,5% Асеньевская ферма пастеризованное",База,109,109,0,1,109
240224-916-3075,2024-02-24,доставлен,19:42:00,19:59:00,"Москва, Ленинский проспект, 78к1",Авокадо Хасс,Овощи,499,499,0,2,998
240224-916-3075,2024-02-24,доставлен,19:42:00,19:59:00,"Москва, Ленинский проспект, 78к1",Доставка,Услуги Груши,0,0,0,1,0
240224-916-3075,2024-02-24,доставлен,19:42:00,19:59:00,"Москва, Ленинский проспект, 78к1",Упаковка,Услуги Груши,15,15,0,1,15
240227-339-0903,2024-02-27,доставлен,09:46:00,09:58:00,"Москва, Ленинский проспект, 78к1",Вода Шишкин лес негазированная,Вода,49,39,10,1,39
240227-339-0903,2024-02-27,доставлен,09:46:00,09:58:00,"Москва, Ленинский проспект, 78к1","Масло сливочное 72,5% Из Груши",База,179,179,0,2,358
240227-339-0903,2024-02-27,доставлен,09:46:00,09:58:00,"Москва, Ленинский проспект, 78к1",Шоколад тёмный Люкс Бабаевский,Сладости,169,169,0,2,338
240227-339-0903,2024-02-27,доставлен,09:46:00,09:58:00,"Москва, Ленинский проспект, 78к1",Тыква Баттернат,Овощи,149,149,0,1,149
240227-339-0903,2024-02-27,доставлен,09:46:00,09:58:00,"Москва, Ленинский проспект, 78к1",Перчики черри Из Груши фаршированные сливочным сыром,Овощи,299,209,90,1,209
240227-339-0903,2024-02-27,доставлен,09:46:00,09:58:00,"Москва, Ленинский проспект, 78к1",Доставка,Услуги Груши,119,119,0,1,119
240301-707-1094,2024-03-01,доставлен,07:51:00,08:01:00,"Москва, Ленинский проспект, 78к1",Батарейки Energizer MAX AA,Товары для дома,219,219,0,1,219
240301-707-1094,2024-03-01,доставлен,07:51:00,08:01:00,"Москва, Ленинский проспект, 78к1",Губки для посуды Master Fresh,Товары для дома,69,69,0,1,69
240301-707-1094,2024-03-01,доставлен,07:51:00,08:01:00,"Москва, Ленинский проспект, 78к1",Гречка отварная с маслом Азбука вкуса,Готовая еда,179,179,0,1,179
240301-707-1094,2024-03-01,доставлен,07:51:00,08:01:00,"Москва, Ленинский проспект, 78к1",Вода Bonaqua негазированная,Вода,69,69,0,1,69
240301-707-1094,2024-03-01,доставлен,07:51:00,08:01:00,"Москва, Ленинский проспект, 78к1",Доставка,Услуги Груши,0,0,0,1,0
240301-031-6390,2024-03-01,доставлен,10:48:00,11:14:00,"Москва, Ленинский проспект, 78к1",Апельсины сладкие,Фрукты,299,299,0,1,299
240301-031-6390,2024-03-01,доставлен,10:48:00,11:14:00,"Москва, Ленинский проспект, 78к1",Лук репчатый,Овощи,39,39,0,1,39
240301-031-6390,2024-03-01,доставлен,10:48:00,11:14:00,"Москва, Ленинский проспект, 78к1","Гранат, Азербайджан",Фрукты,149,149,0,3,447
240301-031-6390,2024-03-01,доставлен,10:48:00,11:14:00,"Москва, Ленинский проспект, 78к1",Руккола Из Груши,Овощи,139,139,0,1,139
240301-031-6390,2024-03-01,доставлен,10:48:00,11:14:00,"Москва, Ленинский проспект, 78к1",Напиток энергетический Adrenaline Rush,Напитки,179,179,0,2,358
240301-031-6390,2024-03-01,доставлен,10:48:00,11:14:00,"Москва, Ленинский проспект, 78к1",Доставка,Услуги Груши,0,0,0,1,0
240301-366-6619,2024-03-01,доставлен,20:41:00,20:56:00,"Москва, Ленинский проспект, 78к1","Шоколад молочный Ritter Sport с ромом, изюмом и орехом",Сладости,159,159,0,1,159
240301-366-6619,2024-03-01,доставлен,20:41:00,20:56:00,"Москва, Ленинский проспект, 78к1",Вода минеральная лечебно-столовая Borjomi газированная,Вода,149,149,0,1,149
240301-366-6619,2024-03-01,доставлен,20:41:00,20:56:00,"Москва, Ленинский проспект, 78к1",Мюсли Matti банан и шоколад,База,149,149,0,1,149
240301-366-6619,2024-03-01,доставлен,20:41:00,20:56:00,"Москва, Ленинский проспект, 78к1",Напиток газированный Кола Добрый,Напитки,109,89,20,1,89
240301-366-6619,2024-03-01,доставлен,20:41:00,20:56:00,"Москва, Ленинский проспект, 78к1",Доставка,Услуги Груши,0,0,0,1,0
240302-826-1315,2024-03-02,доставлен,09:28:00,09:39:00,"Москва, Ленинский проспект, 78к1",Пирог с сыром и шпинатом Рамонти Пайз,Готовая еда,179,179,0,2,358
240302-826-1315,2024-03-02,доставлен,09:28:00,09:39:00,"Москва, Ленинский проспект, 78к1",Доставка,Услуги Груши,0,0,0,1,0
240305-194-4630,2024-03-05,доставлен,08:31:00,08:50:00,"Москва, Ленинский проспект, 78к1","Молоко 2,5% Асеньевская ферма пастеризованное",База,109,109,0,1,109
240305-194-4630,2024-03-05,доставлен,08:31:00,08:50:00,"Москва, Ленинский проспект, 78к1","Масло сливочное 82,5% Вологодское Из Вологды",База,359,359,0,2,718
240305-194-4630,2024-03-05,доставлен,08:31:00,08:50:00,"Москва, Ленинский проспект, 78к1",Апельсины,Фрукты,129,129,0,1,129
240305-194-4630,2024-03-05,доставлен,08:31:00,08:50:00,"Москва, Ленинский проспект, 78к1",Крекеры Tuc сыр,Снеки,119,119,0,1,119
240305-194-4630,2024-03-05,доставлен,08:31:00,08:50:00,"Москва, Ленинский проспект, 78к1","Масло сливочное 82,5% Вологодское",База,329,329,0,1,329
240305-194-4630,2024-03-05,доставлен,08:31:00,08:50:00,"Москва, Ленинский проспект, 78к1",Помидоры черри на ветке,Овощи,279,279,0,1,279
240305-194-4630,2024-03-05,доставлен,08:31:00,08:50:00,"Москва, Ленинский проспект, 78к1",Доставка,Услуги Груши,79,79,0,1,79
240305-194-4630,2024-03-05,доставлен,08:31:00,08:50:00,"Москва, Ленинский проспект, 78к1",Упаковка,Услуги Груши,15,15,0,1,15
240311-719-9886,2024-03-11,доставлен,07:00:00,07:06:00,"Москва, Ленинский проспект, 78к1","Кефир 3,2% Асеньевская ферма",База,119,119,0,1,119
240311-719-9886,2024-03-11,доставлен,07:00:00,07:06:00,"Москва, Ленинский проспект, 78к1",Вода Шишкин лес негазированная,Вода,49,49,0,1,49
240311-719-9886,2024-03-11,доставлен,07:00:00,07:06:00,"Москва, Ленинский проспект, 78к1",Доставка,Услуги Груши,99,99,0,1,99
240312-185-1678,2024-03-12,доставлен,07:57:00,08:39:00,"Москва, Ленинский проспект, 78к1",Яйцо куриное СО Из Груши,База,179,179,0,1,179
240312-185-1678,2024-03-12,доставлен,07:57:00,08:39:00,"Москва, Ленинский проспект, 78к1","Масло сливочное 72,5% Из Груши",База,179,139,40,1,139
240312-185-1678,2024-03-12,доставлен,07:57:00,08:39:00,"Москва, Ленинский проспект, 78к1",Голубика,Фрукты,259,259,0,1,259
240312-185-1678,2024-03-12,доставлен,07:57:00,08:39:00,"Москва, Ленинский проспект, 78к1",Доставка,Услуги Груши,0,0,0,1,0
240327-606-0417,2024-03-27,доставлен,10:30:00,10:58:00,"Москва, Ленинский проспект, 78к1","Кефир 3,2% Асеньевская ферма",База,119,119,0,1,119
240327-606-0417,2024-03-27,доставлен,10:30:00,10:58:00,"Москва, Ленинский проспект, 78к1",Вода Шишкин лес негазированная,Вода,49,49,0,1,49
240327-606-0417,2024-03-27,доставлен,10:30:00,10:58:00,"Москва, Ленинский проспект, 78к1",Яйцо куриное СО Из Груши,База,179,159,20,1,159
240327-606-0417,2024-03-27,доставлен,10:30:00,10:58:00,"Москва, Ленинский проспект, 78к1","Молоко 2,5% Асеньевская ферма пастеризованное",База,109,109,0,1,109
240327-606-0417,2024-03-27,доставлен,10:30:00,10:58:00,"Москва, Ленинский проспект, 78к1","Масло сливочное 82,5% Вологодское Из Вологды",База,359,359,0,1,359
240327-606-0417,2024-03-27,доставлен,10:30:00,10:58:00,"Москва, Ленинский проспект, 78к1","Масло сливочное 72,5% Из Груши",База,179,179,0,1,179
240327-606-0417,2024-03-27,доставлен,10:30:00,10:58:00,"Москва, Ленинский проспект, 78к1",Помидоры коктейльные сливовидные на ветке,Овощи,209,209,0,1,209
240327-606-0417,2024-03-27,доставлен,10:30:00,10:58:00,"Москва, Ленинский проспект, 78к1",Сметана 20% Из Груши,База,99,99,0,1,99
240327-606-0417,2024-03-27,доставлен,10:30:00,10:58:00,"Москва, Ленинский проспект, 78к1",Доставка,Услуги Груши,149,149,0,1,149
240331-262-1314,2024-03-31,доставлен,17:44:00,18:07:00,"Москва, Ленинский проспект, 78к1",Борщ с говядиной Азбука Вкуса,Готовая еда,569,569,0,1,569
240331-262-1314,2024-03-31,доставлен,17:44:00,18:07:00,"Москва, Ленинский проспект, 78к1",Помидоры Черри на ветке Сладкая ягода,Овощи,189,139,50,1,139
240331-262-1314,2024-03-31,доставлен,17:44:00,18:07:00,"Москва, Ленинский проспект, 78к1",Лук репчатый,Овощи,39,39,0,1,39
240331-262-1314,2024-03-31,доставлен,17:44:00,18:07:00,"Москва, Ленинский проспект, 78к1",Вода минеральная лечебно-столовая Borjomi газированная,Вода,149,149,0,1,149
240331-262-1314,2024-03-31,доставлен,17:44:00,18:07:00,"Москва, Ленинский проспект, 78к1",Доставка,Услуги Груши,79,79,0,1,79
240401-666-8821,2024-04-01,доставлен,18:34:00,19:08:00,"Москва, Ленинский проспект, 78к1",Макароны Fusilli Barilla №98,База,139,139,0,1,139
240401-666-8821,2024-04-01,доставлен,18:34:00,19:08:00,"Москва, Ленинский проспект, 78к1",Шоколад молочный Alpen Gold фундук-изюм,Сладости,119,119,0,1,119
240401-666-8821,2024-04-01,доставлен,18:34:00,19:08:00,"Москва, Ленинский проспект, 78к1",Доставка,Услуги Груши,0,0,0,1,0
240405-584-0981,2024-04-05,отменен,10:18:00,,"Москва, Ленинский проспект, 78к1","Молоко 2,5% Асеньевская ферма пастеризованное",База,109,89,20,1,89
240405-584-0981,2024-04-05,отменен,10:18:00,,"Москва, Ленинский проспект, 78к1",Спелые бананы,Фрукты,309,309,0,1,309
240405-584-0981,2024-04-05,отменен,10:18:00,,"Москва, Ленинский проспект, 78к1",Яйцо куриное СО Из Груши,База,179,179,0,1,179
240405-584-0981,2024-04-05,отменен,10:18:00,,"Москва, Ленинский проспект, 78к1",Лапша рисовая с креветками и овощами Азбука life,Готовая еда,649,649,0,1,649
240405-584-0981,2024-04-05,отменен,10:18:00,,"Москва, Ленинский проспект, 78к1",Огурцы короткоплодные,Овощи,89,89,0,2,178
240405-584-0981,2024-04-05,отменен,10:18:00,,"Москва, Ленинский проспект, 78к1",Помидоры черри на ветке,Овощи,279,279,0,1,279
240405-584-0981,2024-04-05,отменен,10:18:00,,"Москва, Ленинский проспект, 78к1",Напиток овсяный Nemoloko шоколадный,Напитки,49,49,0,1,49
240405-584-0981,2024-04-05,отменен,10:18:00,,"Москва, Ленинский проспект, 78к1",Блинчики с начинкой с манго и кокосовым кремом Азбука вкуса,Готовая еда,249,249,0,1,249
240405-584-0981,2024-04-05,отменен,10:18:00,,"Москва, Ленинский проспект, 78к1",Доставка,Услуги Груши,49,49,0,1,49
240412-076-4324,2024-04-12,доставлен,19:08:00,19:26:00,"Москва, Ленинский проспект, 78к1","Кефир 3,2% Асеньевская ферма",База,119,119,0,1,119
240412-076-4324,2024-04-12,доставлен,19:08:00,19:26:00,"Москва, Ленинский проспект, 78к1",Вода Шишкин лес негазированная,Вода,49,49,0,1,49
240412-076-4324,2024-04-12,доставлен,19:08:00,19:26:00,"Москва, Ленинский проспект, 78к1",Доставка,Услуги Груши,49,49,0,1,49
240412-076-4324,2024-04-12,доставлен,19:08:00,19:26:00,"Москва, Ленинский проспект, 78к1",Упаковка,Услуги Груши,15,15,0,1,15
240414-585-0349,2024-04-14,доставлен,09:31:00,10:21:00,"Москва, Ленинский проспект, 78к1",Яйцо куриное СО Из Груши,База,179,179,0,1,179
240414-585-0349,2024-04-14,доставлен,09:31:00,10:21:00,"Москва, Ленинский проспект, 78к1","Молоко 2,5% Асеньевская ферма пастеризованное",База,109,109,0,1,109
240414-585-0349,2024-04-14,доставлен,09:31:00,10:21:00,"Москва, Ленинский проспект, 78к1","Масло сливочное 82,5% Вологодское Из Вологды",База,359,279,80,2,558
240414-585-0349,2024-04-14,доставлен,09:31:00,10:21:00,"Москва, Ленинский проспект, 78к1","Масло сливочное 72,5% Из Груши",База,179,179,0,1,179
240414-585-0349,2024-04-14,доставлен,09:31:00,10:21:00,"Москва, Ленинский проспект, 78к1",Мёд луговой натуральный Антон Медов,База,299,299,0,1,299
240414-585-0349,2024-04-14,доставлен,09:31:00,10:21:00,"Москва, Ленинский проспект, 78к1",Сок апельсиновый Из Груши прямой отжим,Напитки,409,409,0,1,409
240414-585-0349,2024-04-14,доставлен,09:31:00,10:21:00,"Москва, Ленинский проспект, 78к1",Сэндвич с жареными шампиньонами и сыром Чеддер Mates,Готовая еда,319,319,0,1,319
240414-585-0349,2024-04-14,доставлен,09:31:00,10:21:00,"Москва, Ленинский проспект, 78к1",Помидоры черри Эко-культура круглые жёлтые на ветке,Овощи,219,219,0,1,219
240414-585-0349,2024-04-14,доставлен,09:31:00,10:21:00,"Москва, Ленинский проспект, 78к1",Сосиска в тесте Cook Chart Bakery,Готовая еда,119,119,0,1,119
240414-585-0349,2024-04-14,доставлен,09:31:00,10:21:00,"Москва, Ленинский проспект, 78к1","Напиток соевый Alpro Banana банановый 1,8%",Напитки,109,109,0,1,109
240414-585-0349,2024-04-14,доставлен,09:31:00,10:21:00,"Москва, Ленинский проспект, 78к1",Доставка,Услуги Груши,49,49,0,1,49
240420-563-9318,2024-04-20,доставлен,17:47:00,17:54:00,"Москва, Ленинский проспект, 78к1",Хлеб бездрожжевой Юбилейный Рижский хлеб в нарезке,База,159,159,0,1,159
240420-563-9318,2024-04-20,доставлен,17:47:00,17:54:00,"Москва, Ленинский проспект, 78к1",Доставка,Услуги Груши,49,49,0,1,49
240420-563-9318,2024-04-20,доставлен,17:47:00,17:54:00,"Москва, Ленинский проспект, 78к1",Упаковка,Услуги Груши,15,15,0,1,15
240420-223-6437,2024-04-20,доставлен,22:03:00,22:18:00,"Москва, Ленинский проспект, 78к1","Молоко цельное 3,4-6% Нашей дойки пастеризованное",База,109,109,0,1,109
240420-223-6437,2024-04-20,доставлен,22:03:00,22:18:00,"Москва, Ленинский проспект, 78к1",Манго спелое,Фрукты,1090,1090,0,1,1090
240420-223-6437,2024-04-20,доставлен,22:03:00,22:18:00,"Москва, Ленинский проспект, 78к1",Петрушка,Овощи,89,89,0,1,89
240420-223-6437,2024-04-20,доставлен,22:03:00,22:18:00,"Москва, Ленинский проспект, 78к1",Доставка,Услуги Груши,0,0,0,1,0
240420-223-6437,2024-04-20,доставлен,22:03:00,22:18:00,"Москва, Ленинский проспект, 78к1",Упаковка,Услуги Груши,15,15,0,1,15
240421-314-6383,2024-04-21,доставлен,07:51:00,08:08:00,"Москва, Ленинский проспект, 78к1",Тыква Баттернат,Овощи,149,149,0,1,149
240421-314-6383,2024-04-21,доставлен,07:51:00,08:08:00,"Москва, Ленинский проспект, 78к1",Доставка,Услуги Груши,79,79,0,1,79
240421-896-7430,2024-04-21,доставлен,09:07:00,09:15:00,"Москва, Ленинский проспект, 78к1",Помидоры черри на ветке,Овощи,279,279,0,2,558
240421-896-7430,2024-04-21,доставлен,09:07:00,09:15:00,"Москва, Ленинский проспект, 78к1","Помидоры Пинк Парадайз, Узбекистан",Овощи,769,769,0,2,1538
240421-896-7430,2024-04-21,доставлен,09:07:00,09:15:00,"Москва, Ленинский проспект, 78к1",Капуста Кейл,Овощи,69,69,0,2,138
240421-896-7430,2024-04-21,доставлен,09:07:00,09:15:00,"Москва, Ленинский проспект, 78к1",Маслины Охибланка Bonduelle с копчёным лососем,Овощи,219,219,0,1,219
240421-896-7430,2024-04-21,доставлен,09:07:00,09:15:00,"Москва, Ленинский проспект, 78к1",Доставка,Услуги Груши,0,0,0,1,0
240425-172-2886,2024-04-25,доставлен,11:08:00,11:37:00,"Москва, Ленинский проспект, 78к1",Вода Шишкин лес негазированная,Вода,49,49,0,1,49
240425-172-2886,2024-04-25,доставлен,11:08:00,11:37:00,"Москва, Ленинский проспект, 78к1","Молоко 2,5% Асеньевская ферма пастеризованное",База,109,109,0,1,109
240425-172-2886,2024-04-25,доставлен,11:08:00,11:37:00,"Москва, Ленинский проспект, 78к1","Масло сливочное 82,5% Вологодское Из Вологды",База,359,359,0,1,359
240425-172-2886,2024-04-25,доставлен,11:08:00,11:37:00,"Москва, Ленинский проспект, 78к1","Масло сливочное 72,5% Из Груши",База,179,159,20,1,159
240425-172-2886,2024-04-25,доставлен,11:08:00,11:37:00,"Москва, Ленинский проспект, 78к1",Доставка,Услуги Груши,0,0,0,1,0
240425-448-5395,2024-04-25,доставлен,19:27:00,19:35:00,"Москва, Ленинский проспект, 78к1",Шницель из курицы со спагетти и кетчупом Из Груши,Готовая еда,289,289,0,1,289
240425-448-5395,2024-04-25,доставлен,19:27:00,19:35:00,"Москва, Ленинский проспект, 78к1",Батончик Snickers лесной орех,Сладости,119,119,0,1,119
240425-448-5395,2024-04-25,доставлен,19:27:00,19:35:00,"Москва, Ленинский проспект, 78к1",Чипсы Lay's Из Печи Сметана и ароматные травы,Снеки,119,119,0,1,119
240425-448-5395,2024-04-25,доставлен,19:27:00,19:35:00,"Москва, Ленинский проспект, 78к1","Protein pot с яйцом, сыром фета и помидорами черри Азбука life",Готовая еда,249,249,0,2,498
240425-448-5395,2024-04-25,доставлен,19:27:00,19:35:00,"Москва, Ленинский проспект, 78к1",Печенье бисквитное Яшкино клубника,Сладости,209,209,0,1,209
240425-448-5395,2024-04-25,доставлен,19:27:00,19:35:00,"Москва, Ленинский проспект, 78к1",Батарейка GP Super Alkaline АA,Товары для дома,279,279,0,1,279
240425-448-5395,2024-04-25,доставлен,19:27:00,19:35:00,"Москва, Ленинский проспект, 78к1","Напиток овсяный Nemoloko 3,2% классический",Напитки,149,149,0,1,149
240425-448-5395,2024-04-25,доставлен,19:27:00,19:35:00,"Москва, Ленинский проспект, 78к1",Вода минеральная негазированная Из Груши природная питьевая,Вода,129,129,0,2,258
240425-448-5395,2024-04-25,доставлен,19:27:00,19:35:00,"Москва, Ленинский проспект, 78к1",Доставка,Услуги Груши,49,49,0,1,49
240502-017-3854,2024-05-02,доставлен,10:13:00,10:22:00,"Московская область, Одинцовский городской округ, СНТ Полянка, 14","Кефир 3,2% Асеньевская ферма",База,119,119,0,1,119
240502-017-3854,2024-05-02,доставлен,10:13:00,10:22:00,"Московская область, Одинцовский городской округ, СНТ Полянка, 14",Яйцо куриное СО Из Груши,База,179,179,0,1,179
240502-017-3854,2024-05-02,доставлен,10:13:00,10:22:00,"Московская область, Одинцовский городской округ, СНТ Полянка, 14",Баклажаны,Овощи,109,79,30,1,79
240502-017-3854,2024-05-02,доставлен,10:13:00,10:22:00,"Московская область, Одинцовский городской округ, СНТ Полянка, 14",Доставка,Услуги Груши,0,0,0,1,0
240505-643-9599,2024-05-05,доставлен,17:39:00,17:53:00,"Московская область, Одинцовский городской округ, СНТ Полянка, 14",Вода Шишкин лес негазированная,Вода,49,49,0,2,98
240505-643-9599,2024-05-05,доставлен,17:39:00,17:53:00,"Московская область, Одинцовский городской округ, СНТ Полянка, 14","Молоко 2,5% Асеньевская ферма пастеризованное",База,109,109,0,1,109
240505-643-9599,2024-05-05,доставлен,17:39:00,17:53:00,"Московская область, Одинцовский городской округ, СНТ Полянка, 14","Масло сливочное 72,5% Из Груши",База,179,179,0,1,179
240505-643-9599,2024-05-05,доставлен,17:39:00,17:53:00,"Московская область, Одинцовский городской округ, СНТ Полянка, 14",Грейпфрут крупный,Фрукты,229,229,0,1,229
240505-643-9599,2024-05-05,доставлен,17:39:00,17:53:00,"Московская область, Одинцовский городской округ, СНТ Полянка, 14",Помидоры черри на ветке,Овощи,279,279,0,1,279
240505-643-9599,2024-05-05,доставлен,17:39:00,17:53:00,"Московская область, Одинцовский городской округ, СНТ Полянка, 14","Лейкопластырь водоотталкивающий Dr.Safe универсальный бактерицидный 1,9х7,2 см",Товары для дома,109,109,0,1,109
240505-643-9599,2024-05-05,доставлен,17:39:00,17:53:00,"Московская область, Одинцовский городской округ, СНТ Полянка, 14",Вода минеральная Petroglyph негазированная,Вода,149,149,0,1,149
240505-643-9599,2024-05-05,доставлен,17:39:00,17:53:00,"Московская область, Одинцовский городской округ, СНТ Полянка, 14",Доставка,Услуги Груши,0,0,0,1,0
240508-341-3714,2024-05-08,доставлен,10:49:00,11:00:00,"Московская область, Одинцовский городской округ, СНТ Полянка, 14","Масло сливочное 82,5% Вологодское Из Вологды",База,359,359,0,1,359
240508-341-3714,2024-05-08,доставлен,10:49:00,11:00:00,"Московская область, Одинцовский городской округ, СНТ Полянка, 14",Руккола Из Груши,Овощи,139,139,0,2,278
240508-341-3714,2024-05-08,доставлен,10:49:00,11:00:00,"Московская область, Одинцовский городской округ, СНТ Полянка, 14",Голубика,Фрукты,259,259,0,1,259
240508-341-3714,2024-05-08,доставлен,10:49:00,11:00:00,"Московская область, Одинцовский городской округ, СНТ Полянка, 14",Вода минеральная Нарзан газированная,Вода,229,229,0,4,916
240508-341-3714,2024-05-08,доставлен,10:49:00,11:00:00,"Московская область, Одинцовский городской округ, СНТ Полянка, 14",Жареная на воке яичная лапша с креветками Ми Ксао Том Lao Lee,Готовая еда,449,449,0,1,449
240508-341-3714,2024-05-08,доставлен,10:49:00,11:00:00,"Московская область, Одинцовский городской округ, СНТ Полянка, 14",Доставка,Услуги Груши,0,0,0,1,0
240508-341-3714,2024-05-08,доставлен,10:49:00,11:00:00,"Московская область, Одинцовский городской округ, СНТ Полянка, 14",Упаковка,Услуги Груши,15,15,0,1,15
240510-544-9907,2024-05-10,доставлен,20:35:00,22:23:00,"Московская область, Одинцовский городской округ, СНТ Полянка, 14",Сыр Пармезан Из Груши тёртый 40%,База,289,249,40,1,249
240510-544-9907,2024-05-10,доставлен,20:35:00,22:23:00,"Московская область, Одинцовский городской округ, СНТ Полянка, 14",Доставка,Услуги Груши,0,0,0,1,0
240510-544-9907,2024-05-10,доставлен,20:35:00,22:23:00,"Московская область, Одинцовский городской округ, СНТ Полянка, 14",Упаковка,Услуги Груши,15,15,0,1,15
240514-010-4647,2024-05-14,доставлен,09:54:00,10:30:00,"Московская область, Одинцовский городской округ, СНТ Полянка, 14","Молоко 2,5% Асеньевская ферма пастеризованное",База,109,109,0,1,109
240514-010-4647,2024-05-14,доставлен,09:54:00,10:30:00,"Московская область, Одинцовский городской округ, СНТ Полянка, 14",Сыр Брынза Из Груши Сербская,База,199,169,30,1,169
240514-010-4647,2024-05-14,доставлен,09:54:00,10:30:00,"Московская область, Одинцовский городской округ, СНТ Полянка, 14",Клубника Из Груши,Фрукты,249,249,0,2,498
240514-010-4647,2024-05-14,доставлен,09:54:00,10:30:00,"Московская область, Одинцовский городской округ, СНТ Полянка, 14",Апельсины,Фрукты,129,129,0,2,258
240514-010-4647,2024-05-14,доставлен,09:54:00,10:30:00,"Московская область, Одинцовский городской округ, СНТ Полянка, 14",Сэндвич на круассане с индейкой и мандариновым соусом Eggsellent x Груша,Готовая еда,499,499,0,1,499
240514-010-4647,2024-05-14,доставлен,09:54:00,10:30:00,"Московская область, Одинцовский городской округ, СНТ Полянка, 14","Яблоки Богатырь Агроном-сад отборные, 4 шт.",Фрукты,219,219,0,1,219
240514-010-4647,2024-05-14,доставлен,09:54:00,10:30:00,"Московская область, Одинцовский городской округ, СНТ Полянка, 14",Доставка,Услуги Груши,0,0,0,1,0
240515-468-0706,2024-05-15,доставлен,10:37:00,11:10:00,"Московская область, Одинцовский городской округ, СНТ Полянка, 14",Морковь мытая,Овощи,69,69,0,1,69
240515-468-0706,2024-05-15,доставлен,10:37:00,11:10:00,"Московская область, Одинцовский городской округ, СНТ Полянка, 14",Филе куриное запечённое с помидорами и сыром Азбука Вкуса,Готовая еда,329,329,0,1,329
240515-468-0706,2024-05-15,доставлен,10:37:00,11:10:00,"Московская область, Одинцовский городской округ, СНТ Полянка, 14",Перчики черри Из Груши фаршированные сливочным сыром,Овощи,299,299,0,1,299
240515-468-0706,2024-05-15,доставлен,10:37:00,11:10:00,"Московская область, Одинцовский городской округ, СНТ Полянка, 14","Напиток соевый Alpro Banana банановый 1,8%",Напитки,109,109,0,1,109
240515-468-0706,2024-05-15,доставлен,10:37:00,11:10:00,"Московская область, Одинцовский городской округ, СНТ Полянка, 14",Мармелад жевательный Haribo Goldbaren,Сладости,149,149,0,1,149
240515-468-0706,2024-05-15,доставлен,10:37:00,11:10:00,"Московская область, Одинцовский городской округ, СНТ Полянка, 14","Напиток функциональный Actimuno натуральный 1,6%",Напитки,39,39,0,1,39
240515-468-0706,2024-05-15,доставлен,10:37:00,11:10:00,"Московская область, Одинцовский городской округ, СНТ Полянка, 14",Доставка,Услуги Груши,0,0,0,1,0
240515-468-0706,2024-05-15,доставлен,10:37:00,11:10:00,"Московская область, Одинцовский городской округ, СНТ Полянка, 14",Упаковка,Услуги Груши,15,15,0,1,15
240515-179-2268,2024-05-15,доставлен,11:02:00,11:25:00,"Московская область, Одинцовский городской округ, СНТ Полянка, 14",Вода Шишкин лес негазированная,Вода,49,49,0,4,196
240515-179-2268,2024-05-15,доставлен,11:02:00,11:25:00,"Московская область, Одинцовский городской округ, СНТ Полянка, 14",Яйцо куриное СО Из Груши,База,179,179,0,1,179
240515-179-2268,2024-05-15,доставлен,11:02:00,11:25:00,"Московская область, Одинцовский городской округ, СНТ Полянка, 14","Масло сливочное 72,5% Из Груши",База,179,179,0,1,179
240515-179-2268,2024-05-15,доставлен,11:02:00,11:25:00,"Московская область, Одинцовский городской округ, СНТ Полянка, 14",Напиток соевый Alpro банановый,Напитки,379,379,0,1,379
240515-179-2268,2024-05-15,доставлен,11:02:00,11:25:00,"Московская область, Одинцовский городской округ, СНТ Полянка, 14","Батончики шоколадные Kitkat с хрустящей вафлей, 5 х 29 г",Сладости,209,209,0,1,209
240515-179-2268,2024-05-15,доставлен,11:02:00,11:25:00,"Московская область, Одинцовский городской округ, СНТ Полянка, 14",Доставка,Услуги Груши,0,0,0,1,0
240522-268-8242,2024-05-22,доставлен,22:13:00,22:45:00,"Московская область, Одинцовский городской округ, СНТ Полянка, 14","Кефир 3,2% Асеньевская ферма",База,119,119,0,1,119
240522-268-8242,2024-05-22,доставлен,22:13:00,22:45:00,"Московская область, Одинцовский городской округ, СНТ Полянка, 14","Масло сливочное 82,5% Вологодское Из Вологды",База,359,359,0,2,718
240522-268-8242,2024-05-22,доставлен,22:13:00,22:45:00,"Московская область, Одинцовский городской округ, СНТ Полянка, 14",Доставка,Услуги Груши,0,0,0,1,0
240523-595-6944,2024-05-23,доставлен,16:57:00,17:14:00,"Московская область, Одинцовский городской округ, СНТ Полянка, 14","Молоко 2,5% Асеньевская ферма пастеризованное",База,109,109,0,1,109
240523-595-6944,2024-05-23,доставлен,16:57:00,17:14:00,"Московская область, Одинцовский городской округ, СНТ Полянка, 14",Батончики KitKat с хрустящей вафлей в молочном шоколаде,Сладости,339,339,0,1,339
240523-595-6944,2024-05-23,доставлен,16:57:00,17:14:00,"Московская область, Одинцовский городской округ, СНТ Полянка, 14",Батончик Бабаевский с помадно-сливочной начинкой,Сладости,89,89,0,3,267
240523-595-6944,2024-05-23,доставлен,16:57:00,17:14:00,"Московская область, Одинцовский городской округ, СНТ Полянка, 14",Зелёный горошек Из Груши быстрозамороженный,Овощи,159,159,0,1,159
240523-595-6944,2024-05-23,доставлен,16:57:00,17:14:00,"Московская область, Одинцовский городской округ, СНТ Полянка, 14",Сок апельсиновый Из Груши прямой отжим,Напитки,409,409,0,1,409
240523-595-6944,2024-05-23,доставлен,16:57:00,17:14:00,"Московская область, Одинцовский городской округ, СНТ Полянка, 14",Мёд луговой натуральный Антон Медов,База,299,299,0,1,299
240523-595-6944,2024-05-23,доставлен,16:57:00,17:14:00,"Московская область, Одинцовский городской округ, СНТ Полянка, 14",Доставка,Услуги Груши,0,0,0,1,0
240523-595-6944,2024-05-23,доставлен,16:57:00,17:14:00,"Московская область, Одинцовский городской округ, СНТ Полянка, 14",Упаковка,Услуги Груши,15,15,0,1,15
240525-022-6829,2024-05-25,доставлен,09:44:00,10:01:00,"Московская область, Одинцовский городской округ, СНТ Полянка, 14",Вода Шишкин лес негазированная,Вода,49,49,0,1,49
240525-022-6829,2024-05-25,доставлен,09:44:00,10:01:00,"Московская область, Одинцовский городской округ, СНТ Полянка, 14","Масло сливочное 72,5% Из Груши",База,179,179,0,1,179
240525-022-6829,2024-05-25,доставлен,09:44:00,10:01:00,"Московская область, Одинцовский городской округ, СНТ Полянка, 14",Средство для мытья посуды Fairy лимон,Товары для дома,279,279,0,1,279
240525-022-6829,2024-05-25,доставлен,09:44:00,10:01:00,"Московская область, Одинцовский городской округ, СНТ Полянка, 14",Салат Крабовый Азбука вкуса,Готовая еда,209,209,0,1,209
240525-022-6829,2024-05-25,доставлен,09:44:00,10:01:00,"Московская область, Одинцовский городской округ, СНТ Полянка, 14","Батончики шоколадные Kitkat с хрустящей вафлей, 5 х 29 г",Сладости,209,209,0,1,209
240525-022-6829,2024-05-25,доставлен,09:44:00,10:01:00,"Московская область, Одинцовский городской округ, СНТ Полянка, 14",Доставка,Услуги Груши,49,49,0,1,49
240527-568-7539,2024-05-27,доставлен,18:31:00,18:58:00,"Московская область, Одинцовский городской округ, СНТ Полянка, 14",Сухарики Три корочки бекон,Снеки,59,59,0,2,118
240527-568-7539,2024-05-27,доставлен,18:31:00,18:58:00,"Московская область, Одинцовский городской округ, СНТ Полянка, 14",Доставка,Услуги Груши,0,0,0,1,0
240528-259-4459,2024-05-28,доставлен,09:10:00,09:16:00,"Московская область, Одинцовский городской округ, СНТ Полянка, 14",Блинчики с курицей и грибами Азбука Вкуса,Готовая еда,239,199,40,1,199
240528-259-4459,2024-05-28,доставлен,09:10:00,09:16:00,"Московская область, Одинцовский городской округ, СНТ Полянка, 14",Черешня,Фрукты,89,89,0,1,89
240528-259-4459,2024-05-28,доставлен,09:10:00,09:16:00,"Московская область, Одинцовский городской округ, СНТ Полянка, 14",Сэндвич на круассане с лососем и муссом из шпината Из Груши,Готовая еда,319,319,0,1,319
240528-259-4459,2024-05-28,доставлен,09:10:00,09:16:00,"Московская область, Одинцовский городской округ, СНТ Полянка, 14",Салат Крабовый Азбука вкуса,Готовая еда,209,209,0,1,209
240528-259-4459,2024-05-28,доставлен,09:10:00,09:16:00,"Московская область, Одинцовский городской округ, СНТ Полянка, 14",Доставка,Услуги Груши,0,0,0,1,0
240528-298-6346,2024-05-28,доставлен,17:27:00,18:03:00,"Московская область, Одинцовский городской округ, СНТ Полянка, 14",Яйцо куриное СО Из Груши,База,179,179,0,1,179
240528-298-6346,2024-05-28,доставлен,17:27:00,18:03:00,"Московская область, Одинцовский городской округ, СНТ Полянка, 14",Мармелад жевательный Haribo Goldbaren,Сладости,149,149,0,1,149
240528-298-6346,2024-05-28,доставлен,17:27:00,18:03:00,"Московская область, Одинцовский городской округ, СНТ Полянка, 14",Доставка,Услуги Груши,0,0,0,1,0
240530-206-4894,2024-05-30,доставлен,11:12:00,11:31:00,"Московская область, Одинцовский городской округ, СНТ Полянка, 14",Спелые бананы,Фрукты,309,309,0,1,309
240530-206-4894,2024-05-30,доставлен,11:12:00,11:31:00,"Московская область, Одинцовский городской округ, СНТ Полянка, 14",Манго спелое,Фрукты,1090,1090,0,1,1090
240530-206-4894,2024-05-30,доставлен,11:12:00,11:31:00,"Московская область, Одинцовский городской округ, СНТ Полянка, 14",Лимонад Из Груши с соком груши и яблока,Напитки,149,149,0,2,298
240530-206-4894,2024-05-30,доставлен,11:12:00,11:31:00,"Московская область, Одинцовский городской округ, СНТ Полянка, 14",Помидоры коктейльные сливовидные на ветке,Овощи,209,209,0,1,209
240530-206-4894,2024-05-30,доставлен,11:12:00,11:31:00,"Московская область, Одинцовский городской округ, СНТ Полянка, 14",Доставка,Услуги Груши,0,0,0,1,0
240601-854-6112,2024-06-01,доставлен,08:49:00,09:05:00,"Московская область, Одинцовский городской округ, СНТ Полянка, 14","Молоко 2,5% Асеньевская ферма пастеризованное",База,109,109,0,1,109
240601-854-6112,2024-06-01,доставлен,08:49:00,09:05:00,"Московская область, Одинцовский городской округ, СНТ Полянка, 14",Орехи кешью жареные Из Груши,Снеки,399,399,0,1,399
240601-854-6112,2024-06-01,доставлен,08:49:00,09:05:00,"Московская область, Одинцовский городской округ, СНТ Полянка, 14",Шоколад тёмный Lindt Excellence с кусочками апельсина,Сладости,709,709,0,1,709
240601-854-6112,2024-06-01,доставлен,08:49:00,09:05:00,"Московская область, Одинцовский городской округ, СНТ Полянка, 14",Салат Крабовый Азбука вкуса,Готовая еда,209,209,0,1,209
240601-854-6112,2024-06-01,доставлен,08:49:00,09:05:00,"Московская область, Одинцовский городской округ, СНТ Полянка, 14","Шоколад молочный Ritter Sport с ромом, изюмом и орехом",Сладости,159,159,0,1,159
240601-854-6112,2024-06-01,доставлен,08:49:00,09:05:00,"Московская область, Одинцовский городской округ, СНТ Полянка, 14",Йогурт греческий Teos Савушкин натуральный 2%,База,39,39,0,1,39
240601-854-6112,2024-06-01,доставлен,08:49:00,09:05:00,"Московская область, Одинцовский городской округ, СНТ Полянка, 14",Попкорн Holy Corn морская соль,Снеки,189,189,0,1,189
240601-854-6112,2024-06-01,доставлен,08:49:00,09:05:00,"Московская область, Одинцовский городской округ, СНТ Полянка, 14","Напиток функциональный Actimuno гранат 1,5%",Напитки,49,49,0,1,49
240601-854-6112,2024-06-01,доставлен,08:49:00,09:05:00,"Московская область, Одинцовский городской округ, СНТ Полянка, 14",Доставка,Услуги Груши,0,0,0,1,0
240604-850-1587,2024-06-04,доставлен,08:32:00,08:46:00,"Московская область, Одинцовский городской округ, СНТ Полянка, 14",Вода Шишкин лес негазированная,Вода,49,49,0,1,49
240604-850-1587,2024-06-04,доставлен,08:32:00,08:46:00,"Московская область, Одинцовский городской округ, СНТ Полянка, 14","Масло сливочное 82,5% Вологодское Из Вологды",База,359,359,0,2,718
240604-850-1587,2024-06-04,доставлен,08:32:00,08:46:00,"Московская область, Одинцовский городской округ, СНТ Полянка, 14","Масло сливочное 72,5% Из Груши",База,179,139,40,1,139
240604-850-1587,2024-06-04,доставлен,08:32:00,08:46:00,"Московская область, Одинцовский городской округ, СНТ Полянка, 14",Хурма Королёк,Фрукты,339,339,0,1,339
240604-850-1587,2024-06-04,доставлен,08:32:00,08:46:00,"Московская область, Одинцовский городской округ, СНТ Полянка, 14","Помидоры розовые Бычье сердце, Азербайджан",Овощи,229,229,0,1,229
240604-850-1587,2024-06-04,доставлен,08:32:00,08:46:00,"Московская область, Одинцовский городской округ, СНТ Полянка, 14",Пельмени Домашние Из Груши,База,199,199,0,1,199
240604-850-1587,2024-06-04,доставлен,08:32:00,08:46:00,"Московская область, Одинцовский городской округ, СНТ Полянка, 14",Доставка,Услуги Груши,0,0,0,1,0
240604-850-1587,2024-06-04,доставлен,08:32:00,08:46:00,"Московская область, Одинцовский городской округ, СНТ Полянка, 14",Упаковка,Услуги Груши,15,15,0,1,15
240606-742-6904,2024-06-06,доставлен,08:47:00,09:04:00,"Московская область, Одинцовский городской округ, СНТ Полянка, 14","Кефир 3,2% Асеньевская ферма",База,119,119,0,1,119
240606-742-6904,2024-06-06,доставлен,08:47:00,09:04:00,"Московская область, Одинцовский городской округ, СНТ Полянка, 14",Авокадо Хасс Puro Gusto Ready to eat,Овощи,69,69,0,2,138
240606-742-6904,2024-06-06,доставлен,08:47:00,09:04:00,"Московская область, Одинцовский городской округ, СНТ Полянка, 14",Хурма Королёк,Фрукты,339,339,0,1,339
240606-742-6904,2024-06-06,доставлен,08:47:00,09:04:00,"Московская область, Одинцовский городской округ, СНТ Полянка, 14",Спелые бананы,Фрукты,309,309,0,1,309
240606-742-6904,2024-06-06,доставлен,08:47:00,09:04:00,"Московская область, Одинцовский городской округ, СНТ Полянка, 14",Доставка,Услуги Груши,49,49,0,1,49
240606-742-6904,2024-06-06,доставлен,08:47:00,09:04:00,"Московская область, Одинцовский городской округ, СНТ Полянка, 14",Упаковка,Услуги Груши,15,15,0,1,15
240606-033-9177,2024-06-06,доставлен,09:48:00,10:04:00,"Московская область, Одинцовский городской округ, СНТ Полянка, 14",Яблоки Гала,Фрукты,59,59,0,1,59
240606-033-9177,2024-06-06,доставлен,09:48:00,10:04:00,"Московская область, Одинцовский городской округ, СНТ Полянка, 14",Манго спелое,Фрукты,1090,1090,0,1,1090
240606-033-9177,2024-06-06,доставлен,09:48:00,10:04:00,"Московская область, Одинцовский городской округ, СНТ Полянка, 14",Арбуз,Фрукты,279,279,0,3,837
240606-033-9177,2024-06-06,доставлен,09:48:00,10:04:00,"Московская область, Одинцовский городской округ, СНТ Полянка, 14",Апельсины сладкие,Фрукты,299,299,0,1,299
240606-033-9177,2024-06-06,доставлен,09:48:00,10:04:00,"Московская область, Одинцовский городской округ, СНТ Полянка, 14",Батарейки алкалиновые GP Ultra Alkaline ААА,Товары для дома,219,219,0,1,219
240606-033-9177,2024-06-06,доставлен,09:48:00,10:04:00,"Московская область, Одинцовский городской округ, СНТ Полянка, 14",Доставка,Услуги Груши,0,0,0,1,0
240606-173-9300,2024-06-06,доставлен,11:25:00,12:06:00,"Московская область, Одинцовский городской округ, СНТ Полянка, 14",Лимон,Фрукты,29,29,0,1,29
240606-173-9300,2024-06-06,доставлен,11:25:00,12:06:00,"Московская область, Одинцовский городской округ, СНТ Полянка, 14",Чипсы Lay's сметана и лук рифлёные,Снеки,209,209,0,2,418
240606-173-9300,2024-06-06,доставлен,11:25:00,12:06:00,"Московская область, Одинцовский городской округ, СНТ Полянка, 14",Голубика,Фрукты,259,259,0,1,259
240606-173-9300,2024-06-06,доставлен,11:25:00,12:06:00,"Московская область, Одинцовский городской округ, СНТ Полянка, 14",Яблоки Криппс Пинк Собрано в саду 4 шт.,Фрукты,129,129,0,1,129
240606-173-9300,2024-06-06,доставлен,11:25:00,12:06:00,"Московская область, Одинцовский городской округ, СНТ Полянка, 14",Доставка,Услуги Груши,499,499,0,1,499
240609-012-7762,2024-06-09,доставлен,09:50:00,10:05:00,"Московская область, Одинцовский городской округ, СНТ Полянка, 14",Батончик шоколадный Snickers Crisper,Сладости,69,69,0,1,69
240609-012-7762,2024-06-09,доставлен,09:50:00,10:05:00,"Московская область, Одинцовский городской округ, СНТ Полянка, 14",Кето-курица с начинкой из брокколи и шпината с запечёнными овощами Грабли,Готовая еда,609,609,0,1,609
240609-012-7762,2024-06-09,доставлен,09:50:00,10:05:00,"Московская область, Одинцовский городской округ, СНТ Полянка, 14",Грейпфрут,Фрукты,99,99,0,2,198
240609-012-7762,2024-06-09,доставлен,09:50:00,10:05:00,"Московская область, Одинцовский городской округ, СНТ Полянка, 14",Яйцо куриное С1 Из Груши,База,99,99,0,1,99
240609-012-7762,2024-06-09,доставлен,09:50:00,10:05:00,"Московская область, Одинцовский городской округ, СНТ Полянка, 14",Вода минеральная лечебно-столовая Borjomi газированная,Вода,149,149,0,1,149
240609-012-7762,2024-06-09,доставлен,09:50:00,10:05:00,"Московская область, Одинцовский городской округ, СНТ Полянка, 14",Батончик Snickers лесной орех,Сладости,119,119,0,1,119
240609-012-7762,2024-06-09,доставлен,09:50:00,10:05:00,"Московская область, Одинцовский городской округ, СНТ Полянка, 14",Доставка,Услуги Груши,99,99,0,1,99
240611-539-5013,2024-06-11,доставлен,21:06:00,21:19:00,"Московская область, Одинцовский городской округ, СНТ Полянка, 14",Яйцо куриное СО Из Груши,База,179,179,0,1,179
240611-539-5013,2024-06-11,доставлен,21:06:00,21:19:00,"Московская область, Одинцовский городской округ, СНТ Полянка, 14","Молоко 2,5% Асеньевская ферма пастеризованное",База,109,109,0,2,218
240611-539-5013,2024-06-11,доставлен,21:06:00,21:19:00,"Московская область, Одинцовский городской округ, СНТ Полянка, 14",Черешня Бычье сердце,Фрукты,1190,1190,0,1,1190
240611-539-5013,2024-06-11,доставлен,21:06:00,21:19:00,"Московская область, Одинцовский городской округ, СНТ Полянка, 14",Салат Крабовый Азбука вкуса,Готовая еда,209,209,0,1,209
240611-539-5013,2024-06-11,доставлен,21:06:00,21:19:00,"Московская область, Одинцовский городской округ, СНТ Полянка, 14",Мандарины Абхазия,Фрукты,329,329,0,1,329
240611-539-5013,2024-06-11,доставлен,21:06:00,21:19:00,"Московская область, Одинцовский городской округ, СНТ Полянка, 14",Грейпфрут,Фрукты,99,99,0,1,99
240611-539-5013,2024-06-11,доставлен,21:06:00,21:19:00,"Московская область, Одинцовский городской округ, СНТ Полянка, 14",Доставка,Услуги Груши,0,0,0,1,0
240614-666-4696,2024-06-14,доставлен,22:35:00,23:40:00,"Московская область, Одинцовский городской округ, СНТ Полянка, 14",Вода Шишкин лес негазированная,Вода,49,49,0,1,49
240614-666-4696,2024-06-14,доставлен,22:35:00,23:40:00,"Московская область, Одинцовский городской округ, СНТ Полянка, 14","Масло сливочное 72,5% Из Груши",База,179,179,0,1,179
240614-666-4696,2024-06-14,доставлен,22:35:00,23:40:00,"Московская область, Одинцовский городской округ, СНТ Полянка, 14",Огурцы колючие ТСХ,Овощи,89,89,0,1,89
240614-666-4696,2024-06-14,доставлен,22:35:00,23:40:00,"Московская область, Одинцовский городской округ, СНТ Полянка, 14",Лимонад Из Груши с соком груши и яблока,Напитки,149,149,0,1,149
240614-666-4696,2024-06-14,доставлен,22:35:00,23:40:00,"Московская область, Одинцовский городской округ, СНТ Полянка, 14",Чипсы Lay's Из Печи Сметана и ароматные травы,Снеки,119,119,0,1,119
240614-666-4696,2024-06-14,доставлен,22:35:00,23:40:00,"Московская область, Одинцовский городской округ, СНТ Полянка, 14",Сахар песок Из Груши,База,109,109,0,2,218
240614-666-4696,2024-06-14,доставлен,22:35:00,23:40:00,"Московская область, Одинцовский городской округ, СНТ Полянка, 14",Попкорн Holy Corn морская соль,Снеки,189,189,0,1,189
240614-666-4696,2024-06-14,доставлен,22:35:00,23:40:00,"Московская область, Одинцовский городской округ, СНТ Полянка, 14",Доставка,Услуги Груши,49,49,0,1,49
240614-666-4696,2024-06-14,доставлен,22:35:00,23:40:00,"Московская область, Одинцовский городской округ, СНТ Полянка, 14",Упаковка,Услуги Груши,15,15,0,1,15
240618-327-8767,2024-06-18,доставлен,08:40:00,09:00:00,"Московская область, Одинцовский городской округ, СНТ Полянка, 14","Масло сливочное 82,5% Вологодское Из Вологды",База,359,359,0,1,359
240618-327-8767,2024-06-18,доставлен,08:40:00,09:00:00,"Московская область, Одинцовский городской округ, СНТ Полянка, 14",Кофе холодный латте Из Груши,Напитки,189,189,0,1,189
240618-327-8767,2024-06-18,доставлен,08:40:00,09:00:00,"Московская область, Одинцовский городской округ, СНТ Полянка, 14",Картофель молодой мытый,Овощи,89,69,20,1,69
240618-327-8767,2024-06-18,доставлен,08:40:00,09:00:00,"Московская область, Одинцовский городской округ, СНТ Полянка, 14","Напиток овсяный Nemoloko 3,2% классический",Напитки,149,149,0,1,149
240618-327-8767,2024-06-18,доставлен,08:40:00,09:00:00,"Московская область, Одинцовский городской округ, СНТ Полянка, 14",Зелёный горошек Из Груши быстрозамороженный,Овощи,159,159,0,1,159
240618-327-8767,2024-06-18,доставлен,08:40:00,09:00:00,"Московская область, Одинцовский городской округ, СНТ Полянка, 14",Доставка,Услуги Груши,119,119,0,1,119
240619-969-0416,2024-06-19,доставлен,08:03:00,08:28:00,"Московская область, Одинцовский городской округ, СНТ Полянка, 14",Мороженое молочное Bounty,Сладости,619,619,0,1,619
240619-969-0416,2024-06-19,доставлен,08:03:00,08:28:00,"Московская область, Одинцовский городской округ, СНТ Полянка, 14",Печенье Яшкино апельсин,Сладости,89,89,0,1,89
240619-969-0416,2024-06-19,доставлен,08:03:00,08:28:00,"Московская область, Одинцовский городской округ, СНТ Полянка, 14",Печенье Творожные ушки Братья Караваевы,Сладости,459,459,0,3,1377
240619-969-0416,2024-06-19,доставлен,08:03:00,08:28:00,"Московская область, Одинцовский городской округ, СНТ Полянка, 14",Перец красный,Овощи,179,179,0,1,179
240619-969-0416,2024-06-19,доставлен,08:03:00,08:28:00,"Московская область, Одинцовский городской округ, СНТ Полянка, 14",Груша Конференция,Фрукты,289,289,0,1,289
240619-969-0416,2024-06-19,доставлен,08:03:00,08:28:00,"Московская область, Одинцовский городской округ, СНТ Полянка, 14",Суп том-ям с креветками Азбука Вкуса,Готовая еда,389,389,0,1,389
240619-969-0416,2024-06-19,доставлен,08:03:00,08:28:00,"Московская область, Одинцовский городской округ, СНТ Полянка, 14","Молоко цельное 3,4-6% Нашей дойки пастеризованное",База,109,109,0,1,109
240619-969-0416,2024-06-19,доставлен,08:03:00,08:28:00,"Московская область, Одинцовский городской округ, СНТ Полянка, 14",Помидоры черри на ветке,Овощи,279,279,0,2,558
240619-969-0416,2024-06-19,доставлен,08:03:00,08:28:00,"Московская область, Одинцовский городской округ, СНТ Полянка, 14",Доставка,Услуги Груши,0,0,0,1,0
240620-772-0084,2024-06-20,доставлен,08:56:00,09:02:00,"Московская область, Одинцовский городской округ, СНТ Полянка, 14","Кефир 3,2% Асеньевская ферма",База,119,119,0,1,119
240620-772-0084,2024-06-20,доставлен,08:56:00,09:02:00,"Московская область, Одинцовский городской округ, СНТ Полянка, 14","Молоко 2,5% Асеньевская ферма пастеризованное",База,109,109,0,1,109
240620-772-0084,2024-06-20,доставлен,08:56:00,09:02:00,"Московская область, Одинцовский городской округ, СНТ Полянка, 14",Спелые бананы,Фрукты,309,309,0,1,309
240620-772-0084,2024-06-20,доставлен,08:56:00,09:02:00,"Московская область, Одинцовский городской округ, СНТ Полянка, 14",Сэндвич с ростбифом The Truffle,Готовая еда,309,309,0,1,309
240620-772-0084,2024-06-20,доставлен,08:56:00,09:02:00,"Московская область, Одинцовский городской округ, СНТ Полянка, 14",Доставка,Услуги Груши,79,79,0,1,79
240620-772-0084,2024-06-20,доставлен,08:56:00,09:02:00,"Московская область, Одинцовский городской округ, СНТ Полянка, 14",Упаковка,Услуги Груши,15,15,0,1,15
240622-680-2694,2024-06-22,доставлен,21:00:00,21:14:00,"Московская область, Одинцовский городской округ, СНТ Полянка, 14",Шоколад молочный Schogetten с фундуком,Сладости,119,119,0,1,119
240622-680-2694,2024-06-22,доставлен,21:00:00,21:14:00,"Московская область, Одинцовский городской округ, СНТ Полянка, 14",Вода Калинов родник негазированная,Вода,409,409,0,1,409
240622-680-2694,2024-06-22,доставлен,21:00:00,21:14:00,"Московская область, Одинцовский городской округ, СНТ Полянка, 14",Чипсы креветочные Nongshim острые,Снеки,179,149,30,1,149
240622-680-2694,2024-06-22,доставлен,21:00:00,21:14:00,"Московская область, Одинцовский городской округ, СНТ Полянка, 14",Арбуз,Фрукты,279,279,0,1,279
240622-680-2694,2024-06-22,доставлен,21:00:00,21:14:00,"Московская область, Одинцовский городской округ, СНТ Полянка, 14",Макароны Girandole Barilla №34,База,139,139,0,1,139
240622-680-2694,2024-06-22,доставлен,21:00:00,21:14:00,"Московская область, Одинцовский городской округ, СНТ Полянка, 14","Молоко 3,2% Из Груши",База,99,99,0,1,99
240622-680-2694,2024-06-22,доставлен,21:00:00,21:14:00,"Московская область, Одинцовский городской округ, СНТ Полянка, 14",Грейпфрут,Фрукты,99,99,0,1,99
240622-680-2694,2024-06-22,доставлен,21:00:00,21:14:00,"Московская область, Одинцовский городской округ, СНТ Полянка, 14",Доставка,Услуги Груши,99,99,0,1,99
240622-680-2694,2024-06-22,доставлен,21:00:00,21:14:00,"Московская область, Одинцовский городской округ, СНТ Полянка, 14",Упаковка,Услуги Груши,15,15,0,1,15
240623-530-6874,2024-06-23,доставлен,20:07:00,20:38:00,"Московская область, Одинцовский городской округ, СНТ Полянка, 14",Рис Басмати отварной Азбука Вкуса,Готовая еда,149,149,0,1,149
240623-530-6874,2024-06-23,доставлен,20:07:00,20:38:00,"Московская область, Одинцовский городской округ, СНТ Полянка, 14",Попкорн для СВЧ Из Груши с сыром,Снеки,59,59,0,2,118
240623-530-6874,2024-06-23,доставлен,20:07:00,20:38:00,"Московская область, Одинцовский городской округ, СНТ Полянка, 14",Голубика Артфрут,Фрукты,379,379,0,1,379
240623-530-6874,2024-06-23,доставлен,20:07:00,20:38:00,"Московская область, Одинцовский городской округ, СНТ Полянка, 14",Термометр электронный Omron,Аптека,939,939,0,1,939
240623-530-6874,2024-06-23,доставлен,20:07:00,20:38:00,"Московская область, Одинцовский городской округ, СНТ Полянка, 14",Доставка,Услуги Груши,0,0,0,1,0
240627-309-6230,2024-06-27,доставлен,18:47:00,19:13:00,"Московская область, Одинцовский городской округ, СНТ Полянка, 14",Вода Шишкин лес негазированная,Вода,49,49,0,1,49
240627-309-6230,2024-06-27,доставлен,18:47:00,19:13:00,"Московская область, Одинцовский городской округ, СНТ Полянка, 14",Яйцо куриное СО Из Груши,База,179,179,0,1,179
240627-309-6230,2024-06-27,доставлен,18:47:00,19:13:00,"Московская область, Одинцовский городской округ, СНТ Полянка, 14","Масло сливочное 72,5% Из Груши",База,179,179,0,2,358
240627-309-6230,2024-06-27,доставлен,18:47:00,19:13:00,"Московская область, Одинцовский городской округ, СНТ Полянка, 14",Малина Из Груши,Фрукты,749,629,120,1,629
240627-309-6230,2024-06-27,доставлен,18:47:00,19:13:00,"Московская область, Одинцовский городской округ, СНТ Полянка, 14",Баклажаны,Овощи,109,109,0,1,109
240627-309-6230,2024-06-27,доставлен,18:47:00,19:13:00,"Московская область, Одинцовский городской округ, СНТ Полянка, 14",Доставка,Услуги Груши,119,119,0,1,119
240629-647-3598,2024-06-29,доставлен,10:06:00,10:47:00,"Московская область, Одинцовский городской округ, СНТ Полянка, 14","Молоко 2,5% Асеньевская ферма пастеризованное",База,109,109,0,2,218
240629-647-3598,2024-06-29,доставлен,10:06:00,10:47:00,"Московская область, Одинцовский городской округ, СНТ Полянка, 14","Масло сливочное 82,5% Вологодское Из Вологды",База,359,359,0,1,359
240629-647-3598,2024-06-29,доставлен,10:06:00,10:47:00,"Московская область, Одинцовский городской округ, СНТ Полянка, 14",Помидоры черри на ветке,Овощи,279,279,0,1,279
240629-647-3598,2024-06-29,доставлен,10:06:00,10:47:00,"Московская область, Одинцовский городской округ, СНТ Полянка, 14",Доставка,Услуги Груши,49,49,0,1,49
240629-647-3598,2024-06-29,доставлен,10:06:00,10:47:00,"Московская область, Одинцовский городской округ, СНТ Полянка, 14",Упаковка,Услуги Груши,15,15,0,1,15
240709-618-3028,2024-07-09,доставлен,19:24:00,19:35:00,"Московская область, Одинцовский городской округ, СНТ Полянка, 14","Кефир 3,2% Асеньевская ферма",База,119,119,0,1,119
240709-618-3028,2024-07-09,доставлен,19:24:00,19:35:00,"Московская область, Одинцовский городской округ, СНТ Полянка, 14",Вода Шишкин лес негазированная,Вода,49,49,0,1,49
240709-618-3028,2024-07-09,доставлен,19:24:00,19:35:00,"Московская область, Одинцовский городской округ, СНТ Полянка, 14","Молоко 2,5% Асеньевская ферма пастеризованное",База,109,109,0,1,109
240709-618-3028,2024-07-09,доставлен,19:24:00,19:35:00,"Московская область, Одинцовский городской округ, СНТ Полянка, 14","Масло сливочное 72,5% Из Груши",База,179,179,0,1,179
240709-618-3028,2024-07-09,доставлен,19:24:00,19:35:00,"Московская область, Одинцовский городской округ, СНТ Полянка, 14",Доставка,Услуги Груши,0,0,0,1,0
240711-171-0728,2024-07-11,доставлен,11:23:00,11:35:00,"Московская область, Одинцовский городской округ, СНТ Полянка, 14",Яйцо куриное СО Из Груши,База,179,179,0,1,179
240711-171-0728,2024-07-11,доставлен,11:23:00,11:35:00,"Московская область, Одинцовский городской округ, СНТ Полянка, 14","Масло сливочное 82,5% Вологодское Из Вологды",База,359,359,0,1,359
240711-171-0728,2024-07-11,доставлен,11:23:00,11:35:00,"Московская область, Одинцовский городской округ, СНТ Полянка, 14",Голубика,Фрукты,259,259,0,3,777
240711-171-0728,2024-07-11,доставлен,11:23:00,11:35:00,"Московская область, Одинцовский городской округ, СНТ Полянка, 14",Клубника Из Груши,Фрукты,249,249,0,1,249
240711-171-0728,2024-07-11,доставлен,11:23:00,11:35:00,"Московская область, Одинцовский городской округ, СНТ Полянка, 14",Доставка,Услуги Груши,0,0,0,1,0
240711-171-0728,2024-07-11,доставлен,11:23:00,11:35:00,"Московская область, Одинцовский городской округ, СНТ Полянка, 14",Упаковка,Услуги Груши,15,15,0,1,15
240719-967-3508,2024-07-19,доставлен,09:57:00,10:26:00,"Московская область, Одинцовский городской округ, СНТ Полянка, 14",Вода Шишкин лес негазированная,Вода,49,49,0,1,49
240719-967-3508,2024-07-19,доставлен,09:57:00,10:26:00,"Московская область, Одинцовский городской округ, СНТ Полянка, 14","Молоко 2,5% Асеньевская ферма пастеризованное",База,109,79,30,2,158
240719-967-3508,2024-07-19,доставлен,09:57:00,10:26:00,"Московская область, Одинцовский городской округ, СНТ Полянка, 14","Масло сливочное 72,5% Из Груши",База,179,179,0,1,179
240719-967-3508,2024-07-19,доставлен,09:57:00,10:26:00,"Московская область, Одинцовский городской округ, СНТ Полянка, 14",Салат Оливье Азбука Вкуса,Готовая еда,329,329,0,1,329
240719-967-3508,2024-07-19,доставлен,09:57:00,10:26:00,"Московская область, Одинцовский городской округ, СНТ Полянка, 14",Доставка,Услуги Груши,119,119,0,1,119
240720-442-1234,2024-07-20,доставлен,09:22:00,10:53:00,"Московская область, Одинцовский городской округ, СНТ Полянка, 14",Шоколад тёмный Люкс Бабаевский,Сладости,169,169,0,1,169
240720-442-1234,2024-07-20,доставлен,09:22:00,10:53:00,"Московская область, Одинцовский городской округ, СНТ Полянка, 14",Батончик шоколадный Cadbury Wispa,Сладости,79,69,10,1,69
240720-442-1234,2024-07-20,доставлен,09:22:00,10:53:00,"Московская область, Одинцовский городской округ, СНТ Полянка, 14",Сэндвич с индейкой и моцареллой Из Груши,Готовая еда,259,259,0,1,259
240720-442-1234,2024-07-20,доставлен,09:22:00,10:53:00,"Московская область, Одинцовский городской округ, СНТ Полянка, 14",Доставка,Услуги Груши,0,0,0,1,0
240720-445-4161,2024-07-20,доставлен,21:02:00,21:15:00,"Московская область, Одинцовский городской округ, СНТ Полянка, 14",Вода минеральная Новотерская лечебно-столовая газированная,Вода,149,149,0,1,149
240720-445-4161,2024-07-20,доставлен,21:02:00,21:15:00,"Московская область, Одинцовский городской округ, СНТ Полянка, 14",Рулет меренговый с малиной и масляным кремом,Сладости,349,349,0,1,349
240720-445-4161,2024-07-20,доставлен,21:02:00,21:15:00,"Московская область, Одинцовский городской округ, СНТ Полянка, 14",Спелые бананы,Фрукты,309,309,0,1,309
240720-445-4161,2024-07-20,доставлен,21:02:00,21:15:00,"Московская область, Одинцовский городской округ, СНТ Полянка, 14",Печенье Творожные ушки Братья Караваевы,Сладости,459,459,0,1,459
240720-445-4161,2024-07-20,доставлен,21:02:00,21:15:00,"Московская область, Одинцовский городской округ, СНТ Полянка, 14",Голубика,Фрукты,259,259,0,1,259
240720-445-4161,2024-07-20,доставлен,21:02:00,21:15:00,"Московская область, Одинцовский городской округ, СНТ Полянка, 14",Доставка,Услуги Груши,0,0,0,1,0
240722-472-2320,2024-07-22,доставлен,09:23:00,09:55:00,"Московская область, Одинцовский городской округ, СНТ Полянка, 14","Масло сливочное 82,5% Вологодское Из Вологды",База,359,359,0,1,359
240722-472-2320,2024-07-22,доставлен,09:23:00,09:55:00,"Московская область, Одинцовский городской округ, СНТ Полянка, 14",Кабачки,Овощи,129,129,0,1,129
240722-472-2320,2024-07-22,доставлен,09:23:00,09:55:00,"Московская область, Одинцовский городской округ, СНТ Полянка, 14",Картофель молодой мытый,Овощи,89,89,0,2,178
240722-472-2320,2024-07-22,доставлен,09:23:00,09:55:00,"Московская область, Одинцовский городской округ, СНТ Полянка, 14",Лимонад Из Груши с соком грейпфрута,Напитки,169,169,0,1,169
240722-472-2320,2024-07-22,доставлен,09:23:00,09:55:00,"Московская область, Одинцовский городской округ, СНТ Полянка, 14",Лук-порей,Овощи,319,319,0,1,319
240722-472-2320,2024-07-22,доставлен,09:23:00,09:55:00,"Московская область, Одинцовский городской округ, СНТ Полянка, 14",Доставка,Услуги Груши,49,49,0,1,49
240723-748-9620,2024-07-23,доставлен,11:32:00,11:59:00,"Московская область, Одинцовский городской округ, СНТ Полянка, 14","Кефир 3,2% Асеньевская ферма",База,119,119,0,1,119
240723-748-9620,2024-07-23,доставлен,11:32:00,11:59:00,"Московская область, Одинцовский городской округ, СНТ Полянка, 14",Шаурма с курицей Из Груши,Готовая еда,569,569,0,1,569
240723-748-9620,2024-07-23,доставлен,11:32:00,11:59:00,"Московская область, Одинцовский городской округ, СНТ Полянка, 14",Помидоры коктейльные сливовидные на ветке,Овощи,209,209,0,1,209
240723-748-9620,2024-07-23,доставлен,11:32:00,11:59:00,"Московская область, Одинцовский городской округ, СНТ Полянка, 14",Манго Артфрут,Фрукты,159,129,30,3,387
240723-748-9620,2024-07-23,доставлен,11:32:00,11:59:00,"Московская область, Одинцовский городской округ, СНТ Полянка, 14",Батончик шоколадный Bounty Trio,Сладости,109,109,0,2,218
240723-748-9620,2024-07-23,доставлен,11:32:00,11:59:00,"Московская область, Одинцовский городской округ, СНТ Полянка, 14",Голубика,Фрукты,259,259,0,1,259
240723-748-9620,2024-07-23,доставлен,11:32:00,11:59:00,"Московская область, Одинцовский городской округ, СНТ Полянка, 14",Доставка,Услуги Груши,0,0,0,1,0
240724-426-9545,2024-07-24,доставлен,13:02:00,13:18:00,"Московская область, Одинцовский городской округ, СНТ Полянка, 14",Яйцо куриное СО Из Груши,База,179,179,0,1,179
240724-426-9545,2024-07-24,доставлен,13:02:00,13:18:00,"Московская область, Одинцовский городской округ, СНТ Полянка, 14",Арбуз,Фрукты,279,279,0,1,279
240724-426-9545,2024-07-24,доставлен,13:02:00,13:18:00,"Московская область, Одинцовский городской округ, СНТ Полянка, 14",Доставка,Услуги Груши,0,0,0,1,0
240725-387-7280,2024-07-25,доставлен,10:07:00,10:16:00,"Московская область, Одинцовский городской округ, СНТ Полянка, 14",Кукурузные палочки Holy Corn малина со сливками,Снеки,69,69,0,1,69
240725-387-7280,2024-07-25,доставлен,10:07:00,10:16:00,"Московская область, Одинцовский городской округ, СНТ Полянка, 14",Попкорн для СВЧ Из Груши с сыром,Снеки,59,59,0,1,59
240725-387-7280,2024-07-25,доставлен,10:07:00,10:16:00,"Московская область, Одинцовский городской округ, СНТ Полянка, 14",Голубика Артфрут,Фрукты,379,379,0,1,379
240725-387-7280,2024-07-25,доставлен,10:07:00,10:16:00,"Московская область, Одинцовский городской округ, СНТ Полянка, 14",Доставка,Услуги Груши,0,0,0,1,0
240730-414-9665,2024-07-30,доставлен,10:57:00,11:14:00,"Московская область, Одинцовский городской округ, СНТ Полянка, 14",Вода Шишкин лес негазированная,Вода,49,49,0,1,49
240730-414-9665,2024-07-30,доставлен,10:57:00,11:14:00,"Московская область, Одинцовский городской округ, СНТ Полянка, 14","Молоко 2,5% Асеньевская ферма пастеризованное",База,109,109,0,1,109
240730-414-9665,2024-07-30,доставлен,10:57:00,11:14:00,"Московская область, Одинцовский городской округ, СНТ Полянка, 14","Масло сливочное 72,5% Из Груши",База,179,119,60,1,119
240730-414-9665,2024-07-30,доставлен,10:57:00,11:14:00,"Московская область, Одинцовский городской округ, СНТ Полянка, 14",Мыло жидкое Сандал и Ягоды можжевельника Synergetic,Товары для дома,389,389,0,1,389
240730-414-9665,2024-07-30,доставлен,10:57:00,11:14:00,"Московская область, Одинцовский городской округ, СНТ Полянка, 14",Кабачки,Овощи,129,129,0,1,129
240730-414-9665,2024-07-30,доставлен,10:57:00,11:14:00,"Московская область, Одинцовский городской округ, СНТ Полянка, 14",Доставка,Услуги Груши,0,0,0,1,0
240817-077-7275,2024-08-17,доставлен,09:11:00,09:33:00,"Московская область, Одинцовский городской округ, СНТ Полянка, 14","Кефир 3,2% Асеньевская ферма",База,119,119,0,1,119
240817-077-7275,2024-08-17,доставлен,09:11:00,09:33:00,"Московская область, Одинцовский городской округ, СНТ Полянка, 14",Вода Шишкин лес негазированная,Вода,49,49,0,1,49
240817-077-7275,2024-08-17,доставлен,09:11:00,09:33:00,"Московская область, Одинцовский городской округ, СНТ Полянка, 14",Доставка,Услуги Груши,119,119,0,1,119
240819-353-1346,2024-08-19,доставлен,07:32:00,07:49:00,"Московская область, Одинцовский городской округ, СНТ Полянка, 14",Яйцо куриное СО Из Груши,База,179,179,0,1,179
240819-353-1346,2024-08-19,доставлен,07:32:00,07:49:00,"Московская область, Одинцовский городской округ, СНТ Полянка, 14",Доставка,Услуги Груши,0,0,0,1,0
240826-383-8455,2024-08-26,доставлен,19:56:00,20:09:00,"Московская область, Одинцовский городской округ, СНТ Полянка, 14","Молоко 2,5% Асеньевская ферма пастеризованное",База,109,109,0,1,109
240826-383-8455,2024-08-26,доставлен,19:56:00,20:09:00,"Московская область, Одинцовский городской округ, СНТ Полянка, 14","Масло сливочное 82,5% Вологодское Из Вологды",База,359,249,110,1,249
240826-383-8455,2024-08-26,доставлен,19:56:00,20:09:00,"Московская область, Одинцовский городской округ, СНТ Полянка, 14","Масло сливочное 72,5% Из Груши",База,179,179,0,1,179
240826-383-8455,2024-08-26,доставлен,19:56:00,20:09:00,"Московская область, Одинцовский городской округ, СНТ Полянка, 14",Доставка,Услуги Груши,49,49,0,1,49
240826-383-8455,2024-08-26,доставлен,19:56:00,20:09:00,"Московская область, Одинцовский городской округ, СНТ Полянка, 14",Упаковка,Услуги Груши,15,15,0,1,15
240827-195-1789,2024-08-27,доставлен,19:22:00,19:44:00,"Московская область, Одинцовский городской округ, СНТ Полянка, 14",Вода Шишкин лес негазированная,Вода,49,49,0,1,49
240827-195-1789,2024-08-27,доставлен,19:22:00,19:44:00,"Московская область, Одинцовский городской округ, СНТ Полянка, 14",Петрушка,Овощи,89,89,0,1,89
240827-195-1789,2024-08-27,доставлен,19:22:00,19:44:00,"Московская область, Одинцовский городской округ, СНТ Полянка, 14","Напиток овсяный Nemoloko 3,2% классический",Напитки,149,149,0,1,149
240827-195-1789,2024-08-27,доставлен,19:22:00,19:44:00,"Московская область, Одинцовский городской округ, СНТ Полянка, 14",Груша Конференция,Фрукты,289,289,0,2,578
240827-195-1789,2024-08-27,доставлен,19:22:00,19:44:00,"Московская область, Одинцовский городской округ, СНТ Полянка, 14",Шоколад молочный пористый Milka Bubbles,Сладости,279,279,0,1,279
240827-195-1789,2024-08-27,доставлен,19:22:00,19:44:00,"Московская область, Одинцовский городской округ, СНТ Полянка, 14",Сок Сады Придонья яблоко-виноград с 6 месяцев без добавления сахара,Напитки,39,39,0,1,39
240827-195-1789,2024-08-27,доставлен,19:22:00,19:44:00,"Московская область, Одинцовский городской округ, СНТ Полянка, 14",Доставка,Услуги Груши,0,0,0,1,0
240828-587-7751,2024-08-28,доставлен,08:47:00,08:57:00,"Московская область, Одинцовский городской округ, СНТ Полянка, 14",Помидоры черри Эко-культура круглые красные на ветке,Овощи,469,469,0,1,469
240828-587-7751,2024-08-28,доставлен,08:47:00,08:57:00,"Московская область, Одинцовский городской округ, СНТ Полянка, 14",Баклажаны,Овощи,109,109,0,1,109
240828-587-7751,2024-08-28,доставлен,08:47:00,08:57:00,"Московская область, Одинцовский городской округ, СНТ Полянка, 14",Мороженое ванильное Vanilla Dream Monterra,Сладости,719,719,0,1,719
240828-587-7751,2024-08-28,доставлен,08:47:00,08:57:00,"Московская область, Одинцовский городской округ, СНТ Полянка, 14",Кофе холодный латте Из Груши,Напитки,189,149,40,1,149
240828-587-7751,2024-08-28,доставлен,08:47:00,08:57:00,"Московская область, Одинцовский городской округ, СНТ Полянка, 14",Черешня,Фрукты,89,89,0,1,89
240828-587-7751,2024-08-28,доставлен,08:47:00,08:57:00,"Московская область, Одинцовский городской округ, СНТ Полянка, 14",Яйцо куриное СО Из Груши,База,179,179,0,2,358
240828-587-7751,2024-08-28,доставлен,08:47:00,08:57:00,"Московская область, Одинцовский городской округ, СНТ Полянка, 14",Доставка,Услуги Груши,0,0,0,1,0
240831-153-7521,2024-08-31,доставлен,21:15:00,21:30:00,"Московская область, Одинцовский городской округ, СНТ Полянка, 14","Кефир 3,2% Асеньевская ферма",База,119,119,0,1,119
240831-153-7521,2024-08-31,доставлен,21:15:00,21:30:00,"Московская область, Одинцовский городской округ, СНТ Полянка, 14",Мороженое эскимо Магнат,Сладости,149,149,0,1,149
240831-153-7521,2024-08-31,доставлен,21:15:00,21:30:00,"Московская область, Одинцовский городской округ, СНТ Полянка, 14",Печенье Творожные ушки Братья Караваевы,Сладости,459,459,0,1,459
240831-153-7521,2024-08-31,доставлен,21:15:00,21:30:00,"Московская область, Одинцовский городской округ, СНТ Полянка, 14",Перец красный,Овощи,179,179,0,1,179
240831-153-7521,2024-08-31,доставлен,21:15:00,21:30:00,"Московская область, Одинцовский городской округ, СНТ Полянка, 14",Апельсины сладкие,Фрукты,299,299,0,1,299
240831-153-7521,2024-08-31,доставлен,21:15:00,21:30:00,"Московская область, Одинцовский городской округ, СНТ Полянка, 14",Голубика Артфрут,Фрукты,379,379,0,1,379
240831-153-7521,2024-08-31,доставлен,21:15:00,21:30:00,"Московская область, Одинцовский городской округ, СНТ Полянка, 14",Доставка,Услуги Груши,0,0,0,1,0
240831-153-7521,2024-08-31,доставлен,21:15:00,21:30:00,"Московская область, Одинцовский городской округ, СНТ Полянка, 14",Упаковка,Услуги Груши,15,15,0,1,15
240903-607-5452,2024-09-03,доставлен,17:56:00,18:18:00,"Москва, Ленинский проспект, 78к1",Яйцо куриное СО Из Груши,База,179,179,0,1,179
240903-607-5452,2024-09-03,доставлен,17:56:00,18:18:00,"Москва, Ленинский проспект, 78к1","Абрикосы шалах, Узбекистан",Фрукты,359,319,40,1,319
240903-607-5452,2024-09-03,доставлен,17:56:00,18:18:00,"Москва, Ленинский проспект, 78к1",Капуста Кейл,Овощи,69,69,0,2,138
240903-607-5452,2024-09-03,доставлен,17:56:00,18:18:00,"Москва, Ленинский проспект, 78к1",Доставка,Услуги Груши,0,0,0,1,0
240906-938-8252,2024-09-06,доставлен,08:30:00,08:37:00,"Москва, Ленинский проспект, 78к1",Конфеты с суфле Птица дивная Акконд в шоколадной глазури,Сладости,379,379,0,3,1137
240906-938-8252,2024-09-06,доставлен,08:30:00,08:37:00,"Москва, Ленинский проспект, 78к1",Горошек зелёный Bonduelle замороженный,Овощи,119,119,0,1,119
240906-938-8252,2024-09-06,доставлен,08:30:00,08:37:00,"Москва, Ленинский проспект, 78к1",Пакеты для мусора 30 л Paclan,Товары для дома,169,169,0,1,169
240906-938-8252,2024-09-06,доставлен,08:30:00,08:37:00,"Москва, Ленинский проспект, 78к1",Доставка,Услуги Груши,119,119,0,1,119
240906-687-3317,2024-09-06,доставлен,19:13:00,19:42:00,"Москва, Ленинский проспект, 78к1",Вода Шишкин лес негазированная,Вода,49,49,0,1,49
240906-687-3317,2024-09-06,доставлен,19:13:00,19:42:00,"Москва, Ленинский проспект, 78к1","Молоко 2,5% Асеньевская ферма пастеризованное",База,109,109,0,2,218
240906-687-3317,2024-09-06,доставлен,19:13:00,19:42:00,"Москва, Ленинский проспект, 78к1","Масло сливочное 82,5% Вологодское Из Вологды",База,359,359,0,1,359
240906-687-3317,2024-09-06,доставлен,19:13:00,19:42:00,"Москва, Ленинский проспект, 78к1","Масло сливочное 72,5% Из Груши",База,179,179,0,1,179
240906-687-3317,2024-09-06,доставлен,19:13:00,19:42:00,"Москва, Ленинский проспект, 78к1",Напиток газированный Кола Добрый,Напитки,109,79,30,1,79
240906-687-3317,2024-09-06,доставлен,19:13:00,19:42:00,"Москва, Ленинский проспект, 78к1",Доставка,Услуги Груши,49,49,0,1,49
240907-499-7775,2024-09-07,доставлен,07:00:00,07:10:00,"Москва, Ленинский проспект, 78к1",Манго спелое,Фрукты,1090,769,321,1,769
240907-499-7775,2024-09-07,доставлен,07:00:00,07:10:00,"Москва, Ленинский проспект, 78к1",Апельсины сладкие,Фрукты,299,299,0,1,299
240907-499-7775,2024-09-07,доставлен,07:00:00,07:10:00,"Москва, Ленинский проспект, 78к1","Молоко 3,2% Из Груши пастеризованное",База,99,99,0,2,198
240907-499-7775,2024-09-07,доставлен,07:00:00,07:10:00,"Москва, Ленинский проспект, 78к1",Вода минеральная Новотерская лечебно-столовая газированная,Вода,149,149,0,1,149
240907-499-7775,2024-09-07,доставлен,07:00:00,07:10:00,"Москва, Ленинский проспект, 78к1",Доставка,Услуги Груши,0,0,0,1,0
240907-499-7775,2024-09-07,доставлен,07:00:00,07:10:00,"Москва, Ленинский проспект, 78к1",Упаковка,Услуги Груши,15,15,0,1,15
240907-804-8095,2024-09-07,доставлен,18:15:00,18:21:00,"Москва, Ленинский проспект, 78к1",Вода минеральная лечебно-столовая Borjomi газированная,Вода,149,149,0,1,149
240907-804-8095,2024-09-07,доставлен,18:15:00,18:21:00,"Москва, Ленинский проспект, 78к1",Батончик Бабаевский с помадно-сливочной начинкой,Сладости,89,89,0,1,89
240907-804-8095,2024-09-07,доставлен,18:15:00,18:21:00,"Москва, Ленинский проспект, 78к1",Чипсы Из Груши с томатом и паприкой,Снеки,79,79,0,1,79
240907-804-8095,2024-09-07,доставлен,18:15:00,18:21:00,"Москва, Ленинский проспект, 78к1",Яблоки Гренни Смит,Фрукты,109,109,0,1,109
240907-804-8095,2024-09-07,доставлен,18:15:00,18:21:00,"Москва, Ленинский проспект, 78к1",Шпинат,Овощи,139,139,0,1,139
240907-804-8095,2024-09-07,доставлен,18:15:00,18:21:00,"Москва, Ленинский проспект, 78к1",Шоколад молочный Ritter Sport Extra Nut с цельным лесным орехом,Сладости,179,179,0,1,179
240907-804-8095,2024-09-07,доставлен,18:15:00,18:21:00,"Москва, Ленинский проспект, 78к1",Мука пшеничная высшего сорта Из Груши,База,89,89,0,1,89
240907-804-8095,2024-09-07,доставлен,18:15:00,18:21:00,"Москва, Ленинский проспект, 78к1",Помидоры черри на ветке,Овощи,279,279,0,1,279
240907-804-8095,2024-09-07,доставлен,18:15:00,18:21:00,"Москва, Ленинский проспект, 78к1",Вода минеральная Псыж лечебно-столовая газированная,Вода,59,59,0,1,59
240907-804-8095,2024-09-07,доставлен,18:15:00,18:21:00,"Москва, Ленинский проспект, 78к1",Доставка,Услуги Груши,79,79,0,1,79
240907-804-8095,2024-09-07,доставлен,18:15:00,18:21:00,"Москва, Ленинский проспект, 78к1",Упаковка,Услуги Груши,15,15,0,1,15
240907-808-6621,2024-09-07,доставлен,19:24:00,19:42:00,"Москва, Ленинский проспект, 78к1",Мороженое пломбир Чистая Линия,Сладости,139,139,0,1,139
240907-808-6621,2024-09-07,доставлен,19:24:00,19:42:00,"Москва, Ленинский проспект, 78к1",Голубика,Фрукты,259,259,0,3,777
240907-808-6621,2024-09-07,доставлен,19:24:00,19:42:00,"Москва, Ленинский проспект, 78к1",Чистящее средство Synergetic для сантехники от известкового налёта и ржавчины,Товары для дома,709,709,0,1,709
240907-808-6621,2024-09-07,доставлен,19:24:00,19:42:00,"Москва, Ленинский проспект, 78к1",Печенье Яшкино апельсин,Сладости,89,89,0,1,89
240907-808-6621,2024-09-07,доставлен,19:24:00,19:42:00,"Москва, Ленинский проспект, 78к1","Яблоки Богатырь Агроном-сад отборные, 4 шт.",Фрукты,219,219,0,1,219
240907-808-6621,2024-09-07,доставлен,19:24:00,19:42:00,"Москва, Ленинский проспект, 78к1",Доставка,Услуги Груши,79,79,0,1,79
240908-515-9668,2024-09-08,доставлен,19:38:00,20:06:00,"Москва, Ленинский проспект, 78к1",Шоколад молочный Kinder Chocolate Maxi,Сладости,159,159,0,1,159
240908-515-9668,2024-09-08,доставлен,19:38:00,20:06:00,"Москва, Ленинский проспект, 78к1",Пирог с сыром и шпинатом Рамонти Пайз,Готовая еда,179,179,0,1,179
240908-515-9668,2024-09-08,доставлен,19:38:00,20:06:00,"Москва, Ленинский проспект, 78к1",Горошек зелёный Bonduelle замороженный,Овощи,119,119,0,1,119
240908-515-9668,2024-09-08,доставлен,19:38:00,20:06:00,"Москва, Ленинский проспект, 78к1",Туалетная бумага Zewa Плюс белая 2 слоя,Товары для дома,139,139,0,1,139
240908-515-9668,2024-09-08,доставлен,19:38:00,20:06:00,"Москва, Ленинский проспект, 78к1",Батончик Бабаевский с шоколадной начинкой,Сладости,69,69,0,1,69
240908-515-9668,2024-09-08,доставлен,19:38:00,20:06:00,"Москва, Ленинский проспект, 78к1",Доставка,Услуги Груши,99,99,0,1,99
240908-515-9668,2024-09-08,доставлен,19:38:00,20:06:00,"Москва, Ленинский проспект, 78к1",Упаковка,Услуги Груши,15,15,0,1,15
240912-786-8885,2024-09-12,доставлен,09:59:00,10:05:00,"Москва, Ленинский проспект, 78к1","Фруктовый микс манго, голубика",Фрукты,669,669,0,2,1338
240912-786-8885,2024-09-12,доставлен,09:59:00,10:05:00,"Москва, Ленинский проспект, 78к1",Бумага для офисной техники Комус Документ Premium А4 80 г/м2,Товары для дома,699,699,0,1,699
240912-786-8885,2024-09-12,доставлен,09:59:00,10:05:00,"Москва, Ленинский проспект, 78к1",Маслины Охибланка Bonduelle с копчёным лососем,Овощи,219,219,0,1,219
240912-786-8885,2024-09-12,доставлен,09:59:00,10:05:00,"Москва, Ленинский проспект, 78к1",Огурцы короткоплодные,Овощи,89,89,0,2,178
240912-786-8885,2024-09-12,доставлен,09:59:00,10:05:00,"Москва, Ленинский проспект, 78к1",Апельсины,Фрукты,129,129,0,2,258
240912-786-8885,2024-09-12,доставлен,09:59:00,10:05:00,"Москва, Ленинский проспект, 78к1",Черешня,Фрукты,89,89,0,2,178
240912-786-8885,2024-09-12,доставлен,09:59:00,10:05:00,"Москва, Ленинский проспект, 78к1",Котлеты куриные с картофельным пюре Азбука Вкуса,Готовая еда,319,319,0,1,319
240912-786-8885,2024-09-12,доставлен,09:59:00,10:05:00,"Москва, Ленинский проспект, 78к1",Доставка,Услуги Груши,0,0,0,1,0
240912-517-1406,2024-09-12,доставлен,18:58:00,19:08:00,"Москва, Ленинский проспект, 78к1",Шоколад тёмный Lindt Excellence 85% cocoa,Сладости,469,469,0,1,469
240912-517-1406,2024-09-12,доставлен,18:58:00,19:08:00,"Москва, Ленинский проспект, 78к1",Сыр Пармезан Из Груши тёртый 40%,База,289,289,0,1,289
240912-517-1406,2024-09-12,доставлен,18:58:00,19:08:00,"Москва, Ленинский проспект, 78к1",Гречка отварная с маслом Азбука вкуса,Готовая еда,179,159,20,1,159
240912-517-1406,2024-09-12,доставлен,18:58:00,19:08:00,"Москва, Ленинский проспект, 78к1",Перчики черри Из Груши фаршированные сливочным сыром,Овощи,299,299,0,1,299
240912-517-1406,2024-09-12,доставлен,18:58:00,19:08:00,"Москва, Ленинский проспект, 78к1",Банан,Фрукты,29,29,0,1,29
240912-517-1406,2024-09-12,доставлен,18:58:00,19:08:00,"Москва, Ленинский проспект, 78к1",Суп-пюре сырный с креветками Азбука вкуса,Готовая еда,299,299,0,2,598
240912-517-1406,2024-09-12,доставлен,18:58:00,19:08:00,"Москва, Ленинский проспект, 78к1",Доставка,Услуги Груши,0,0,0,1,0
240913-773-1761,2024-09-13,доставлен,09:05:00,09:17:00,"Москва, Ленинский проспект, 78к1",Клубника,Фрукты,639,639,0,1,639
240913-773-1761,2024-09-13,доставлен,09:05:00,09:17:00,"Москва, Ленинский проспект, 78к1",Огурцы короткоплодные,Овощи,89,89,0,1,89
240913-773-1761,2024-09-13,доставлен,09:05:00,09:17:00,"Москва, Ленинский проспект, 78к1",Шпинат,Овощи,139,139,0,2,278
240913-773-1761,2024-09-13,доставлен,09:05:00,09:17:00,"Москва, Ленинский проспект, 78к1",Доставка,Услуги Груши,0,0,0,1,0
240914-692-1680,2024-09-14,доставлен,09:01:00,09:19:00,"Москва, Ленинский проспект, 78к1","Кефир 3,2% Асеньевская ферма",База,119,119,0,2,238
240914-692-1680,2024-09-14,доставлен,09:01:00,09:19:00,"Москва, Ленинский проспект, 78к1",Пирожное Картошка Из Груши,Сладости,219,219,0,1,219
240914-692-1680,2024-09-14,доставлен,09:01:00,09:19:00,"Москва, Ленинский проспект, 78к1",Сэндвич на круассане с индейкой и мандариновым соусом Eggsellent x Груша,Готовая еда,499,499,0,1,499
240914-692-1680,2024-09-14,доставлен,09:01:00,09:19:00,"Москва, Ленинский проспект, 78к1",Доставка,Услуги Груши,0,0,0,1,0
240914-780-7088,2024-09-14,доставлен,12:19:00,12:28:00,"Москва, Ленинский проспект, 78к1",Попкорн из креветок Нияма,Готовая еда,529,529,0,1,529
240914-780-7088,2024-09-14,доставлен,12:19:00,12:28:00,"Москва, Ленинский проспект, 78к1",Яблоки Хонейкрисп (Медовый хруст),Фрукты,819,819,0,1,819
240914-780-7088,2024-09-14,доставлен,12:19:00,12:28:00,"Москва, Ленинский проспект, 78к1","Масло сливочное 82,5% Вологодское Из Вологды",База,359,359,0,1,359
240914-780-7088,2024-09-14,доставлен,12:19:00,12:28:00,"Москва, Ленинский проспект, 78к1",Сэндвич с ростбифом The Truffle,Готовая еда,309,309,0,1,309
240914-780-7088,2024-09-14,доставлен,12:19:00,12:28:00,"Москва, Ленинский проспект, 78к1",Масло подсолнечное рафинированное Из Груши,База,199,199,0,1,199
240914-780-7088,2024-09-14,доставлен,12:19:00,12:28:00,"Москва, Ленинский проспект, 78к1",Доставка,Услуги Груши,0,0,0,1,0
240914-743-0586,2024-09-14,доставлен,19:55:00,20:09:00,"Москва, Ленинский проспект, 78к1",Голубика Артфрут,Фрукты,379,379,0,1,379
240914-743-0586,2024-09-14,доставлен,19:55:00,20:09:00,"Москва, Ленинский проспект, 78к1",Блинчики с ветчиной и сыром Азбука Вкуса,Готовая еда,349,349,0,1,349
240914-743-0586,2024-09-14,доставлен,19:55:00,20:09:00,"Москва, Ленинский проспект, 78к1",Мороженое ванильное Vanilla Dream Monterra,Сладости,719,719,0,1,719
240914-743-0586,2024-09-14,доставлен,19:55:00,20:09:00,"Москва, Ленинский проспект, 78к1",Доставка,Услуги Груши,0,0,0,1,0
240914-743-0586,2024-09-14,доставлен,19:55:00,20:09:00,"Москва, Ленинский проспект, 78к1",Упаковка,Услуги Груши,15,15,0,1,15
240922-575-2484,2024-09-22,доставлен,10:46:00,11:05:00,"Москва, Ленинский проспект, 78к1",Вода Шишкин лес негазированная,Вода,49,49,0,1,49
240922-575-2484,2024-09-22,доставлен,10:46:00,11:05:00,"Москва, Ленинский проспект, 78к1",Яйцо куриное СО Из Груши,База,179,179,0,1,179
240922-575-2484,2024-09-22,доставлен,10:46:00,11:05:00,"Москва, Ленинский проспект, 78к1","Молоко 2,5% Асеньевская ферма пастеризованное",База,109,109,0,1,109
240922-575-2484,2024-09-22,доставлен,10:46:00,11:05:00,"Москва, Ленинский проспект, 78к1","Масло сливочное 82,5% Вологодское Из Вологды",База,359,359,0,1,359
240922-575-2484,2024-09-22,доставлен,10:46:00,11:05:00,"Москва, Ленинский проспект, 78к1",Доставка,Услуги Груши,0,0,0,1,0
240922-575-2484,2024-09-22,доставлен,10:46:00,11:05:00,"Москва, Ленинский проспект, 78к1",Упаковка,Услуги Груши,15,15,0,1,15
240929-501-8397,2024-09-29,доставлен,18:31:00,18:44:00,"Москва, Ленинский проспект, 78к1","Кефир 3,2% Асеньевская ферма",База,119,119,0,1,119
240929-501-8397,2024-09-29,доставлен,18:31:00,18:44:00,"Москва, Ленинский проспект, 78к1","Масло сливочное 72,5% Из Груши",База,179,179,0,1,179
240929-501-8397,2024-09-29,доставлен,18:31:00,18:44:00,"Москва, Ленинский проспект, 78к1",Освежитель воздуха Glade лаванда,Товары для дома,259,259,0,1,259
240929-501-8397,2024-09-29,доставлен,18:31:00,18:44:00,"Москва, Ленинский проспект, 78к1",Шоколад тёмный Ritter Sport с начинкой марципан,Сладости,479,479,0,1,479
240929-501-8397,2024-09-29,доставлен,18:31:00,18:44:00,"Москва, Ленинский проспект, 78к1",Голубика,Фрукты,259,259,0,1,259
240929-501-8397,2024-09-29,доставлен,18:31:00,18:44:00,"Москва, Ленинский проспект, 78к1",Доставка,Услуги Груши,0,0,0,1,0
241002-811-2404,2024-10-02,доставлен,18:25:00,18:32:00,"Москва, Ленинский проспект, 78к1",Вода Шишкин лес негазированная,Вода,49,49,0,1,49
241002-811-2404,2024-10-02,доставлен,18:25:00,18:32:00,"Москва, Ленинский проспект, 78к1","Молоко 2,5% Асеньевская ферма пастеризованное",База,109,109,0,2,218
241002-811-2404,2024-10-02,доставлен,18:25:00,18:32:00,"Москва, Ленинский проспект, 78к1",Апельсины сладкие,Фрукты,299,299,0,1,299
241002-811-2404,2024-10-02,доставлен,18:25:00,18:32:00,"Москва, Ленинский проспект, 78к1",Доставка,Услуги Груши,0,0,0,1,0
241002-825-7850,2024-10-02,доставлен,19:27:00,19:48:00,"Москва, Ленинский проспект, 78к1",Брокколи свежая,Овощи,219,219,0,1,219
241002-825-7850,2024-10-02,доставлен,19:27:00,19:48:00,"Москва, Ленинский проспект, 78к1",Рис Басмати отварной Азбука Вкуса,Готовая еда,149,149,0,1,149
241002-825-7850,2024-10-02,доставлен,19:27:00,19:48:00,"Москва, Ленинский проспект, 78к1",Суп овощной Мадрас карри Chindi,Готовая еда,269,269,0,2,538
241002-825-7850,2024-10-02,доставлен,19:27:00,19:48:00,"Москва, Ленинский проспект, 78к1","Суп с куриными фрикадельками, с пастой Алфавит Азбука Вкуса",Готовая еда,389,389,0,2,778
241002-825-7850,2024-10-02,доставлен,19:27:00,19:48:00,"Москва, Ленинский проспект, 78к1",Доставка,Услуги Груши,0,0,0,1,0
241003-942-4806,2024-10-03,доставлен,19:31:00,20:11:00,"Москва, Ленинский проспект, 78к1","Масло сливочное 82,5% Вологодское Из Вологды",База,359,359,0,1,359
241003-942-4806,2024-10-03,доставлен,19:31:00,20:11:00,"Москва, Ленинский проспект, 78к1",Роллы Филадельфия Из Груши,Готовая еда,629,629,0,1,629
241003-942-4806,2024-10-03,доставлен,19:31:00,20:11:00,"Москва, Ленинский проспект, 78к1",Яйцо куриное СО Из Груши,База,179,129,50,1,129
241003-942-4806,2024-10-03,доставлен,19:31:00,20:11:00,"Москва, Ленинский проспект, 78к1",Манго Артфрут,Фрукты,159,159,0,1,159
241003-942-4806,2024-10-03,доставлен,19:31:00,20:11:00,"Москва, Ленинский проспект, 78к1",Доставка,Услуги Груши,0,0,0,1,0
241003-972-0726,2024-10-03,доставлен,20:45:00,21:14:00,"Москва, Ленинский проспект, 78к1",Малина Артфрут,Фрукты,259,259,0,1,259
241003-972-0726,2024-10-03,доставлен,20:45:00,21:14:00,"Москва, Ленинский проспект, 78к1",Чипсы Из Груши с томатом и паприкой,Снеки,79,79,0,1,79
241003-972-0726,2024-10-03,доставлен,20:45:00,21:14:00,"Москва, Ленинский проспект, 78к1","Молоко 3,2% Из Груши пастеризованное",База,99,79,20,1,79
241003-972-0726,2024-10-03,доставлен,20:45:00,21:14:00,"Москва, Ленинский проспект, 78к1",Помидоры сливовидные,Овощи,89,89,0,2,178
241003-972-0726,2024-10-03,доставлен,20:45:00,21:14:00,"Москва, Ленинский проспект, 78к1",Абрикосы,Фрукты,269,269,0,1,269
241003-972-0726,2024-10-03,доставлен,20:45:00,21:14:00,"Москва, Ленинский проспект, 78к1",Улитка с солёной карамелью и корицей Кулпром,Сладости,239,239,0,3,717
241003-972-0726,2024-10-03,доставлен,20:45:00,21:14:00,"Москва, Ленинский проспект, 78к1",Гранола-мюсли Из Груши ягодная,База,279,279,0,1,279
241003-972-0726,2024-10-03,доставлен,20:45:00,21:14:00,"Москва, Ленинский проспект, 78к1",Доставка,Услуги Груши,0,0,0,1,0
241004-229-0853,2024-10-04,доставлен,21:46:00,21:58:00,"Москва, Ленинский проспект, 78к1",Сок апельсиновый Из Груши прямой отжим,Напитки,409,409,0,1,409
241004-229-0853,2024-10-04,доставлен,21:46:00,21:58:00,"Москва, Ленинский проспект, 78к1",Чипсы Pringles Original,Снеки,269,269,0,1,269
241004-229-0853,2024-10-04,доставлен,21:46:00,21:58:00,"Москва, Ленинский проспект, 78к1",Салат Оливье Азбука Вкуса,Готовая еда,329,329,0,2,658
241004-229-0853,2024-10-04,доставлен,21:46:00,21:58:00,"Москва, Ленинский проспект, 78к1",Вода минеральная Petroglyph негазированная,Вода,149,149,0,1,149
241004-229-0853,2024-10-04,доставлен,21:46:00,21:58:00,"Москва, Ленинский проспект, 78к1",Доставка,Услуги Груши,0,0,0,1,0
241005-239-4210,2024-10-05,доставлен,19:10:00,19:45:00,"Москва, Ленинский проспект, 78к1",Яйцо куриное СО Из Груши,База,179,179,0,1,179
241005-239-4210,2024-10-05,доставлен,19:10:00,19:45:00,"Москва, Ленинский проспект, 78к1",Суп с куриными фрикадельками и пастой Алфавит Азбука вкуса,Готовая еда,129,99,30,2,198
241005-239-4210,2024-10-05,доставлен,19:10:00,19:45:00,"Москва, Ленинский проспект, 78к1",Лимонад Из Груши с соком манго и маракуйи,Напитки,159,159,0,1,159
241005-239-4210,2024-10-05,доставлен,19:10:00,19:45:00,"Москва, Ленинский проспект, 78к1",Помидоры черри на ветке,Овощи,279,279,0,1,279
241005-239-4210,2024-10-05,доставлен,19:10:00,19:45:00,"Москва, Ленинский проспект, 78к1",Доставка,Услуги Груши,0,0,0,1,0
241006-901-3532,2024-10-06,доставлен,18:23:00,18:37:00,"Москва, Ленинский проспект, 78к1","Напиток миндальный Alpro Original 1,1%",Напитки,259,259,0,1,259
241006-901-3532,2024-10-06,доставлен,18:23:00,18:37:00,"Москва, Ленинский проспект, 78к1",Запеканка творожная с вишней Азбука Вкуса,Готовая еда,299,299,0,1,299
241006-901-3532,2024-10-06,доставлен,18:23:00,18:37:00,"Москва, Ленинский проспект, 78к1",Доставка,Услуги Груши,99,99,0,1,99
241008-741-0223,2024-10-08,доставлен,07:50:00,09:24:00,"Москва, Ленинский проспект, 78к1",Шоколад тёмный Люкс Бабаевский,Сладости,169,169,0,1,169
241008-741-0223,2024-10-08,доставлен,07:50:00,09:24:00,"Москва, Ленинский проспект, 78к1",Брусника Планета витаминов замороженная,Фрукты,669,669,0,2,1338
241008-741-0223,2024-10-08,доставлен,07:50:00,09:24:00,"Москва, Ленинский проспект, 78к1",Доставка,Услуги Груши,0,0,0,1,0
241009-260-7457,2024-10-09,доставлен,18:18:00,18:29:00,"Москва, Ленинский проспект, 78к1","Масло сливочное 72,5% Из Груши",База,179,179,0,1,179
241009-260-7457,2024-10-09,доставлен,18:18:00,18:29:00,"Москва, Ленинский проспект, 78к1",Перец красный,Овощи,179,179,0,1,179
241009-260-7457,2024-10-09,доставлен,18:18:00,18:29:00,"Москва, Ленинский проспект, 78к1",Вода минеральная Evian негазированная,Вода,439,439,0,1,439
241009-260-7457,2024-10-09,доставлен,18:18:00,18:29:00,"Москва, Ленинский проспект, 78к1","Напиток овсяный Nemoloko 3,2% классический",Напитки,149,149,0,1,149
241009-260-7457,2024-10-09,доставлен,18:18:00,18:29:00,"Москва, Ленинский проспект, 78к1",Доставка,Услуги Груши,119,119,0,1,119
241009-260-7457,2024-10-09,доставлен,18:18:00,18:29:00,"Москва, Ленинский проспект, 78к1",Упаковка,Услуги Груши,15,15,0,1,15
241012-509-7593,2024-10-12,доставлен,07:19:00,07:39:00,"Москва, Ленинский проспект, 78к1",Вода Шишкин лес негазированная,Вода,49,49,0,1,49
241012-509-7593,2024-10-12,доставлен,07:19:00,07:39:00,"Москва, Ленинский проспект, 78к1","Молоко 2,5% Асеньевская ферма пастеризованное",База,109,109,0,1,109
241012-509-7593,2024-10-12,доставлен,07:19:00,07:39:00,"Москва, Ленинский проспект, 78к1",Манго Артфрут,Фрукты,159,159,0,1,159
241012-509-7593,2024-10-12,доставлен,07:19:00,07:39:00,"Москва, Ленинский проспект, 78к1",Напиток газированный Кола Добрый,Напитки,109,109,0,1,109
241012-509-7593,2024-10-12,доставлен,07:19:00,07:39:00,"Москва, Ленинский проспект, 78к1",Доставка,Услуги Груши,0,0,0,1,0
241014-236-9268,2024-10-14,доставлен,09:07:00,09:29:00,"Москва, Ленинский проспект, 78к1","Кефир 3,2% Асеньевская ферма",База,119,119,0,1,119
241014-236-9268,2024-10-14,доставлен,09:07:00,09:29:00,"Москва, Ленинский проспект, 78к1","Масло сливочное 82,5% Вологодское Из Вологды",База,359,359,0,1,359
241014-236-9268,2024-10-14,доставлен,09:07:00,09:29:00,"Москва, Ленинский проспект, 78к1",Пакеты для мусора 30 л Paclan,Товары для дома,169,119,50,1,119
241014-236-9268,2024-10-14,доставлен,09:07:00,09:29:00,"Москва, Ленинский проспект, 78к1",Бумага для офисной техники Комус Документ Premium А4 80 г/м2,Товары для дома,699,699,0,1,699
241014-236-9268,2024-10-14,доставлен,09:07:00,09:29:00,"Москва, Ленинский проспект, 78к1",Сок апельсиновый Из Груши прямой отжим,Напитки,409,409,0,1,409
241014-236-9268,2024-10-14,доставлен,09:07:00,09:29:00,"Москва, Ленинский проспект, 78к1",Доставка,Услуги Груши,0,0,0,1,0
241014-236-9268,2024-10-14,доставлен,09:07:00,09:29:00,"Москва, Ленинский проспект, 78к1",Упаковка,Услуги Груши,15,15,0,1,15
241019-591-9318,2024-10-19,доставлен,21:31:00,21:48:00,"Москва, Ленинский проспект, 78к1",Яйцо куриное СО Из Груши,База,179,179,0,1,179
241019-591-9318,2024-10-19,доставлен,21:31:00,21:48:00,"Москва, Ленинский проспект, 78к1","Масло сливочное 72,5% Из Груши",База,179,179,0,1,179
241019-591-9318,2024-10-19,доставлен,21:31:00,21:48:00,"Москва, Ленинский проспект, 78к1",Банан,Фрукты,29,29,0,2,58
241019-591-9318,2024-10-19,доставлен,21:31:00,21:48:00,"Москва, Ленинский проспект, 78к1",Манго спелое,Фрукты,1090,1090,0,1,1090
241019-591-9318,2024-10-19,доставлен,21:31:00,21:48:00,"Москва, Ленинский проспект, 78к1",Термометр электронный Omron,Аптека,939,939,0,1,939
241019-591-9318,2024-10-19,доставлен,21:31:00,21:48:00,"Москва, Ленинский проспект, 78к1",Вода минеральная Perrier газированная,Вода,229,229,0,1,229
241019-591-9318,2024-10-19,доставлен,21:31:00,21:48:00,"Москва, Ленинский проспект, 78к1",Доставка,Услуги Груши,0,0,0,1,0
241020-131-1095,2024-10-20,доставлен,11:32:00,11:47:00,"Москва, Ленинский проспект, 78к1",Блинчики с курицей и грибами Азбука Вкуса,Готовая еда,239,239,0,1,239
241020-131-1095,2024-10-20,доставлен,11:32:00,11:47:00,"Москва, Ленинский проспект, 78к1",Сыр Брынза Из Груши Сербская,База,199,199,0,2,398
241020-131-1095,2024-10-20,доставлен,11:32:00,11:47:00,"Москва, Ленинский проспект, 78к1",Сосиска в тесте Cook Chart Bakery,Готовая еда,119,119,0,1,119
241020-131-1095,2024-10-20,доставлен,11:32:00,11:47:00,"Москва, Ленинский проспект, 78к1",Яблоки Голден,Фрукты,319,319,0,1,319
241020-131-1095,2024-10-20,доставлен,11:32:00,11:47:00,"Москва, Ленинский проспект, 78к1",Доставка,Услуги Груши,0,0,0,1,0
241020-022-6237,2024-10-20,доставлен,19:18:00,19:34:00,"Москва, Ленинский проспект, 78к1",Спелые бананы,Фрукты,309,309,0,1,309
241020-022-6237,2024-10-20,доставлен,19:18:00,19:34:00,"Москва, Ленинский проспект, 78к1",Чистящее средство Synergetic для окон и зеркал,Товары для дома,329,329,0,1,329
241020-022-6237,2024-10-20,доставлен,19:18:00,19:34:00,"Москва, Ленинский проспект, 78к1",Оладьи из кабачков Азбука Вкуса,Готовая еда,299,299,0,1,299
241020-022-6237,2024-10-20,доставлен,19:18:00,19:34:00,"Москва, Ленинский проспект, 78к1","Напиток функциональный Actimuno гранат 1,5%",Напитки,49,49,0,1,49
241020-022-6237,2024-10-20,доставлен,19:18:00,19:34:00,"Москва, Ленинский проспект, 78к1",Доставка,Услуги Груши,0,0,0,1,0
241022-737-2766,2024-10-22,доставлен,20:05:00,20:25:00,"Москва, Ленинский проспект, 78к1",Вода Шишкин лес негазированная,Вода,49,49,0,1,49
241022-737-2766,2024-10-22,доставлен,20:05:00,20:25:00,"Москва, Ленинский проспект, 78к1","Молоко 2,5% Асеньевская ферма пастеризованное",База,109,109,0,2,218
241022-737-2766,2024-10-22,доставлен,20:05:00,20:25:00,"Москва, Ленинский проспект, 78к1","Напиток соевый Alpro Banana банановый 0,9%",Напитки,299,299,0,1,299
241022-737-2766,2024-10-22,доставлен,20:05:00,20:25:00,"Москва, Ленинский проспект, 78к1",Шпинат,Овощи,139,139,0,1,139
241022-737-2766,2024-10-22,доставлен,20:05:00,20:25:00,"Москва, Ленинский проспект, 78к1",Плёнка пищевая Master Fresh 20 м х 30 см,Товары для дома,39,39,0,1,39
241022-737-2766,2024-10-22,доставлен,20:05:00,20:25:00,"Москва, Ленинский проспект, 78к1",Апельсины сладкие,Фрукты,299,299,0,1,299
241022-737-2766,2024-10-22,доставлен,20:05:00,20:25:00,"Москва, Ленинский проспект, 78к1",Доставка,Услуги Груши,79,79,0,1,79
241026-624-0985,2024-10-26,доставлен,11:20:00,11:29:00,"Москва, Ленинский проспект, 78к1","Масло сливочное 82,5% Вологодское Из Вологды",База,359,359,0,2,718
241026-624-0985,2024-10-26,доставлен,11:20:00,11:29:00,"Москва, Ленинский проспект, 78к1",Доставка,Услуги Груши,0,0,0,1,0
241028-805-8137,2024-10-28,доставлен,22:19:00,22:28:00,"Москва, Ленинский проспект, 78к1","Кефир 3,2% Асеньевская ферма",База,119,119,0,1,119
241028-805-8137,2024-10-28,доставлен,22:19:00,22:28:00,"Москва, Ленинский проспект, 78к1",Шпинат,Овощи,139,139,0,1,139
241028-805-8137,2024-10-28,доставлен,22:19:00,22:28:00,"Москва, Ленинский проспект, 78к1",Огурцы короткоплодные,Овощи,89,89,0,1,89
241028-805-8137,2024-10-28,доставлен,22:19:00,22:28:00,"Москва, Ленинский проспект, 78к1",Паста Карбонара Азбука Вкуса,Готовая еда,529,529,0,1,529
241028-805-8137,2024-10-28,доставлен,22:19:00,22:28:00,"Москва, Ленинский проспект, 78к1",Напиток соевый Alpro банановый,Напитки,379,379,0,1,379
241028-805-8137,2024-10-28,доставлен,22:19:00,22:28:00,"Москва, Ленинский проспект, 78к1",Суп-пюре сырный с креветками Азбука вкуса,Готовая еда,299,299,0,1,299
241028-805-8137,2024-10-28,доставлен,22:19:00,22:28:00,"Москва, Ленинский проспект, 78к1",Доставка,Услуги Груши,49,49,0,1,49
241031-195-1115,2024-10-31,доставлен,20:45:00,21:09:00,"Москва, Ленинский проспект, 78к1","Молоко 2,5% Асеньевская ферма пастеризованное",База,109,109,0,1,109
241031-195-1115,2024-10-31,доставлен,20:45:00,21:09:00,"Москва, Ленинский проспект, 78к1","Масло сливочное 72,5% Из Груши",База,179,179,0,2,358
241031-195-1115,2024-10-31,доставлен,20:45:00,21:09:00,"Москва, Ленинский проспект, 78к1",Печенье Творожные ушки Братья Караваевы,Сладости,459,459,0,1,459
241031-195-1115,2024-10-31,доставлен,20:45:00,21:09:00,"Москва, Ленинский проспект, 78к1",Доставка,Услуги Груши,0,0,0,1,0
241102-979-4306,2024-11-02,доставлен,09:14:00,09:31:00,"Москва, Ленинский проспект, 78к1",Вода Шишкин лес негазированная,Вода,49,49,0,1,49
241102-979-4306,2024-11-02,доставлен,09:14:00,09:31:00,"Москва, Ленинский проспект, 78к1",Яйцо куриное СО Из Груши,База,179,179,0,1,179
241102-979-4306,2024-11-02,доставлен,09:14:00,09:31:00,"Москва, Ленинский проспект, 78к1",Бумажные полотенца Zewa Премиум,Товары для дома,539,539,0,1,539
241102-979-4306,2024-11-02,доставлен,09:14:00,09:31:00,"Москва, Ленинский проспект, 78к1",Чипсы Lay's краб,Снеки,139,139,0,1,139
241102-979-4306,2024-11-02,доставлен,09:14:00,09:31:00,"Москва, Ленинский проспект, 78к1",Картофель молодой мытый,Овощи,89,89,0,2,178
241102-979-4306,2024-11-02,доставлен,09:14:00,09:31:00,"Москва, Ленинский проспект, 78к1","Помидоры розовые Бычье сердце, Азербайджан",Овощи,229,229,0,1,229
241102-979-4306,2024-11-02,доставлен,09:14:00,09:31:00,"Москва, Ленинский проспект, 78к1",Смузи манго-маракуйя Из Груши,Напитки,259,259,0,1,259
241102-979-4306,2024-11-02,доставлен,09:14:00,09:31:00,"Москва, Ленинский проспект, 78к1",Пирог с картофелем и сыром Рамонти Пайз,Готовая еда,159,159,0,1,159
241102-979-4306,2024-11-02,доставлен,09:14:00,09:31:00,"Москва, Ленинский проспект, 78к1","Абрикосы шалах, Узбекистан",Фрукты,359,359,0,1,359
241102-979-4306,2024-11-02,доставлен,09:14:00,09:31:00,"Москва, Ленинский проспект, 78к1",Помидоры черри на ветке,Овощи,279,279,0,1,279
241102-979-4306,2024-11-02,доставлен,09:14:00,09:31:00,"Москва, Ленинский проспект, 78к1",Доставка,Услуги Груши,0,0,0,1,0
241103-531-3833,2024-11-03,доставлен,08:02:00,08:18:00,"Москва, Ленинский проспект, 78к1",Гречка ядрица Из Груши,База,159,159,0,1,159
241103-531-3833,2024-11-03,доставлен,08:02:00,08:18:00,"Москва, Ленинский проспект, 78к1",Мандарины Абхазия,Фрукты,329,329,0,1,329
241103-531-3833,2024-11-03,доставлен,08:02:00,08:18:00,"Москва, Ленинский проспект, 78к1",Чай чёрный Earl Grey Ahmad Tea с ароматом бергамота в пакетиках,База,159,159,0,2,318
241103-531-3833,2024-11-03,доставлен,08:02:00,08:18:00,"Москва, Ленинский проспект, 78к1",Батончик Snickers лесной орех,Сладости,119,119,0,1,119
241103-531-3833,2024-11-03,доставлен,08:02:00,08:18:00,"Москва, Ленинский проспект, 78к1",Спелые бананы,Фрукты,309,309,0,1,309
241103-531-3833,2024-11-03,доставлен,08:02:00,08:18:00,"Москва, Ленинский проспект, 78к1",Попкорн для СВЧ Из Груши с сыром,Снеки,59,59,0,1,59
241103-531-3833,2024-11-03,доставлен,08:02:00,08:18:00,"Москва, Ленинский проспект, 78к1",Доставка,Услуги Груши,49,49,0,1,49
241103-531-3833,2024-11-03,доставлен,08:02:00,08:18:00,"Москва, Ленинский проспект, 78к1",Упаковка,Услуги Груши,15,15,0,1,15
241104-757-4666,2024-11-04,доставлен,20:44:00,21:12:00,"Москва, Ленинский проспект, 78к1",Шаурма с курицей Из Груши,Готовая еда,569,569,0,1,569
241104-757-4666,2024-11-04,доставлен,20:44:00,21:12:00,"Москва, Ленинский проспект, 78к1",Яйцо куриное СО Из Груши,База,179,179,0,1,179
241104-757-4666,2024-11-04,доставлен,20:44:00,21:12:00,"Москва, Ленинский проспект, 78к1",Чипсы Simply chips сыр пармезан с чесноком и зеленью,Снеки,119,119,0,1,119
241104-757-4666,2024-11-04,доставлен,20:44:00,21:12:00,"Москва, Ленинский проспект, 78к1","Напиток овсяный Nemoloko шоколадный 3,2%",Напитки,59,59,0,1,59
241104-757-4666,2024-11-04,доставлен,20:44:00,21:12:00,"Москва, Ленинский проспект, 78к1",Доставка,Услуги Груши,119,119,0,1,119
241104-757-4666,2024-11-04,доставлен,20:44:00,21:12:00,"Москва, Ленинский проспект, 78к1",Упаковка,Услуги Груши,15,15,0,1,15
241107-057-9295,2024-11-07,доставлен,20:26:00,20:39:00,"Москва, Ленинский проспект, 78к1","Масло сливочное 82,5% Вологодское Из Вологды",База,359,359,0,1,359
241107-057-9295,2024-11-07,доставлен,20:26:00,20:39:00,"Москва, Ленинский проспект, 78к1",Апельсины,Фрукты,129,129,0,1,129
241107-057-9295,2024-11-07,доставлен,20:26:00,20:39:00,"Москва, Ленинский проспект, 78к1",Огурцы колючие ТСХ,Овощи,89,79,10,2,158
241107-057-9295,2024-11-07,доставлен,20:26:00,20:39:00,"Москва, Ленинский проспект, 78к1",Доставка,Услуги Груши,99,99,0,1,99
241107-057-9295,2024-11-07,доставлен,20:26:00,20:39:00,"Москва, Ленинский проспект, 78к1",Упаковка,Услуги Груши,15,15,0,1,15
241108-589-0984,2024-11-08,доставлен,08:49:00,09:09:00,"Москва, Ленинский проспект, 78к1",Яйцо куриное СО Из Груши,База,179,179,0,2,358
241108-589-0984,2024-11-08,доставлен,08:49:00,09:09:00,"Москва, Ленинский проспект, 78к1",Вода минеральная Petroglyph негазированная,Вода,149,149,0,1,149
241108-589-0984,2024-11-08,доставлен,08:49:00,09:09:00,"Москва, Ленинский проспект, 78к1",Лимонад Из Груши с соком груши и яблока,Напитки,149,149,0,1,149
241108-589-0984,2024-11-08,доставлен,08:49:00,09:09:00,"Москва, Ленинский проспект, 78к1",Помидоры черри Ароматто Эко-культура сливовидные красные на ветке,Овощи,199,199,0,2,398
241108-589-0984,2024-11-08,доставлен,08:49:00,09:09:00,"Москва, Ленинский проспект, 78к1",Филе куриное охлаждённое Из Груши,База,249,209,40,1,209
241108-589-0984,2024-11-08,доставлен,08:49:00,09:09:00,"Москва, Ленинский проспект, 78к1",Сок апельсиновый Из Груши прямой отжим,Напитки,409,359,50,1,359
241108-589-0984,2024-11-08,доставлен,08:49:00,09:09:00,"Москва, Ленинский проспект, 78к1",Доставка,Услуги Груши,0,0,0,1,0
241108-602-6350,2024-11-08,доставлен,18:05:00,18:20:00,"Москва, Ленинский проспект, 78к1",Руккола Из Груши,Овощи,139,139,0,1,139
241108-602-6350,2024-11-08,доставлен,18:05:00,18:20:00,"Москва, Ленинский проспект, 78к1","Напиток соевый Alpro Banana банановый 1,8%",Напитки,109,109,0,1,109
241108-602-6350,2024-11-08,доставлен,18:05:00,18:20:00,"Москва, Ленинский проспект, 78к1",Доставка,Услуги Груши,0,0,0,1,0
241108-602-6350,2024-11-08,доставлен,18:05:00,18:20:00,"Москва, Ленинский проспект, 78к1",Упаковка,Услуги Груши,15,15,0,1,15
241108-957-3706,2024-11-08,доставлен,18:14:00,18:35:00,"Москва, Ленинский проспект, 78к1",Голубика Артфрут,Фрукты,379,379,0,1,379
241108-957-3706,2024-11-08,доставлен,18:14:00,18:35:00,"Москва, Ленинский проспект, 78к1",Булочка с маком Братья Караваевы,Сладости,89,89,0,1,89
241108-957-3706,2024-11-08,доставлен,18:14:00,18:35:00,"Москва, Ленинский проспект, 78к1",Хурма Королёк,Фрукты,339,339,0,1,339
241108-957-3706,2024-11-08,доставлен,18:14:00,18:35:00,"Москва, Ленинский проспект, 78к1",Каша овсяная с ягодами Из Груши,Готовая еда,159,159,0,1,159
241108-957-3706,2024-11-08,доставлен,18:14:00,18:35:00,"Москва, Ленинский проспект, 78к1",Яблоки Криппс Пинк Собрано в саду 4 шт.,Фрукты,129,129,0,1,129
241108-957-3706,2024-11-08,доставлен,18:14:00,18:35:00,"Москва, Ленинский проспект, 78к1",Шпинат,Овощи,139,139,0,2,278
241108-957-3706,2024-11-08,доставлен,18:14:00,18:35:00,"Москва, Ленинский проспект, 78к1",Помидоры черри на ветке,Овощи,279,279,0,2,558
241108-957-3706,2024-11-08,доставлен,18:14:00,18:35:00,"Москва, Ленинский проспект, 78к1",Доставка,Услуги Груши,0,0,0,1,0
241109-498-6784,2024-11-09,доставлен,09:35:00,09:56:00,"Москва, Ленинский проспект, 78к1",Вода минеральная Evian без газа,Вода,119,119,0,1,119
241109-498-6784,2024-11-09,доставлен,09:35:00,09:56:00,"Москва, Ленинский проспект, 78к1",Апельсины,Фрукты,129,129,0,2,258
241109-498-6784,2024-11-09,доставлен,09:35:00,09:56:00,"Москва, Ленинский проспект, 78к1",Доставка,Услуги Груши,119,119,0,1,119
241109-413-9607,2024-11-09,доставлен,20:09:00,20:29:00,"Москва, Ленинский проспект, 78к1","Молоко 2,5% Асеньевская ферма пастеризованное",База,109,109,0,1,109
241109-413-9607,2024-11-09,доставлен,20:09:00,20:29:00,"Москва, Ленинский проспект, 78к1","Гранат, Азербайджан",Фрукты,149,149,0,1,149
241109-413-9607,2024-11-09,доставлен,20:09:00,20:29:00,"Москва, Ленинский проспект, 78к1",Лимон,Фрукты,29,19,10,1,19
241109-413-9607,2024-11-09,доставлен,20:09:00,20:29:00,"Москва, Ленинский проспект, 78к1",Салфетки для уборки Master Fresh,Товары для дома,199,199,0,1,199
241109-413-9607,2024-11-09,доставлен,20:09:00,20:29:00,"Москва, Ленинский проспект, 78к1",Батончик шоколадный Из Груши с вафлей,Сладости,279,279,0,1,279
241109-413-9607,2024-11-09,доставлен,20:09:00,20:29:00,"Москва, Ленинский проспект, 78к1",Малина Из Груши,Фрукты,749,749,0,1,749
241109-413-9607,2024-11-09,доставлен,20:09:00,20:29:00,"Москва, Ленинский проспект, 78к1",Зелёный горошек Из Груши быстрозамороженный,Овощи,159,159,0,2,318
241109-413-9607,2024-11-09,доставлен,20:09:00,20:29:00,"Москва, Ленинский проспект, 78к1",Доставка,Услуги Груши,0,0,0,1,0
241110-834-0725,2024-11-10,доставлен,19:44:00,19:59:00,"Москва, Ленинский проспект, 78к1","Масло сливочное 72,5% Из Груши",База,179,179,0,1,179
241110-834-0725,2024-11-10,доставлен,19:44:00,19:59:00,"Москва, Ленинский проспект, 78к1",Семена тыквы очищенные Из Груши,Снеки,179,179,0,1,179
241110-834-0725,2024-11-10,доставлен,19:44:00,19:59:00,"Москва, Ленинский проспект, 78к1",Помидоры черри красные Премиум Рост,Овощи,239,239,0,1,239
241110-834-0725,2024-11-10,доставлен,19:44:00,19:59:00,"Москва, Ленинский проспект, 78к1",Витамин D3 2000 МЕ Solgar 60 капсул,Аптека,1090,1090,0,1,1090
241110-834-0725,2024-11-10,доставлен,19:44:00,19:59:00,"Москва, Ленинский проспект, 78к1",Горошек зелёный Bonduelle замороженный,Овощи,119,119,0,1,119
241110-834-0725,2024-11-10,доставлен,19:44:00,19:59:00,"Москва, Ленинский проспект, 78к1",Перчики черри Из Груши фаршированные сливочным сыром,Овощи,299,299,0,1,299
241110-834-0725,2024-11-10,доставлен,19:44:00,19:59:00,"Москва, Ленинский проспект, 78к1",Шоколад молочный Alpen Gold с фундуком,Сладости,149,149,0,1,149
241110-834-0725,2024-11-10,доставлен,19:44:00,19:59:00,"Москва, Ленинский проспект, 78к1",Голубика,Фрукты,259,259,0,1,259
241110-834-0725,2024-11-10,доставлен,19:44:00,19:59:00,"Москва, Ленинский проспект, 78к1",Доставка,Услуги Груши,0,0,0,1,0
241110-915-6489,2024-11-10,доставлен,20:20:00,20:35:00,"Москва, Ленинский проспект, 78к1",Авокадо Хасс,Овощи,499,499,0,1,499
241110-915-6489,2024-11-10,доставлен,20:20:00,20:35:00,"Москва, Ленинский проспект, 78к1",Квас Очаковский,Напитки,99,99,0,1,99
241110-915-6489,2024-11-10,доставлен,20:20:00,20:35:00,"Москва, Ленинский проспект, 78к1",Хачапури по-аджарски Из Груши,Готовая еда,289,289,0,1,289
241110-915-6489,2024-11-10,доставлен,20:20:00,20:35:00,"Москва, Ленинский проспект, 78к1",Хлеб тостовый пшеничный Из Груши,База,89,89,0,1,89
241110-915-6489,2024-11-10,доставлен,20:20:00,20:35:00,"Москва, Ленинский проспект, 78к1",Чипсы Lay's Из Печи Сметана и ароматные травы,Снеки,119,109,10,1,109
241110-915-6489,2024-11-10,доставлен,20:20:00,20:35:00,"Москва, Ленинский проспект, 78к1","Масло сливочное 72,5% Из Груши",База,179,179,0,1,179
241110-915-6489,2024-11-10,доставлен,20:20:00,20:35:00,"Москва, Ленинский проспект, 78к1",Шарики сырные с моцареллой Азбука Вкуса,Готовая еда,359,359,0,2,718
241110-915-6489,2024-11-10,доставлен,20:20:00,20:35:00,"Москва, Ленинский проспект, 78к1",Доставка,Услуги Груши,0,0,0,1,0
241111-675-7011,2024-11-11,доставлен,18:37:00,18:58:00,"Москва, Ленинский проспект, 78к1","Кефир 3,2% Асеньевская ферма",База,119,119,0,1,119
241111-675-7011,2024-11-11,доставлен,18:37:00,18:58:00,"Москва, Ленинский проспект, 78к1",Блинчики с ветчиной и сыром Азбука Вкуса,Готовая еда,349,349,0,1,349
241111-675-7011,2024-11-11,доставлен,18:37:00,18:58:00,"Москва, Ленинский проспект, 78к1",Мандарины мини,Фрукты,189,189,0,1,189
241111-675-7011,2024-11-11,доставлен,18:37:00,18:58:00,"Москва, Ленинский проспект, 78к1",Вода минеральная Petroglyph негазированная,Вода,149,149,0,1,149
241111-675-7011,2024-11-11,доставлен,18:37:00,18:58:00,"Москва, Ленинский проспект, 78к1",Авокадо Хасс,Овощи,499,359,140,1,359
241111-675-7011,2024-11-11,доставлен,18:37:00,18:58:00,"Москва, Ленинский проспект, 78к1",Запеканка творожная с вишней Азбука Вкуса,Готовая еда,299,299,0,2,598
241111-675-7011,2024-11-11,доставлен,18:37:00,18:58:00,"Москва, Ленинский проспект, 78к1",Доставка,Услуги Груши,0,0,0,1,0
241112-326-5568,2024-11-12,доставлен,19:21:00,19:35:00,"Москва, Ленинский проспект, 78к1",Вода Шишкин лес негазированная,Вода,49,49,0,1,49
241112-326-5568,2024-11-12,доставлен,19:21:00,19:35:00,"Москва, Ленинский проспект, 78к1",Банан,Фрукты,29,29,0,1,29
241112-326-5568,2024-11-12,доставлен,19:21:00,19:35:00,"Москва, Ленинский проспект, 78к1",Чипсы Lay's с солью,Снеки,149,149,0,1,149
241112-326-5568,2024-11-12,доставлен,19:21:00,19:35:00,"Москва, Ленинский проспект, 78к1",Сэндвич на круассане с лососем и муссом из шпината Из Груши,Готовая еда,319,319,0,1,319
241112-326-5568,2024-11-12,доставлен,19:21:00,19:35:00,"Москва, Ленинский проспект, 78к1",Туалетная бумага Zewa Плюс белая 2 слоя,Товары для дома,139,139,0,1,139
241112-326-5568,2024-11-12,доставлен,19:21:00,19:35:00,"Москва, Ленинский проспект, 78к1",Доставка,Услуги Груши,49,49,0,1,49
241112-326-5568,2024-11-12,доставлен,19:21:00,19:35:00,"Москва, Ленинский проспект, 78к1",Упаковка,Услуги Груши,15,15,0,1,15
241114-867-1761,2024-11-14,доставлен,10:45:00,11:16:00,"Москва, Ленинский проспект, 78к1",Фольга пищевая Из Груши,Товары для дома,139,109,30,1,109
241114-867-1761,2024-11-14,доставлен,10:45:00,11:16:00,"Москва, Ленинский проспект, 78к1",Помидоры черри на ветке,Овощи,279,279,0,1,279
241114-867-1761,2024-11-14,доставлен,10:45:00,11:16:00,"Москва, Ленинский проспект, 78к1",Пирожное Картошка Из Груши,Сладости,219,219,0,1,219
241114-867-1761,2024-11-14,доставлен,10:45:00,11:16:00,"Москва, Ленинский проспект, 78к1",Сосиски из куриной грудки Из Груши,База,239,239,0,1,239
241114-867-1761,2024-11-14,доставлен,10:45:00,11:16:00,"Москва, Ленинский проспект, 78к1",Доставка,Услуги Груши,0,0,0,1,0
241115-368-7565,2024-11-15,доставлен,11:37:00,11:49:00,"Москва, Ленинский проспект, 78к1",Яйцо куриное СО Из Груши,База,179,179,0,1,179
241115-368-7565,2024-11-15,доставлен,11:37:00,11:49:00,"Москва, Ленинский проспект, 78к1",Шоколад Kinder Chocolate с молочной начинкой,Сладости,99,69,30,1,69
241115-368-7565,2024-11-15,доставлен,11:37:00,11:49:00,"Москва, Ленинский проспект, 78к1",Сэндвич на зерновом хлебе с куриным филе и сливочным карри,Готовая еда,249,249,0,1,249
241115-368-7565,2024-11-15,доставлен,11:37:00,11:49:00,"Москва, Ленинский проспект, 78к1",Доставка,Услуги Груши,0,0,0,1,0
241118-456-5280,2024-11-18,доставлен,10:03:00,10:24:00,"Москва, Ленинский проспект, 78к1",Туалетная бумага Zewa Плюс белая 2 слоя,Товары для дома,139,139,0,1,139
241118-456-5280,2024-11-18,доставлен,10:03:00,10:24:00,"Москва, Ленинский проспект, 78к1",Напиток соевый Alpro банановый,Напитки,379,379,0,1,379
241118-456-5280,2024-11-18,доставлен,10:03:00,10:24:00,"Москва, Ленинский проспект, 78к1",Салат Крабовый Азбука вкуса,Готовая еда,209,209,0,1,209
241118-456-5280,2024-11-18,доставлен,10:03:00,10:24:00,"Москва, Ленинский проспект, 78к1",Апельсины сладкие,Фрукты,299,299,0,2,598
241118-456-5280,2024-11-18,доставлен,10:03:00,10:24:00,"Москва, Ленинский проспект, 78к1",Икра деликатесная Санта Бремор с копчёным лососем,Готовая еда,209,209,0,1,209
241118-456-5280,2024-11-18,доставлен,10:03:00,10:24:00,"Москва, Ленинский проспект, 78к1","Суп с куриными фрикадельками, с пастой Алфавит Азбука Вкуса",Готовая еда,389,389,0,1,389
241118-456-5280,2024-11-18,доставлен,10:03:00,10:24:00,"Москва, Ленинский проспект, 78к1",Сэндвич с ростбифом The Truffle,Готовая еда,309,309,0,1,309
241118-456-5280,2024-11-18,доставлен,10:03:00,10:24:00,"Москва, Ленинский проспект, 78к1",Доставка,Услуги Груши,0,0,0,1,0
241118-456-5280,2024-11-18,доставлен,10:03:00,10:24:00,"Москва, Ленинский проспект, 78к1",Упаковка,Услуги Груши,15,15,0,1,15
241118-913-1725,2024-11-18,доставлен,10:13:00,10:25:00,"Москва, Ленинский проспект, 78к1","Молоко 2,5% Асеньевская ферма пастеризованное",База,109,109,0,1,109
241118-913-1725,2024-11-18,доставлен,10:13:00,10:25:00,"Москва, Ленинский проспект, 78к1","Масло сливочное 82,5% Вологодское Из Вологды",База,359,359,0,1,359
241118-913-1725,2024-11-18,доставлен,10:13:00,10:25:00,"Москва, Ленинский проспект, 78к1",Суп-пюре сырный с креветками Азбука вкуса,Готовая еда,299,299,0,1,299
241118-913-1725,2024-11-18,доставлен,10:13:00,10:25:00,"Москва, Ленинский проспект, 78к1",Баклажаны,Овощи,109,109,0,1,109
241118-913-1725,2024-11-18,доставлен,10:13:00,10:25:00,"Москва, Ленинский проспект, 78к1",Доставка,Услуги Груши,0,0,0,1,0
241119-100-5880,2024-11-19,доставлен,09:49:00,10:04:00,"Москва, Ленинский проспект, 78к1","Сэндвич с индейкой, сыром чеддер, соусами монре и айоли Mates",Готовая еда,329,329,0,2,658
241119-100-5880,2024-11-19,доставлен,09:49:00,10:04:00,"Москва, Ленинский проспект, 78к1",Доставка,Услуги Груши,0,0,0,1,0
241119-100-5880,2024-11-19,доставлен,09:49:00,10:04:00,"Москва, Ленинский проспект, 78к1",Упаковка,Услуги Груши,15,15,0,1,15
241128-452-8228,2024-11-28,доставлен,08:30:00,08:58:00,"Москва, Ленинский проспект, 78к1","Молоко 2,5% Асеньевская ферма пастеризованное",База,109,109,0,1,109
241128-452-8228,2024-11-28,доставлен,08:30:00,08:58:00,"Москва, Ленинский проспект, 78к1","Масло сливочное 72,5% Из Груши",База,179,179,0,1,179
241128-452-8228,2024-11-28,доставлен,08:30:00,08:58:00,"Москва, Ленинский проспект, 78к1","Гранат, Азербайджан",Фрукты,149,149,0,1,149
241128-452-8228,2024-11-28,доставлен,08:30:00,08:58:00,"Москва, Ленинский проспект, 78к1",Арбуз,Фрукты,279,249,30,1,249
241128-452-8228,2024-11-28,доставлен,08:30:00,08:58:00,"Москва, Ленинский проспект, 78к1",Помидоры коктейльные сливовидные на ветке,Овощи,209,209,0,1,209
241128-452-8228,2024-11-28,доставлен,08:30:00,08:58:00,"Москва, Ленинский проспект, 78к1",Апельсины,Фрукты,129,129,0,1,129
241128-452-8228,2024-11-28,доставлен,08:30:00,08:58:00,"Москва, Ленинский проспект, 78к1",Доставка,Услуги Груши,99,99,0,1,99
241128-121-7254,2024-11-28,доставлен,09:36:00,09:53:00,"Москва, Ленинский проспект, 78к1","Кефир 3,2% Асеньевская ферма",База,119,119,0,1,119
241128-121-7254,2024-11-28,доставлен,09:36:00,09:53:00,"Москва, Ленинский проспект, 78к1",Вода Шишкин лес негазированная,Вода,49,49,0,1,49
241128-121-7254,2024-11-28,доставлен,09:36:00,09:53:00,"Москва, Ленинский проспект, 78к1",Яйцо куриное СО Из Груши,База,179,179,0,1,179
241128-121-7254,2024-11-28,доставлен,09:36:00,09:53:00,"Москва, Ленинский проспект, 78к1",Доставка,Услуги Груши,0,0,0,1,0
241128-121-7254,2024-11-28,доставлен,09:36:00,09:53:00,"Москва, Ленинский проспект, 78к1",Упаковка,Услуги Груши,15,15,0,1,15
241202-114-7103,2024-12-02,доставлен,09:23:00,10:03:00,"Москва, Ленинский проспект, 78к1","Масло сливочное 82,5% Вологодское Из Вологды",База,359,359,0,1,359
241202-114-7103,2024-12-02,доставлен,09:23:00,10:03:00,"Москва, Ленинский проспект, 78к1",Батончик шоколадный Snickers Super,Сладости,89,89,0,2,178
241202-114-7103,2024-12-02,доставлен,09:23:00,10:03:00,"Москва, Ленинский проспект, 78к1",Доставка,Услуги Груши,79,79,0,1,79
241202-114-7103,2024-12-02,доставлен,09:23:00,10:03:00,"Москва, Ленинский проспект, 78к1",Упаковка,Услуги Груши,15,15,0,1,15
241203-425-4697,2024-12-03,доставлен,08:26:00,08:40:00,"Москва, Ленинский проспект, 78к1",Банан,Фрукты,29,29,0,1,29
241203-425-4697,2024-12-03,доставлен,08:26:00,08:40:00,"Москва, Ленинский проспект, 78к1",Сэндвич на круассане с индейкой и мандариновым соусом Eggsellent x Груша,Готовая еда,499,499,0,2,998
241203-425-4697,2024-12-03,доставлен,08:26:00,08:40:00,"Москва, Ленинский проспект, 78к1",Доставка,Услуги Груши,0,0,0,1,0
241203-425-4697,2024-12-03,доставлен,08:26:00,08:40:00,"Москва, Ленинский проспект, 78к1",Упаковка,Услуги Груши,15,15,0,1,15
241205-434-6122,2024-12-05,доставлен,22:24:00,22:36:00,"Москва, Ленинский проспект, 78к1",Шоколад молочный Ritter Sport Extra Nut с цельным лесным орехом,Сладости,179,179,0,1,179
241205-434-6122,2024-12-05,доставлен,22:24:00,22:36:00,"Москва, Ленинский проспект, 78к1","Помидоры Пинк Парадайз, Узбекистан",Овощи,769,769,0,1,769
241205-434-6122,2024-12-05,доставлен,22:24:00,22:36:00,"Москва, Ленинский проспект, 78к1",Доставка,Услуги Груши,0,0,0,1,0
241205-434-6122,2024-12-05,доставлен,22:24:00,22:36:00,"Москва, Ленинский проспект, 78к1",Упаковка,Услуги Груши,15,15,0,1,15
241209-121-9774,2024-12-09,доставлен,07:09:00,07:19:00,"Москва, Ленинский проспект, 78к1",Вода Шишкин лес негазированная,Вода,49,49,0,1,49
241209-121-9774,2024-12-09,доставлен,07:09:00,07:19:00,"Москва, Ленинский проспект, 78к1","Молоко 2,5% Асеньевская ферма пастеризованное",База,109,109,0,1,109
241209-121-9774,2024-12-09,доставлен,07:09:00,07:19:00,"Москва, Ленинский проспект, 78к1","Масло сливочное 72,5% Из Груши",База,179,129,50,1,129
241209-121-9774,2024-12-09,доставлен,07:09:00,07:19:00,"Москва, Ленинский проспект, 78к1","Напиток овсяный Nemoloko 3,2% классический",Напитки,149,149,0,1,149
241209-121-9774,2024-12-09,доставлен,07:09:00,07:19:00,"Москва, Ленинский проспект, 78к1",Доставка,Услуги Груши,0,0,0,1,0
241209-120-1808,2024-12-09,доставлен,20:10:00,20:27:00,"Москва, Ленинский проспект, 78к1",Батарейки алкалиновые GP Ultra Alkaline ААА,Товары для дома,219,219,0,1,219
241209-120-1808,2024-12-09,доставлен,20:10:00,20:27:00,"Москва, Ленинский проспект, 78к1",Огурцы короткоплодные,Овощи,89,89,0,1,89
241209-120-1808,2024-12-09,доставлен,20:10:00,20:27:00,"Москва, Ленинский проспект, 78к1",Битые огурцы Чихо,Готовая еда,579,579,0,1,579
241209-120-1808,2024-12-09,доставлен,20:10:00,20:27:00,"Москва, Ленинский проспект, 78к1",Доставка,Услуги Груши,0,0,0,1,0
241209-674-7593,2024-12-09,доставлен,22:27:00,22:36:00,"Москва, Ленинский проспект, 78к1",Сэндвич на круассане с лососем и муссом из шпината Из Груши,Готовая еда,319,319,0,1,319
241209-674-7593,2024-12-09,доставлен,22:27:00,22:36:00,"Москва, Ленинский проспект, 78к1","Помидоры Пинк Парадайз, Узбекистан",Овощи,769,769,0,1,769
241209-674-7593,2024-12-09,доставлен,22:27:00,22:36:00,"Москва, Ленинский проспект, 78к1",Рис Басмати отварной Азбука Вкуса,Готовая еда,149,149,0,1,149
241209-674-7593,2024-12-09,доставлен,22:27:00,22:36:00,"Москва, Ленинский проспект, 78к1",Шоколад тёмный Люкс Бабаевский,Сладости,169,169,0,1,169
241209-674-7593,2024-12-09,доставлен,22:27:00,22:36:00,"Москва, Ленинский проспект, 78к1",Доставка,Услуги Груши,49,49,0,1,49
241210-244-7531,2024-12-10,доставлен,08:01:00,08:16:00,"Москва, Ленинский проспект, 78к1",Шоколад молочный Ritter Sport Extra Nut с цельным лесным орехом,Сладости,179,129,50,2,258
241210-244-7531,2024-12-10,доставлен,08:01:00,08:16:00,"Москва, Ленинский проспект, 78к1",Чистящее средство Synergetic для окон и зеркал,Товары для дома,329,289,40,1,289
241210-244-7531,2024-12-10,доставлен,08:01:00,08:16:00,"Москва, Ленинский проспект, 78к1",Батарейка GP Super Alkaline АA,Товары для дома,279,279,0,1,279
241210-244-7531,2024-12-10,доставлен,08:01:00,08:16:00,"Москва, Ленинский проспект, 78к1",Манго Артфрут,Фрукты,159,159,0,2,318
241210-244-7531,2024-12-10,доставлен,08:01:00,08:16:00,"Москва, Ленинский проспект, 78к1",Доставка,Услуги Груши,79,79,0,1,79
241212-016-3725,2024-12-12,доставлен,20:03:00,20:18:00,"Москва, Ленинский проспект, 78к1","Кефир 3,2% Асеньевская ферма",База,119,119,0,1,119
241212-016-3725,2024-12-12,доставлен,20:03:00,20:18:00,"Москва, Ленинский проспект, 78к1",Яйцо куриное СО Из Груши,База,179,179,0,1,179
241212-016-3725,2024-12-12,доставлен,20:03:00,20:18:00,"Москва, Ленинский проспект, 78к1",Каша овсяная с ягодами Из Груши,Готовая еда,159,159,0,2,318
241212-016-3725,2024-12-12,доставлен,20:03:00,20:18:00,"Москва, Ленинский проспект, 78к1",Витамин D3 2000 МЕ Solgar 60 капсул,Аптека,1090,1090,0,1,1090
241212-016-3725,2024-12-12,доставлен,20:03:00,20:18:00,"Москва, Ленинский проспект, 78к1",Яблоки Гала,Фрукты,59,59,0,1,59
241212-016-3725,2024-12-12,доставлен,20:03:00,20:18:00,"Москва, Ленинский проспект, 78к1",Печенье Орешек со сгущёнкой Братья Караваевы,Сладости,439,439,0,2,878
241212-016-3725,2024-12-12,доставлен,20:03:00,20:18:00,"Москва, Ленинский проспект, 78к1",Доставка,Услуги Груши,0,0,0,1,0
241212-016-3725,2024-12-12,доставлен,20:03:00,20:18:00,"Москва, Ленинский проспект, 78к1",Упаковка,Услуги Груши,15,15,0,1,15
241214-594-4461,2024-12-14,доставлен,18:00:00,18:11:00,"Москва, Ленинский проспект, 78к1","Масло сливочное 82,5% Вологодское Из Вологды",База,359,359,0,2,718
241214-594-4461,2024-12-14,доставлен,18:00:00,18:11:00,"Москва, Ленинский проспект, 78к1",Разрыхлитель теста Dr.Bakers,База,19,19,0,1,19
241214-594-4461,2024-12-14,доставлен,18:00:00,18:11:00,"Москва, Ленинский проспект, 78к1",Помидоры Черри на ветке Сладкая ягода,Овощи,189,189,0,1,189
241214-594-4461,2024-12-14,доставлен,18:00:00,18:11:00,"Москва, Ленинский проспект, 78к1",Шпинат,Овощи,139,139,0,1,139
241214-594-4461,2024-12-14,доставлен,18:00:00,18:11:00,"Москва, Ленинский проспект, 78к1",Перчики черри Из Груши фаршированные сливочным сыром,Овощи,299,299,0,1,299
241214-594-4461,2024-12-14,доставлен,18:00:00,18:11:00,"Москва, Ленинский проспект, 78к1",Сухарики Три корочки бекон,Снеки,59,59,0,1,59
241214-594-4461,2024-12-14,доставлен,18:00:00,18:11:00,"Москва, Ленинский проспект, 78к1",Доставка,Услуги Груши,99,99,0,1,99
241217-320-3289,2024-12-17,доставлен,19:57:00,20:10:00,"Москва, Ленинский проспект, 78к1",Ромовая баба глазированная шоколадной помадкой Из Груши,Сладости,169,169,0,1,169
241217-320-3289,2024-12-17,доставлен,19:57:00,20:10:00,"Москва, Ленинский проспект, 78к1",Пластырь бактерицидный Cosmos 20 шт,Аптека,209,209,0,1,209
241217-320-3289,2024-12-17,доставлен,19:57:00,20:10:00,"Москва, Ленинский проспект, 78к1",Спрей для горла Гексорал,Аптека,609,609,0,1,609
241217-320-3289,2024-12-17,доставлен,19:57:00,20:10:00,"Москва, Ленинский проспект, 78к1",Филе куриное запечённое с помидорами и сыром Азбука Вкуса,Готовая еда,329,329,0,1,329
241217-320-3289,2024-12-17,доставлен,19:57:00,20:10:00,"Москва, Ленинский проспект, 78к1",Яблоки Гренни Смит Отборные Собрано в саду 4 шт.,Фрукты,269,209,60,1,209
241217-320-3289,2024-12-17,доставлен,19:57:00,20:10:00,"Москва, Ленинский проспект, 78к1",Доставка,Услуги Груши,0,0,0,1,0
241217-320-3289,2024-12-17,доставлен,19:57:00,20:10:00,"Москва, Ленинский проспект, 78к1",Упаковка,Услуги Груши,15,15,0,1,15
241220-207-5502,2024-12-20,доставлен,08:19:00,08:42:00,"Москва, Ленинский проспект, 78к1",Вода Шишкин лес негазированная,Вода,49,49,0,3,147
241220-207-5502,2024-12-20,доставлен,08:19:00,08:42:00,"Москва, Ленинский проспект, 78к1","Молоко 2,5% Асеньевская ферма пастеризованное",База,109,109,0,1,109
241220-207-5502,2024-12-20,доставлен,08:19:00,08:42:00,"Москва, Ленинский проспект, 78к1","Масло сливочное 72,5% Из Груши",База,179,179,0,1,179
241220-207-5502,2024-12-20,доставлен,08:19:00,08:42:00,"Москва, Ленинский проспект, 78к1",Виноград кишмиш белый,Фрукты,239,179,60,1,179
241220-207-5502,2024-12-20,доставлен,08:19:00,08:42:00,"Москва, Ленинский проспект, 78к1",Сметана 20% Из Груши,База,99,99,0,1,99
241220-207-5502,2024-12-20,доставлен,08:19:00,08:42:00,"Москва, Ленинский проспект, 78к1",Омлет с беконом и релишем из болгарского перца Из Груши,Готовая еда,299,299,0,1,299
241220-207-5502,2024-12-20,доставлен,08:19:00,08:42:00,"Москва, Ленинский проспект, 78к1",Сок апельсиновый Из Груши прямой отжим,Напитки,409,409,0,1,409
241220-207-5502,2024-12-20,доставлен,08:19:00,08:42:00,"Москва, Ленинский проспект, 78к1",Вода минеральная Рычал-Су,Вода,129,129,0,1,129
241220-207-5502,2024-12-20,доставлен,08:19:00,08:42:00,"Москва, Ленинский проспект, 78к1",Шоколад молочный Milka с фундуком,Сладости,139,139,0,3,417
241220-207-5502,2024-12-20,доставлен,08:19:00,08:42:00,"Москва, Ленинский проспект, 78к1",Доставка,Услуги Груши,0,0,0,1,0
241221-594-4169,2024-12-21,доставлен,20:39:00,21:07:00,"Москва, Ленинский проспект, 78к1",Туалетная бумага Zewa Плюс белая 2 слоя,Товары для дома,139,139,0,1,139
241221-594-4169,2024-12-21,доставлен,20:39:00,21:07:00,"Москва, Ленинский проспект, 78к1",Голубика,Фрукты,259,259,0,2,518
241221-594-4169,2024-12-21,доставлен,20:39:00,21:07:00,"Москва, Ленинский проспект, 78к1",Чипсы Lay's сыр,Снеки,199,199,0,2,398
241221-594-4169,2024-12-21,доставлен,20:39:00,21:07:00,"Москва, Ленинский проспект, 78к1",Бекон сырокопчёный Велком нарезка,База,289,229,60,1,229
241221-594-4169,2024-12-21,доставлен,20:39:00,21:07:00,"Москва, Ленинский проспект, 78к1",Апельсины,Фрукты,129,129,0,1,129
241221-594-4169,2024-12-21,доставлен,20:39:00,21:07:00,"Москва, Ленинский проспект, 78к1",Доставка,Услуги Груши,0,0,0,1,0
241226-460-0085,2024-12-26,доставлен,09:24:00,09:31:00,"Москва, Ленинский проспект, 78к1","Кефир 3,2% Асеньевская ферма",База,119,119,0,1,119
241226-460-0085,2024-12-26,доставлен,09:24:00,09:31:00,"Москва, Ленинский проспект, 78к1",Яйцо куриное СО Из Груши,База,179,179,0,1,179
241226-460-0085,2024-12-26,доставлен,09:24:00,09:31:00,"Москва, Ленинский проспект, 78к1","Масло сливочное 82,5% Вологодское Из Вологды",База,359,319,40,1,319
241226-460-0085,2024-12-26,доставлен,09:24:00,09:31:00,"Москва, Ленинский проспект, 78к1",Чипсы Lay's Из Печи Лисички в сметане,Снеки,119,119,0,2,238
241226-460-0085,2024-12-26,доставлен,09:24:00,09:31:00,"Москва, Ленинский проспект, 78к1",Доставка,Услуги Груши,99,99,0,1,99
241226-574-8028,2024-12-26,доставлен,11:47:00,12:24:00,"Москва, Ленинский проспект, 78к1",Орехи кешью жареные Из Груши,Снеки,399,399,0,1,399
241226-574-8028,2024-12-26,доставлен,11:47:00,12:24:00,"Москва, Ленинский проспект, 78к1",Напиток энергетический Adrenaline Rush,Напитки,179,179,0,1,179
241226-574-8028,2024-12-26,доставлен,11:47:00,12:24:00,"Москва, Ленинский проспект, 78к1",Абрикосы,Фрукты,269,269,0,3,807
241226-574-8028,2024-12-26,доставлен,11:47:00,12:24:00,"Москва, Ленинский проспект, 78к1",Петрушка,Овощи,89,89,0,1,89
241226-574-8028,2024-12-26,доставлен,11:47:00,12:24:00,"Москва, Ленинский проспект, 78к1",Доставка,Услуги Груши,0,0,0,1,0
241226-574-8028,2024-12-26,доставлен,11:47:00,12:24:00,"Москва, Ленинский проспект, 78к1",Упаковка,Услуги Груши,15,15,0,1,15
241227-365-8473,2024-12-27,доставлен,19:02:00,19:23:00,"Москва, Ленинский проспект, 78к1",Уха с сёмгой Азбука вкуса,Готовая еда,579,579,0,1,579
241227-365-8473,2024-12-27,доставлен,19:02:00,19:23:00,"Москва, Ленинский проспект, 78к1",Квас Очаковский,Напитки,99,99,0,1,99
241227-365-8473,2024-12-27,доставлен,19:02:00,19:23:00,"Москва, Ленинский проспект, 78к1",Термометр электронный Omron,Аптека,939,649,290,1,649
241227-365-8473,2024-12-27,доставлен,19:02:00,19:23:00,"Москва, Ленинский проспект, 78к1",Сэндвич с ростбифом The Truffle,Готовая еда,309,309,0,2,618
241227-365-8473,2024-12-27,доставлен,19:02:00,19:23:00,"Москва, Ленинский проспект, 78к1",Доставка,Услуги Груши,0,0,0,1,0
241229-640-6913,2024-12-29,доставлен,19:22:00,19:43:00,"Москва, Ленинский проспект, 78к1","Молоко 2,5% Асеньевская ферма пастеризованное",База,109,109,0,1,109
241229-640-6913,2024-12-29,доставлен,19:22:00,19:43:00,"Москва, Ленинский проспект, 78к1",Сэндвич с индейкой и моцареллой Из Груши,Готовая еда,259,259,0,1,259
241229-640-6913,2024-12-29,доставлен,19:22:00,19:43:00,"Москва, Ленинский проспект, 78к1",Чипсы Simply chips сыр пармезан с чесноком и зеленью,Снеки,119,119,0,1,119
241229-640-6913,2024-12-29,доставлен,19:22:00,19:43:00,"Москва, Ленинский проспект, 78к1",Хурма Королёк,Фрукты,339,339,0,1,339
241229-640-6913,2024-12-29,доставлен,19:22:00,19:43:00,"Москва, Ленинский проспект, 78к1",Клюква Планета витаминов замороженная,Фрукты,239,239,0,1,239
241229-640-6913,2024-12-29,доставлен,19:22:00,19:43:00,"Москва, Ленинский проспект, 78к1",Чипсы Московский картофель сметана и зелень рифлёные,Снеки,169,169,0,1,169
241229-640-6913,2024-12-29,доставлен,19:22:00,19:43:00,"Москва, Ленинский проспект, 78к1",Хлебцы гречневые Dr. Korner,Снеки,89,89,0,1,89
241229-640-6913,2024-12-29,доставлен,19:22:00,19:43:00,"Москва, Ленинский проспект, 78к1",Рис Басмати отварной Азбука Вкуса,Готовая еда,149,149,0,1,149
241229-640-6913,2024-12-29,доставлен,19:22:00,19:43:00,"Москва, Ленинский проспект, 78к1",Помидоры Черри на ветке Сладкая ягода,Овощи,189,189,0,1,189
241229-640-6913,2024-12-29,доставлен,19:22:00,19:43:00,"Москва, Ленинский проспект, 78к1",Спелые бананы,Фрукты,309,309,0,3,927
241229-640-6913,2024-12-29,доставлен,19:22:00,19:43:00,"Москва, Ленинский проспект, 78к1",Доставка,Услуги Груши,0,0,0,1,0
241229-640-6913,2024-12-29,доставлен,19:22:00,19:43:00,"Москва, Ленинский проспект, 78к1",Упаковка,Услуги Груши,15,15,0,1,15
241230-908-0923,2024-12-30,доставлен,18:47:00,19:05:00,"Москва, Ленинский проспект, 78к1",Вода Шишкин лес негазированная,Вода,49,49,0,1,49
241230-908-0923,2024-12-30,доставлен,18:47:00,19:05:00,"Москва, Ленинский проспект, 78к1","Масло сливочное 72,5% Из Груши",База,179,179,0,1,179
241230-908-0923,2024-12-30,доставлен,18:47:00,19:05:00,"Москва, Ленинский проспект, 78к1",Напиток овсяный Nemoloko шоколадный,Напитки,49,49,0,1,49
241230-908-0923,2024-12-30,доставлен,18:47:00,19:05:00,"Москва, Ленинский проспект, 78к1",Лимон,Фрукты,29,29,0,3,87
241230-908-0923,2024-12-30,доставлен,18:47:00,19:05:00,"Москва, Ленинский проспект, 78к1",Поке с креветкой том ям Soul in the Bowl,Готовая еда,579,579,0,1,579
241230-908-0923,2024-12-30,доставлен,18:47:00,19:05:00,"Москва, Ленинский проспект, 78к1",Перчики черри Из Груши фаршированные сливочным сыром,Овощи,299,299,0,1,299
241230-908-0923,2024-12-30,доставлен,18:47:00,19:05:00,"Москва, Ленинский проспект, 78к1",Помидоры черри на ветке,Овощи,279,279,0,2,558
241230-908-0923,2024-12-30,доставлен,18:47:00,19:05:00,"Москва, Ленинский проспект, 78к1","Гранат, Азербайджан",Фрукты,149,99,50,1,99
241230-908-0923,2024-12-30,доставлен,18:47:00,19:05:00,"Москва, Ленинский проспект, 78к1",Попкорн Holy Corn нежный сыр,Снеки,89,89,0,1,89
241230-908-0923,2024-12-30,доставлен,18:47:00,19:05:00,"Москва, Ленинский проспект, 78к1",Абрикосы,Фрукты,269,269,0,1,269
241230-908-0923,2024-12-30,доставлен,18:47:00,19:05:00,"Москва, Ленинский проспект, 78к1",Доставка,Услуги Груши,0,0,0,1,0
241230-389-1774,2024-12-30,доставлен,18:54:00,19:04:00,"Москва, Ленинский проспект, 78к1",Шоколад молочный пористый Milka Bubbles с кокосом,Сладости,129,129,0,1,129
241230-389-1774,2024-12-30,доставлен,18:54:00,19:04:00,"Москва, Ленинский проспект, 78к1",Молоко кокосовое сгущённое King Island,База,349,349,0,1,349
241230-389-1774,2024-12-30,доставлен,18:54:00,19:04:00,"Москва, Ленинский проспект, 78к1",Орехи кешью жареные Из Груши,Снеки,399,399,0,1,399
241230-389-1774,2024-12-30,доставлен,18:54:00,19:04:00,"Москва, Ленинский проспект, 78к1",Чипсы Lay's Из печи Нежный сыр с зеленью,Снеки,129,129,0,1,129
241230-389-1774,2024-12-30,доставлен,18:54:00,19:04:00,"Москва, Ленинский проспект, 78к1",Картошка Братья Караваевы,Сладости,259,259,0,1,259
241230-389-1774,2024-12-30,доставлен,18:54:00,19:04:00,"Москва, Ленинский проспект, 78к1",Шоколад молочный Alpen Gold фундук-изюм,Сладости,119,119,0,2,238
241230-389-1774,2024-12-30,доставлен,18:54:00,19:04:00,"Москва, Ленинский проспект, 78к1",Яблоки Хонейкрисп (Медовый хруст),Фрукты,819,599,220,1,599
241230-389-1774,2024-12-30,доставлен,18:54:00,19:04:00,"Москва, Ленинский проспект, 78к1",Чипсы креветочные Nongshim острые,Снеки,179,179,0,1,179
241230-389-1774,2024-12-30,доставлен,18:54:00,19:04:00,"Москва, Ленинский проспект, 78к1",Доставка,Услуги Груши,0,0,0,1,0
241231-458-6138,2024-12-31,доставлен,08:25:00,08:51:00,"Москва, Ленинский проспект, 78к1",Груша Конференция,Фрукты,289,289,0,1,289
241231-458-6138,2024-12-31,доставлен,08:25:00,08:51:00,"Москва, Ленинский проспект, 78к1","Напиток функциональный Actimuno гранат 1,5%",Напитки,49,49,0,1,49
241231-458-6138,2024-12-31,доставлен,08:25:00,08:51:00,"Москва, Ленинский проспект, 78к1",Салат Цезарь с курицей Азбука Вкуса,Готовая еда,349,309,40,1,309
241231-458-6138,2024-12-31,доставлен,08:25:00,08:51:00,"Москва, Ленинский проспект, 78к1",Мороженое пломбир Чистая Линия,Сладости,139,139,0,1,139
241231-458-6138,2024-12-31,доставлен,08:25:00,08:51:00,"Москва, Ленинский проспект, 78к1",Яблоки Хонейкрисп (Медовый хруст),Фрукты,819,819,0,2,1638
241231-458-6138,2024-12-31,доставлен,08:25:00,08:51:00,"Москва, Ленинский проспект, 78к1",Туалетная бумага Zewa Плюс белая 2 слоя,Товары для дома,139,139,0,1,139
241231-458-6138,2024-12-31,доставлен,08:25:00,08:51:00,"Москва, Ленинский проспект, 78к1",Манго спелое,Фрукты,1090,1090,0,1,1090
241231-458-6138,2024-12-31,доставлен,08:25:00,08:51:00,"Москва, Ленинский проспект, 78к1",Помидоры черри на ветке,Овощи,279,279,0,1,279
241231-458-6138,2024-12-31,доставлен,08:25:00,08:51:00,"Москва, Ленинский проспект, 78к1","Йогурт натуральный 3,5% Из Груши",База,89,89,0,1,89
241231-458-6138,2024-12-31,доставлен,08:25:00,08:51:00,"Москва, Ленинский проспект, 78к1",Шоколад молочный Ritter Sport Extra Nut с цельным лесным орехом,Сладости,179,179,0,1,179
241231-458-6138,2024-12-31,доставлен,08:25:00,08:51:00,"Москва, Ленинский проспект, 78к1",Помидоры сливовидные Эко-культура красные на ветке,Овощи,359,359,0,1,359
241231-458-6138,2024-12-31,доставлен,08:25:00,08:51:00,"Москва, Ленинский проспект, 78к1",Суп-пюре сырный с креветками Азбука вкуса,Готовая еда,299,299,0,1,299
241231-458-6138,2024-12-31,доставлен,08:25:00,08:51:00,"Москва, Ленинский проспект, 78к1",Доставка,Услуги Груши,0,0,0,1,0
241231-870-9012,2024-12-31,доставлен,19:08:00,19:23:00,"Москва, Ленинский проспект, 78к1",Авокадо Хасс Артфрут спелое,Овощи,239,239,0,1,239
241231-870-9012,2024-12-31,доставлен,19:08:00,19:23:00,"Москва, Ленинский проспект, 78к1",Салат Цезарь с курицей Азбука Вкуса,Готовая еда,349,349,0,1,349
241231-870-9012,2024-12-31,доставлен,19:08:00,19:23:00,"Москва, Ленинский проспект, 78к1",Голубцы мясные тушеные в томатно-сливочном соусе Азбука Вкуса,Готовая еда,289,289,0,1,289
241231-870-9012,2024-12-31,доставлен,19:08:00,19:23:00,"Москва, Ленинский проспект, 78к1",Торт Медовик Из Груши,Сладости,699,699,0,1,699
241231-870-9012,2024-12-31,доставлен,19:08:00,19:23:00,"Москва, Ленинский проспект, 78к1",Шоколад молочный Alpen Gold с фундуком,Сладости,149,149,0,1,149
241231-870-9012,2024-12-31,доставлен,19:08:00,19:23:00,"Москва, Ленинский проспект, 78к1",Помидоры сливовидные Эко-культура красные на ветке,Овощи,359,359,0,1,359
241231-870-9012,2024-12-31,доставлен,19:08:00,19:23:00,"Москва, Ленинский проспект, 78к1",Пакеты для мусора Master Fresh 30 л чёрные,Товары для дома,79,79,0,1,79
241231-870-9012,2024-12-31,доставлен,19:08:00,19:23:00,"Москва, Ленинский проспект, 78к1",Сэндвич с индейкой и моцареллой Из Груши,Готовая еда,259,259,0,2,518
241231-870-9012,2024-12-31,доставлен,19:08:00,19:23:00,"Москва, Ленинский проспект, 78к1",Петрушка,Овощи,89,89,0,2,178
241231-870-9012,2024-12-31,доставлен,19:08:00,19:23:00,"Москва, Ленинский проспект, 78к1",Попкорн Holy Corn нежный сыр,Снеки,89,89,0,1,89
241231-870-9012,2024-12-31,доставлен,19:08:00,19:23:00,"Москва, Ленинский проспект, 78к1",Доставка,Услуги Груши,0,0,0,1,0
250102-517-1675,2025-01-02,доставлен,09:44:00,09:58:00,"Москва, Ленинский проспект, 78к1",Парацетамол таблетки 500 мг 20 шт,Аптека,269,269,0,1,269
250102-517-1675,2025-01-02,доставлен,09:44:00,09:58:00,"Москва, Ленинский проспект, 78к1",Спрей для горла Гексорал,Аптека,609,609,0,1,609
250102-517-1675,2025-01-02,доставлен,09:44:00,09:58:00,"Москва, Ленинский проспект, 78к1",Печенье Творожные ушки Братья Караваевы,Сладости,529,529,0,1,529
250102-517-1675,2025-01-02,доставлен,09:44:00,09:58:00,"Москва, Ленинский проспект, 78к1",Мука пшеничная Makfa,База,79,79,0,1,79
250102-517-1675,2025-01-02,доставлен,09:44:00,09:58:00,"Москва, Ленинский проспект, 78к1",Макароны Fusilli Barilla №98,База,139,139,0,2,278
250102-517-1675,2025-01-02,доставлен,09:44:00,09:58:00,"Москва, Ленинский проспект, 78к1",Огурцы короткоплодные,Овощи,249,249,0,1,249
250102-517-1675,2025-01-02,доставлен,09:44:00,09:58:00,"Москва, Ленинский проспект, 78к1",Салат Крабовый Азбука вкуса,Готовая еда,209,209,0,1,209
250102-517-1675,2025-01-02,доставлен,09:44:00,09:58:00,"Москва, Ленинский проспект, 78к1","Суп с куриными фрикадельками, с пастой Алфавит Азбука Вкуса",Готовая еда,459,459,0,1,459
250102-517-1675,2025-01-02,доставлен,09:44:00,09:58:00,"Москва, Ленинский проспект, 78к1",Доставка,Услуги Груши,0,0,0,1,0
250106-241-4094,2025-01-06,доставлен,07:52:00,08:17:00,"Москва, Ленинский проспект, 78к1","Масло сливочное 82,5% Вологодское Из Вологды",База,359,359,0,1,359
250106-241-4094,2025-01-06,доставлен,07:52:00,08:17:00,"Москва, Ленинский проспект, 78к1",Фунчоза с овощами по-корейски Азбука Вкуса,Готовая еда,239,239,0,2,478
250106-241-4094,2025-01-06,доставлен,07:52:00,08:17:00,"Москва, Ленинский проспект, 78к1",Вода Святой источник негазированная,Вода,69,69,0,1,69
250106-241-4094,2025-01-06,доставлен,07:52:00,08:17:00,"Москва, Ленинский проспект, 78к1",Черешня,Фрукты,79,79,0,3,237
250106-241-4094,2025-01-06,доставлен,07:52:00,08:17:00,"Москва, Ленинский проспект, 78к1",Шоколад белый пористый Воздушный,Сладости,139,139,0,3,417
250106-241-4094,2025-01-06,доставлен,07:52:00,08:17:00,"Москва, Ленинский проспект, 78к1",Доставка,Услуги Груши,119,119,0,1,119
250109-743-3616,2025-01-09,доставлен,09:35:00,09:56:00,"Москва, Ленинский проспект, 78к1","Кефир 3,2% Асеньевская ферма",База,119,119,0,1,119
250109-743-3616,2025-01-09,доставлен,09:35:00,09:56:00,"Москва, Ленинский проспект, 78к1",Вода Шишкин лес негазированная,Вода,69,69,0,1,69
250109-743-3616,2025-01-09,доставлен,09:35:00,09:56:00,"Москва, Ленинский проспект, 78к1",Яйцо куриное СО Из Груши,База,179,179,0,1,179
250109-743-3616,2025-01-09,доставлен,09:35:00,09:56:00,"Москва, Ленинский проспект, 78к1","Молоко 2,5% Асеньевская ферма пастеризованное",База,119,119,0,1,119
250109-743-3616,2025-01-09,доставлен,09:35:00,09:56:00,"Москва, Ленинский проспект, 78к1",Доставка,Услуги Груши,49,49,0,1,49
250109-743-3616,2025-01-09,доставлен,09:35:00,09:56:00,"Москва, Ленинский проспект, 78к1",Упаковка,Услуги Груши,19,19,0,1,19
250111-404-6522,2025-01-11,доставлен,19:14:00,19:31:00,"Москва, Ленинский проспект, 78к1","Масло сливочное 72,5% Из Груши",База,179,179,0,1,179
250111-404-6522,2025-01-11,доставлен,19:14:00,19:31:00,"Москва, Ленинский проспект, 78к1",Доставка,Услуги Груши,0,0,0,1,0
250113-505-9147,2025-01-13,доставлен,19:23:00,19:38:00,"Москва, Ленинский проспект, 78к1",Яблоки Хонейкрисп (Медовый хруст),Фрукты,819,819,0,1,819
250113-505-9147,2025-01-13,доставлен,19:23:00,19:38:00,"Москва, Ленинский проспект, 78к1",Банан,Фрукты,49,49,0,1,49
250113-505-9147,2025-01-13,доставлен,19:23:00,19:38:00,"Москва, Ленинский проспект, 78к1",Огурцы Корнишон,Овощи,99,99,0,1,99
250113-505-9147,2025-01-13,доставлен,19:23:00,19:38:00,"Москва, Ленинский проспект, 78к1",Сырники со сметаной Азбука Вкуса,Готовая еда,869,869,0,1,869
250113-505-9147,2025-01-13,доставлен,19:23:00,19:38:00,"Москва, Ленинский проспект, 78к1",Шоколад молочный Milka с фундуком,Сладости,139,139,0,1,139
250113-505-9147,2025-01-13,доставлен,19:23:00,19:38:00,"Москва, Ленинский проспект, 78к1",Печенье Творожные ушки Братья Караваевы,Сладости,529,529,0,2,1058
250113-505-9147,2025-01-13,доставлен,19:23:00,19:38:00,"Москва, Ленинский проспект, 78к1",Котлеты куриные с картофельным пюре Азбука Вкуса,Готовая еда,319,319,0,1,319
250113-505-9147,2025-01-13,доставлен,19:23:00,19:38:00,"Москва, Ленинский проспект, 78к1",Доставка,Услуги Груши,0,0,0,1,0
250114-324-9217,2025-01-14,доставлен,18:30:00,18:55:00,"Москва, Ленинский проспект, 78к1",Маршмеллоу мини Из Груши со вкусом пломбира,Сладости,99,99,0,1,99
250114-324-9217,2025-01-14,доставлен,18:30:00,18:55:00,"Москва, Ленинский проспект, 78к1","Напиток овсяный Nemoloko 3,2% классический",Напитки,149,149,0,1,149
250114-324-9217,2025-01-14,доставлен,18:30:00,18:55:00,"Москва, Ленинский проспект, 78к1",Ряженка 4% Из Груши,База,119,99,20,1,99
250114-324-9217,2025-01-14,доставлен,18:30:00,18:55:00,"Москва, Ленинский проспект, 78к1",Помидоры черри на ветке,Овощи,269,269,0,1,269
250114-324-9217,2025-01-14,доставлен,18:30:00,18:55:00,"Москва, Ленинский проспект, 78к1",Доставка,Услуги Груши,79,79,0,1,79
250116-063-0148,2025-01-16,доставлен,08:27:00,09:08:00,"Москва, Ленинский проспект, 78к1",Сок апельсиновый Из Груши прямой отжим,Напитки,409,409,0,1,409
250116-063-0148,2025-01-16,доставлен,08:27:00,09:08:00,"Москва, Ленинский проспект, 78к1",Руккола Из Груши,Овощи,139,119,20,1,119
250116-063-0148,2025-01-16,доставлен,08:27:00,09:08:00,"Москва, Ленинский проспект, 78к1",Доставка,Услуги Груши,0,0,0,1,0
250116-789-0688,2025-01-16,доставлен,12:36:00,12:47:00,"Москва, Ленинский проспект, 78к1",Помидоры черри на ветке,Овощи,269,269,0,1,269
250116-789-0688,2025-01-16,доставлен,12:36:00,12:47:00,"Москва, Ленинский проспект, 78к1",Мандарины Абхазия,Фрукты,329,329,0,1,329
250116-789-0688,2025-01-16,доставлен,12:36:00,12:47:00,"Москва, Ленинский проспект, 78к1",Хачапури по-аджарски Из Груши,Готовая еда,289,289,0,1,289
250116-789-0688,2025-01-16,доставлен,12:36:00,12:47:00,"Москва, Ленинский проспект, 78к1",Огурцы Корнишон,Овощи,99,99,0,1,99
250116-789-0688,2025-01-16,доставлен,12:36:00,12:47:00,"Москва, Ленинский проспект, 78к1",Витамин D3 2000 МЕ Solgar 60 капсул,Аптека,1090,1090,0,1,1090
250116-789-0688,2025-01-16,доставлен,12:36:00,12:47:00,"Москва, Ленинский проспект, 78к1",Спелые бананы,Фрукты,429,429,0,1,429
250116-789-0688,2025-01-16,доставлен,12:36:00,12:47:00,"Москва, Ленинский проспект, 78к1",Рис Басмати отварной Азбука Вкуса,Готовая еда,179,139,40,1,139
250116-789-0688,2025-01-16,доставлен,12:36:00,12:47:00,"Москва, Ленинский проспект, 78к1",Доставка,Услуги Груши,0,0,0,1,0
250118-133-6952,2025-01-18,доставлен,08:51:00,09:10:00,"Москва, Ленинский проспект, 78к1","Молоко 2,5% Асеньевская ферма пастеризованное",База,119,119,0,1,119
250118-133-6952,2025-01-18,доставлен,08:51:00,09:10:00,"Москва, Ленинский проспект, 78к1","Масло сливочное 82,5% Вологодское Из Вологды",База,359,359,0,1,359
250118-133-6952,2025-01-18,доставлен,08:51:00,09:10:00,"Москва, Ленинский проспект, 78к1",Завиток с корицей Братья Караваевы,Сладости,149,109,40,1,109
250118-133-6952,2025-01-18,доставлен,08:51:00,09:10:00,"Москва, Ленинский проспект, 78к1",Авокадо Хасс Артфрут спелое,Овощи,189,189,0,1,189
250118-133-6952,2025-01-18,доставлен,08:51:00,09:10:00,"Москва, Ленинский проспект, 78к1",Доставка,Услуги Груши,49,49,0,1,49
250121-525-5888,2025-01-21,доставлен,09:14:00,09:28:00,"Москва, Ленинский проспект, 78к1",Вода Шишкин лес негазированная,Вода,69,49,20,1,49
250121-525-5888,2025-01-21,доставлен,09:14:00,09:28:00,"Москва, Ленинский проспект, 78к1","Масло сливочное 72,5% Из Груши",База,179,179,0,1,179
250121-525-5888,2025-01-21,доставлен,09:14:00,09:28:00,"Москва, Ленинский проспект, 78к1",Пакеты для мусора 30 л Paclan,Товары для дома,179,179,0,1,179
250121-525-5888,2025-01-21,доставлен,09:14:00,09:28:00,"Москва, Ленинский проспект, 78к1",Перчики черри Из Груши фаршированные сливочным сыром,Овощи,299,299,0,1,299
250121-525-5888,2025-01-21,доставлен,09:14:00,09:28:00,"Москва, Ленинский проспект, 78к1",Мороженое эскимо Магнат,Сладости,149,149,0,1,149
250121-525-5888,2025-01-21,доставлен,09:14:00,09:28:00,"Москва, Ленинский проспект, 78к1",Доставка,Услуги Груши,0,0,0,1,0
250121-525-5888,2025-01-21,доставлен,09:14:00,09:28:00,"Москва, Ленинский проспект, 78к1",Упаковка,Услуги Груши,19,19,0,1,19
250122-008-7147,2025-01-22,доставлен,19:22:00,19:32:00,"Москва, Ленинский проспект, 78к1",Яйцо куриное СО Из Груши,База,179,179,0,1,179
250122-008-7147,2025-01-22,доставлен,19:22:00,19:32:00,"Москва, Ленинский проспект, 78к1",Бумага силиконизированная Paterra для выпекания 38 см х 6 м,Товары для дома,149,149,0,1,149
250122-008-7147,2025-01-22,доставлен,19:22:00,19:32:00,"Москва, Ленинский проспект, 78к1",Шоколад тёмный Lindt Excellence 85% cocoa,Сладости,469,469,0,1,469
250122-008-7147,2025-01-22,доставлен,19:22:00,19:32:00,"Москва, Ленинский проспект, 78к1","Гранат, Азербайджан",Фрукты,239,239,0,1,239
250122-008-7147,2025-01-22,доставлен,19:22:00,19:32:00,"Москва, Ленинский проспект, 78к1",Мыло жидкое Сандал и Ягоды можжевельника Synergetic,Товары для дома,669,669,0,1,669
250122-008-7147,2025-01-22,доставлен,19:22:00,19:32:00,"Москва, Ленинский проспект, 78к1",Доставка,Услуги Груши,0,0,0,1,0
250122-008-7147,2025-01-22,доставлен,19:22:00,19:32:00,"Москва, Ленинский проспект, 78к1",Упаковка,Услуги Груши,19,19,0,1,19
250124-657-7958,2025-01-24,доставлен,18:15:00,18:39:00,"Москва, Ленинский проспект, 78к1","Кефир 3,2% Асеньевская ферма",База,119,119,0,1,119
250124-657-7958,2025-01-24,доставлен,18:15:00,18:39:00,"Москва, Ленинский проспект, 78к1",Сыр Пармезан Из Груши тёртый 40%,База,239,239,0,1,239
250124-657-7958,2025-01-24,доставлен,18:15:00,18:39:00,"Москва, Ленинский проспект, 78к1",Губки для посуды Master Fresh,Товары для дома,69,69,0,1,69
250124-657-7958,2025-01-24,доставлен,18:15:00,18:39:00,"Москва, Ленинский проспект, 78к1",Салат Крабовый Азбука вкуса,Готовая еда,209,209,0,1,209
250124-657-7958,2025-01-24,доставлен,18:15:00,18:39:00,"Москва, Ленинский проспект, 78к1",Сэндвич с карамелизированным луком и индейкой Mates,Готовая еда,499,499,0,2,998
250124-657-7958,2025-01-24,доставлен,18:15:00,18:39:00,"Москва, Ленинский проспект, 78к1",Зелёный горошек Из Груши быстрозамороженный,Овощи,169,119,50,1,119
250124-657-7958,2025-01-24,доставлен,18:15:00,18:39:00,"Москва, Ленинский проспект, 78к1",Доставка,Услуги Груши,99,99,0,1,99
250128-880-8648,2025-01-28,доставлен,07:29:00,07:36:00,"Москва, Ленинский проспект, 78к1","Молоко 2,5% Асеньевская ферма пастеризованное",База,119,119,0,1,119
250128-880-8648,2025-01-28,доставлен,07:29:00,07:36:00,"Москва, Ленинский проспект, 78к1",Сэндвич с ростбифом The Truffle,Готовая еда,309,309,0,1,309
250128-880-8648,2025-01-28,доставлен,07:29:00,07:36:00,"Москва, Ленинский проспект, 78к1",Кофе холодный латте Из Груши,Напитки,229,229,0,1,229
250128-880-8648,2025-01-28,доставлен,07:29:00,07:36:00,"Москва, Ленинский проспект, 78к1",Апельсины сладкие,Фрукты,269,269,0,3,807
250128-880-8648,2025-01-28,доставлен,07:29:00,07:36:00,"Москва, Ленинский проспект, 78к1",Доставка,Услуги Груши,0,0,0,1,0
250215-315-8163,2025-02-15,доставлен,20:10:00,20:32:00,"Москва, Ленинский проспект, 78к1","Кефир 3,2% Асеньевская ферма",База,119,119,0,1,119
250215-315-8163,2025-02-15,доставлен,20:10:00,20:32:00,"Москва, Ленинский проспект, 78к1",Доставка,Услуги Груши,0,0,0,1,0
250215-315-8163,2025-02-15,доставлен,20:10:00,20:32:00,"Москва, Ленинский проспект, 78к1",Упаковка,Услуги Груши,19,19,0,1,19
250217-249-6859,2025-02-17,отменен,07:52:00,,"Москва, Ленинский проспект, 78к1",Освежитель воздуха Glade лаванда,Товары для дома,259,259,0,1,259
250217-249-6859,2025-02-17,отменен,07:52:00,,"Москва, Ленинский проспект, 78к1",Батончик Snickers лесной орех,Сладости,119,119,0,1,119
250217-249-6859,2025-02-17,отменен,07:52:00,,"Москва, Ленинский проспект, 78к1",Попкорн из креветок Нияма,Готовая еда,529,529,0,2,1058
250217-249-6859,2025-02-17,отменен,07:52:00,,"Москва, Ленинский проспект, 78к1",Зиртек таблетки 10 мг 30 шт,Аптека,1290,1290,0,1,1290
250217-249-6859,2025-02-17,отменен,07:52:00,,"Москва, Ленинский проспект, 78к1",Пакеты для мусора 30 л Paclan,Товары для дома,179,179,0,1,179
250217-249-6859,2025-02-17,отменен,07:52:00,,"Москва, Ленинский проспект, 78к1",Пластырь бактерицидный Cosmos 20 шт,Аптека,209,209,0,1,209
250217-249-6859,2025-02-17,отменен,07:52:00,,"Москва, Ленинский проспект, 78к1",Доставка,Услуги Груши,0,0,0,1,0
250217-989-3721,2025-02-17,доставлен,19:06:00,19:16:00,"Москва, Ленинский проспект, 78к1",Вода Шишкин лес негазированная,Вода,69,69,0,1,69
250217-989-3721,2025-02-17,доставлен,19:06:00,19:16:00,"Москва, Ленинский проспект, 78к1",Яйцо куриное СО Из Груши,База,179,179,0,1,179
250217-989-3721,2025-02-17,доставлен,19:06:00,19:16:00,"Москва, Ленинский проспект, 78к1","Молоко 2,5% Асеньевская ферма пастеризованное",База,119,119,0,1,119
250217-989-3721,2025-02-17,доставлен,19:06:00,19:16:00,"Москва, Ленинский проспект, 78к1","Масло сливочное 82,5% Вологодское Из Вологды",База,359,359,0,1,359
250217-989-3721,2025-02-17,доставлен,19:06:00,19:16:00,"Москва, Ленинский проспект, 78к1","Масло сливочное 72,5% Из Груши",База,179,179,0,1,179
250217-989-3721,2025-02-17,доставлен,19:06:00,19:16:00,"Москва, Ленинский проспект, 78к1",Банан,Фрукты,49,49,0,1,49
250217-989-3721,2025-02-17,доставлен,19:06:00,19:16:00,"Москва, Ленинский проспект, 78к1",Вафельная трубочка со сгущёнкой Братья Караваевы,Сладости,409,409,0,1,409
250217-989-3721,2025-02-17,доставлен,19:06:00,19:16:00,"Москва, Ленинский проспект, 78к1",Улитка с солёной карамелью и корицей Кулпром,Сладости,239,239,0,1,239
250217-989-3721,2025-02-17,доставлен,19:06:00,19:16:00,"Москва, Ленинский проспект, 78к1",Доставка,Услуги Груши,0,0,0,1,0
250217-989-3721,2025-02-17,доставлен,19:06:00,19:16:00,"Москва, Ленинский проспект, 78к1",Упаковка,Услуги Груши,19,19,0,1,19
250218-568-0889,2025-02-18,доставлен,11:25:00,11:45:00,"Москва, Ленинский проспект, 78к1",Картофель Из Груши варёный,Готовая еда,69,69,0,1,69
250218-568-0889,2025-02-18,доставлен,11:25:00,11:45:00,"Москва, Ленинский проспект, 78к1",Спрей для горла Гексорал,Аптека,609,609,0,1,609
250218-568-0889,2025-02-18,доставлен,11:25:00,11:45:00,"Москва, Ленинский проспект, 78к1",Сок апельсиновый Из Груши прямой отжим,Напитки,409,409,0,1,409
250218-568-0889,2025-02-18,доставлен,11:25:00,11:45:00,"Москва, Ленинский проспект, 78к1",Чипсы Московский картофель сметана и зелень рифлёные,Снеки,179,179,0,1,179
250218-568-0889,2025-02-18,доставлен,11:25:00,11:45:00,"Москва, Ленинский проспект, 78к1",Доставка,Услуги Груши,0,0,0,1,0
250221-103-7997,2025-02-21,доставлен,17:51:00,18:01:00,"Москва, Ленинский проспект, 78к1",Блинчики с творогом Азбука Вкуса,Готовая еда,169,149,20,2,298
250221-103-7997,2025-02-21,доставлен,17:51:00,18:01:00,"Москва, Ленинский проспект, 78к1",Мандарины мини,Фрукты,249,249,0,1,249
250221-103-7997,2025-02-21,доставлен,17:51:00,18:01:00,"Москва, Ленинский проспект, 78к1",Суп-пюре сырный с креветками Азбука вкуса,Готовая еда,299,299,0,1,299
250221-103-7997,2025-02-21,доставлен,17:51:00,18:01:00,"Москва, Ленинский проспект, 78к1",Яблоки Голден,Фрукты,489,489,0,1,489
250221-103-7997,2025-02-21,доставлен,17:51:00,18:01:00,"Москва, Ленинский проспект, 78к1","Масло сливочное 82,5% Вологодское",База,329,259,70,1,259
250221-103-7997,2025-02-21,доставлен,17:51:00,18:01:00,"Москва, Ленинский проспект, 78к1",Яблоки Гала,Фрукты,59,59,0,1,59
250221-103-7997,2025-02-21,доставлен,17:51:00,18:01:00,"Москва, Ленинский проспект, 78к1",Хурма Королёк,Фрукты,339,339,0,1,339
250221-103-7997,2025-02-21,доставлен,17:51:00,18:01:00,"Москва, Ленинский проспект, 78к1",Доставка,Услуги Груши,0,0,0,1,0
250221-103-7997,2025-02-21,доставлен,17:51:00,18:01:00,"Москва, Ленинский проспект, 78к1",Упаковка,Услуги Груши,19,19,0,1,19
250221-304-1562,2025-02-21,доставлен,19:34:00,20:06:00,"Москва, Ленинский проспект, 78к1",Помидоры черри на ветке,Овощи,269,269,0,2,538
250221-304-1562,2025-02-21,доставлен,19:34:00,20:06:00,"Москва, Ленинский проспект, 78к1",Микстура от кашля для взрослых порошок 1.7 г 1 шт,Аптека,19,19,0,1,19
250221-304-1562,2025-02-21,доставлен,19:34:00,20:06:00,"Москва, Ленинский проспект, 78к1",Груша Конференция,Фрукты,439,439,0,2,878
250221-304-1562,2025-02-21,доставлен,19:34:00,20:06:00,"Москва, Ленинский проспект, 78к1",Вода минеральная Evian негазированная,Вода,709,709,0,1,709
250221-304-1562,2025-02-21,доставлен,19:34:00,20:06:00,"Москва, Ленинский проспект, 78к1",Хлеб ржано-пшеничный с семенами подсолнечника нарезанный Азбука вкуса,База,129,129,0,1,129
250221-304-1562,2025-02-21,доставлен,19:34:00,20:06:00,"Москва, Ленинский проспект, 78к1",Хлебцы гречневые Dr. Korner,Снеки,99,99,0,1,99
250221-304-1562,2025-02-21,доставлен,19:34:00,20:06:00,"Москва, Ленинский проспект, 78к1",Сэндвич-ролл с креветками в соусе Том-ям Нияма,Готовая еда,269,269,0,1,269
250221-304-1562,2025-02-21,доставлен,19:34:00,20:06:00,"Москва, Ленинский проспект, 78к1",Попкорн Holy Corn морская соль,Снеки,199,199,0,1,199
250221-304-1562,2025-02-21,доставлен,19:34:00,20:06:00,"Москва, Ленинский проспект, 78к1",Доставка,Услуги Груши,99,99,0,1,99
250223-967-4775,2025-02-23,доставлен,09:10:00,09:25:00,"Москва, Ленинский проспект, 78к1",Печенье Яшкино апельсин,Сладости,119,79,40,1,79
250223-967-4775,2025-02-23,доставлен,09:10:00,09:25:00,"Москва, Ленинский проспект, 78к1",Имбирь молотый Галерея вкусов,База,19,19,0,2,38
250223-967-4775,2025-02-23,доставлен,09:10:00,09:25:00,"Москва, Ленинский проспект, 78к1",Средство для мытья посуды Fairy лимон,Товары для дома,279,279,0,1,279
250223-967-4775,2025-02-23,доставлен,09:10:00,09:25:00,"Москва, Ленинский проспект, 78к1",Яблоки Гренни Смит,Фрукты,109,109,0,1,109
250223-967-4775,2025-02-23,доставлен,09:10:00,09:25:00,"Москва, Ленинский проспект, 78к1",Сливки 10% Из Груши,База,149,129,20,2,258
250223-967-4775,2025-02-23,доставлен,09:10:00,09:25:00,"Москва, Ленинский проспект, 78к1",Доставка,Услуги Груши,119,119,0,1,119
250223-967-4775,2025-02-23,доставлен,09:10:00,09:25:00,"Москва, Ленинский проспект, 78к1",Упаковка,Услуги Груши,19,19,0,1,19
250225-372-4810,2025-02-25,доставлен,10:19:00,10:32:00,"Москва, Ленинский проспект, 78к1",Лапша быстрого приготовления Доширак курица,Готовая еда,149,149,0,1,149
250225-372-4810,2025-02-25,доставлен,10:19:00,10:32:00,"Москва, Ленинский проспект, 78к1",Апельсины сладкие,Фрукты,269,269,0,1,269
250225-372-4810,2025-02-25,доставлен,10:19:00,10:32:00,"Москва, Ленинский проспект, 78к1",Батончик шоколадный Milky Way 1+1,Сладости,69,69,0,1,69
250225-372-4810,2025-02-25,доставлен,10:19:00,10:32:00,"Москва, Ленинский проспект, 78к1",Сыр Ламбер,База,589,589,0,1,589
250225-372-4810,2025-02-25,доставлен,10:19:00,10:32:00,"Москва, Ленинский проспект, 78к1",Пельмени с фермерской индейкой Из Груши,Готовая еда,499,499,0,2,998
250225-372-4810,2025-02-25,доставлен,10:19:00,10:32:00,"Москва, Ленинский проспект, 78к1",Сыр Гауда Из Груши нарезка,База,219,219,0,1,219
250225-372-4810,2025-02-25,доставлен,10:19:00,10:32:00,"Москва, Ленинский проспект, 78к1","Масло сливочное 82,5% Вологодское Из Вологды",База,359,359,0,2,718
250225-372-4810,2025-02-25,доставлен,10:19:00,10:32:00,"Москва, Ленинский проспект, 78к1",Доставка,Услуги Груши,0,0,0,1,0
250225-372-4810,2025-02-25,доставлен,10:19:00,10:32:00,"Москва, Ленинский проспект, 78к1",Упаковка,Услуги Груши,19,19,0,1,19
250225-161-2788,2025-02-25,доставлен,22:24:00,22:46:00,"Москва, Ленинский проспект, 78к1",Йогурт греческий Из Груши натуральный,База,79,69,10,1,69
250225-161-2788,2025-02-25,доставлен,22:24:00,22:46:00,"Москва, Ленинский проспект, 78к1",Взбитые сливки 17% Альпенгурт Классик,Сладости,349,349,0,1,349
250225-161-2788,2025-02-25,доставлен,22:24:00,22:46:00,"Москва, Ленинский проспект, 78к1",Нектар апельсиновый Rich,Напитки,309,259,50,1,259
250225-161-2788,2025-02-25,доставлен,22:24:00,22:46:00,"Москва, Ленинский проспект, 78к1",Доставка,Услуги Груши,49,49,0,1,49
250228-302-2472,2025-02-28,доставлен,19:31:00,19:41:00,"Москва, Ленинский проспект, 78к1",Вода Шишкин лес негазированная,Вода,69,69,0,1,69
250228-302-2472,2025-02-28,доставлен,19:31:00,19:41:00,"Москва, Ленинский проспект, 78к1",Доставка,Услуги Груши,0,0,0,1,0
250302-797-4334,2025-03-02,доставлен,18:57:00,19:22:00,"Москва, Ленинский проспект, 78к1","Кефир 3,2% Асеньевская ферма",База,119,119,0,1,119
250302-797-4334,2025-03-02,доставлен,18:57:00,19:22:00,"Москва, Ленинский проспект, 78к1",Яйцо куриное СО Из Груши,База,179,179,0,1,179
250302-797-4334,2025-03-02,доставлен,18:57:00,19:22:00,"Москва, Ленинский проспект, 78к1","Молоко 2,5% Асеньевская ферма пастеризованное",База,119,119,0,1,119
250302-797-4334,2025-03-02,доставлен,18:57:00,19:22:00,"Москва, Ленинский проспект, 78к1","Масло сливочное 82,5% Вологодское Из Вологды",База,359,359,0,1,359
250302-797-4334,2025-03-02,доставлен,18:57:00,19:22:00,"Москва, Ленинский проспект, 78к1",Доставка,Услуги Груши,119,119,0,1,119
250303-426-5241,2025-03-03,доставлен,10:24:00,10:48:00,"Москва, Ленинский проспект, 78к1","Масло сливочное 72,5% Из Груши",База,179,179,0,1,179
250303-426-5241,2025-03-03,доставлен,10:24:00,10:48:00,"Москва, Ленинский проспект, 78к1",Сэндвич Бао с креветкой Нияма,Готовая еда,879,879,0,1,879
250303-426-5241,2025-03-03,доставлен,10:24:00,10:48:00,"Москва, Ленинский проспект, 78к1",Пицца Маргарита Из Груши,Готовая еда,899,899,0,1,899
250303-426-5241,2025-03-03,доставлен,10:24:00,10:48:00,"Москва, Ленинский проспект, 78к1",Мандарины Абхазия,Фрукты,329,329,0,1,329
250303-426-5241,2025-03-03,доставлен,10:24:00,10:48:00,"Москва, Ленинский проспект, 78к1",Банан,Фрукты,49,49,0,1,49
250303-426-5241,2025-03-03,доставлен,10:24:00,10:48:00,"Москва, Ленинский проспект, 78к1",Доставка,Услуги Груши,0,0,0,1,0
250304-391-9036,2025-03-04,доставлен,07:21:00,08:51:00,"Москва, Ленинский проспект, 78к1",Лимон,Фрукты,29,29,0,1,29
250304-391-9036,2025-03-04,доставлен,07:21:00,08:51:00,"Москва, Ленинский проспект, 78к1",Петрушка,Овощи,69,69,0,1,69
250304-391-9036,2025-03-04,доставлен,07:21:00,08:51:00,"Москва, Ленинский проспект, 78к1",Сосиска в тесте Cook Chart Bakery,Готовая еда,129,89,40,1,89
250304-391-9036,2025-03-04,доставлен,07:21:00,08:51:00,"Москва, Ленинский проспект, 78к1",Апельсины,Фрукты,239,209,30,1,209
250304-391-9036,2025-03-04,доставлен,07:21:00,08:51:00,"Москва, Ленинский проспект, 78к1",Мороженое пломбир Чистая Линия,Сладости,159,159,0,1,159
250304-391-9036,2025-03-04,доставлен,07:21:00,08:51:00,"Москва, Ленинский проспект, 78к1",Банан,Фрукты,49,49,0,1,49
250304-391-9036,2025-03-04,доставлен,07:21:00,08:51:00,"Москва, Ленинский проспект, 78к1",Доставка,Услуги Груши,0,0,0,1,0
250304-369-0477,2025-03-04,доставлен,09:14:00,09:35:00,"Москва, Ленинский проспект, 78к1",Сухари Семейка Озби в сахаре с изюмом,Снеки,439,439,0,1,439
250304-369-0477,2025-03-04,доставлен,09:14:00,09:35:00,"Москва, Ленинский проспект, 78к1",Картофель молодой мытый,Овощи,89,89,0,1,89
250304-369-0477,2025-03-04,доставлен,09:14:00,09:35:00,"Москва, Ленинский проспект, 78к1",Вода минеральная Petroglyph негазированная,Вода,149,149,0,1,149
250304-369-0477,2025-03-04,доставлен,09:14:00,09:35:00,"Москва, Ленинский проспект, 78к1",Голубика Артфрут,Фрукты,339,299,40,1,299
250304-369-0477,2025-03-04,доставлен,09:14:00,09:35:00,"Москва, Ленинский проспект, 78к1",Чистящее средство Synergetic для окон и зеркал,Товары для дома,329,329,0,1,329
250304-369-0477,2025-03-04,доставлен,09:14:00,09:35:00,"Москва, Ленинский проспект, 78к1",Мандарины мини,Фрукты,249,249,0,1,249
250304-369-0477,2025-03-04,доставлен,09:14:00,09:35:00,"Москва, Ленинский проспект, 78к1",Доставка,Услуги Груши,0,0,0,1,0
250306-523-7187,2025-03-06,доставлен,08:49:00,09:00:00,"Москва, Ленинский проспект, 78к1",Кондиционер для белья детский Synergetic Нежное прикосновение,Товары для дома,469,469,0,1,469
250306-523-7187,2025-03-06,доставлен,08:49:00,09:00:00,"Москва, Ленинский проспект, 78к1",Освежитель воздуха Glade лаванда,Товары для дома,259,259,0,1,259
250306-523-7187,2025-03-06,доставлен,08:49:00,09:00:00,"Москва, Ленинский проспект, 78к1",Огурцы Корнишон,Овощи,99,99,0,2,198
250306-523-7187,2025-03-06,доставлен,08:49:00,09:00:00,"Москва, Ленинский проспект, 78к1",Помидоры черри на ветке,Овощи,269,269,0,1,269
250306-523-7187,2025-03-06,доставлен,08:49:00,09:00:00,"Москва, Ленинский проспект, 78к1",Салат сырный Азбука вкуса,Готовая еда,489,489,0,1,489
250306-523-7187,2025-03-06,доставлен,08:49:00,09:00:00,"Москва, Ленинский проспект, 78к1",Пирожки с яйцом и зелёным луком Cook chart bakery,Готовая еда,89,89,0,1,89
250306-523-7187,2025-03-06,доставлен,08:49:00,09:00:00,"Москва, Ленинский проспект, 78к1",Доставка,Услуги Груши,0,0,0,1,0
250306-112-4838,2025-03-06,доставлен,10:20:00,10:41:00,"Москва, Ленинский проспект, 78к1",Маршмеллоу мини ванильный белый Guandy,Сладости,469,469,0,2,938
250306-112-4838,2025-03-06,доставлен,10:20:00,10:41:00,"Москва, Ленинский проспект, 78к1",Хурма Королёк,Фрукты,339,339,0,1,339
250306-112-4838,2025-03-06,доставлен,10:20:00,10:41:00,"Москва, Ленинский проспект, 78к1",Помидоры Черри на ветке Сладкая ягода,Овощи,199,199,0,1,199
250306-112-4838,2025-03-06,доставлен,10:20:00,10:41:00,"Москва, Ленинский проспект, 78к1",Салат Айсберг,Овощи,59,59,0,1,59
250306-112-4838,2025-03-06,доставлен,10:20:00,10:41:00,"Москва, Ленинский проспект, 78к1",Доставка,Услуги Груши,0,0,0,1,0
250310-542-3165,2025-03-10,доставлен,19:49:00,20:25:00,"Москва, Ленинский проспект, 78к1",Вода Шишкин лес негазированная,Вода,69,69,0,1,69
250310-542-3165,2025-03-10,доставлен,19:49:00,20:25:00,"Москва, Ленинский проспект, 78к1",Клубника,Фрукты,639,639,0,1,639
250310-542-3165,2025-03-10,доставлен,19:49:00,20:25:00,"Москва, Ленинский проспект, 78к1",Голубика Артфрут,Фрукты,339,339,0,1,339
250310-542-3165,2025-03-10,доставлен,19:49:00,20:25:00,"Москва, Ленинский проспект, 78к1",Сэндвич на круассане с индейкой и мандариновым соусом Eggsellent x Груша,Готовая еда,589,589,0,1,589
250310-542-3165,2025-03-10,доставлен,19:49:00,20:25:00,"Москва, Ленинский проспект, 78к1",Хурма Королёк,Фрукты,339,339,0,1,339
250310-542-3165,2025-03-10,доставлен,19:49:00,20:25:00,"Москва, Ленинский проспект, 78к1","Масло сливочное 82,5% Вологодское Из Вологды",База,359,359,0,2,718
250310-542-3165,2025-03-10,доставлен,19:49:00,20:25:00,"Москва, Ленинский проспект, 78к1",Доставка,Услуги Груши,0,0,0,1,0
250313-100-8489,2025-03-13,доставлен,18:46:00,18:57:00,"Москва, Ленинский проспект, 78к1","Молоко 2,5% Асеньевская ферма пастеризованное",База,119,119,0,1,119
250313-100-8489,2025-03-13,доставлен,18:46:00,18:57:00,"Москва, Ленинский проспект, 78к1","Масло сливочное 82,5% Вологодское Из Вологды",База,359,359,0,1,359
250313-100-8489,2025-03-13,доставлен,18:46:00,18:57:00,"Москва, Ленинский проспект, 78к1","Масло сливочное 72,5% Из Груши",База,179,179,0,1,179
250313-100-8489,2025-03-13,доставлен,18:46:00,18:57:00,"Москва, Ленинский проспект, 78к1",Спелые бананы,Фрукты,429,429,0,1,429
250313-100-8489,2025-03-13,доставлен,18:46:00,18:57:00,"Москва, Ленинский проспект, 78к1",Салат с курицей и сельдереем Азбука вкуса,Готовая еда,539,539,0,1,539
250313-100-8489,2025-03-13,доставлен,18:46:00,18:57:00,"Москва, Ленинский проспект, 78к1",Шоколад тёмный Люкс Бабаевский,Сладости,169,169,0,1,169
250313-100-8489,2025-03-13,доставлен,18:46:00,18:57:00,"Москва, Ленинский проспект, 78к1",Виноград кишмиш белый,Фрукты,239,239,0,1,239
250313-100-8489,2025-03-13,доставлен,18:46:00,18:57:00,"Москва, Ленинский проспект, 78к1",Доставка,Услуги Груши,0,0,0,1,0
250313-100-8489,2025-03-13,доставлен,18:46:00,18:57:00,"Москва, Ленинский проспект, 78к1",Упаковка,Услуги Груши,19,19,0,1,19
250317-856-7916,2025-03-17,доставлен,09:28:00,09:37:00,"Москва, Ленинский проспект, 78к1","Кефир 3,2% Асеньевская ферма",База,119,119,0,1,119
250317-856-7916,2025-03-17,доставлен,09:28:00,09:37:00,"Москва, Ленинский проспект, 78к1",Яйцо куриное СО Из Груши,База,179,179,0,1,179
250317-856-7916,2025-03-17,доставлен,09:28:00,09:37:00,"Москва, Ленинский проспект, 78к1",Лимон,Фрукты,29,29,0,1,29
250317-856-7916,2025-03-17,доставлен,09:28:00,09:37:00,"Москва, Ленинский проспект, 78к1",Грейпфрут дольки нарезанные Из Груши,Фрукты,159,159,0,1,159
250317-856-7916,2025-03-17,доставлен,09:28:00,09:37:00,"Москва, Ленинский проспект, 78к1",Доставка,Услуги Груши,0,0,0,1,0
250317-053-7518,2025-03-17,доставлен,20:39:00,21:19:00,"Москва, Ленинский проспект, 78к1",Сыр Чеддер Из Груши нарезка,База,149,149,0,1,149
250317-053-7518,2025-03-17,доставлен,20:39:00,21:19:00,"Москва, Ленинский проспект, 78к1",Помидоры сладкие Бархатный мёд,Овощи,2190,2190,0,1,2190
250317-053-7518,2025-03-17,доставлен,20:39:00,21:19:00,"Москва, Ленинский проспект, 78к1",Туалетная бумага Zewa Плюс белая 2 слоя,Товары для дома,149,149,0,1,149
250317-053-7518,2025-03-17,доставлен,20:39:00,21:19:00,"Москва, Ленинский проспект, 78к1",Сыр Моцарелла Galbani 45%,База,139,139,0,1,139
250317-053-7518,2025-03-17,доставлен,20:39:00,21:19:00,"Москва, Ленинский проспект, 78к1",Доставка,Услуги Груши,0,0,0,1,0
250317-053-7518,2025-03-17,доставлен,20:39:00,21:19:00,"Москва, Ленинский проспект, 78к1",Упаковка,Услуги Груши,19,19,0,1,19
250319-762-1470,2025-03-19,доставлен,20:33:00,20:49:00,"Москва, Ленинский проспект, 78к1",Батончик Snickers лесной орех,Сладости,119,119,0,1,119
250319-762-1470,2025-03-19,доставлен,20:33:00,20:49:00,"Москва, Ленинский проспект, 78к1",Батончик шоколадный Cadbury Wispa,Сладости,149,149,0,1,149
250319-762-1470,2025-03-19,доставлен,20:33:00,20:49:00,"Москва, Ленинский проспект, 78к1",Банан,Фрукты,49,49,0,1,49
250319-762-1470,2025-03-19,доставлен,20:33:00,20:49:00,"Москва, Ленинский проспект, 78к1",Клубника Из Груши,Фрукты,219,219,0,1,219
250319-762-1470,2025-03-19,доставлен,20:33:00,20:49:00,"Москва, Ленинский проспект, 78к1",Доставка,Услуги Груши,79,79,0,1,79
250320-992-0998,2025-03-20,доставлен,08:42:00,09:06:00,"Москва, Ленинский проспект, 78к1",Вода Шишкин лес негазированная,Вода,69,69,0,1,69
250320-992-0998,2025-03-20,доставлен,08:42:00,09:06:00,"Москва, Ленинский проспект, 78к1",Вода минеральная Petroglyph негазированная,Вода,149,149,0,1,149
250320-992-0998,2025-03-20,доставлен,08:42:00,09:06:00,"Москва, Ленинский проспект, 78к1",Батончик молочный KitKat с хрустящей вафлей,Сладости,89,89,0,1,89
250320-992-0998,2025-03-20,доставлен,08:42:00,09:06:00,"Москва, Ленинский проспект, 78к1",Мандарины Абхазия,Фрукты,329,229,100,1,229
250320-992-0998,2025-03-20,доставлен,08:42:00,09:06:00,"Москва, Ленинский проспект, 78к1",Ромовая баба глазированная шоколадной помадкой Из Груши,Сладости,189,139,50,1,139
250320-992-0998,2025-03-20,доставлен,08:42:00,09:06:00,"Москва, Ленинский проспект, 78к1",Доставка,Услуги Груши,0,0,0,1,0
250324-189-5523,2025-03-24,доставлен,09:12:00,09:23:00,"Москва, Ленинский проспект, 78к1","Молоко 2,5% Асеньевская ферма пастеризованное",База,119,119,0,1,119
250324-189-5523,2025-03-24,доставлен,09:12:00,09:23:00,"Москва, Ленинский проспект, 78к1","Масло сливочное 82,5% Вологодское Из Вологды",База,359,359,0,1,359
250324-189-5523,2025-03-24,доставлен,09:12:00,09:23:00,"Москва, Ленинский проспект, 78к1","Масло сливочное 72,5% Из Груши",База,179,179,0,1,179
250324-189-5523,2025-03-24,доставлен,09:12:00,09:23:00,"Москва, Ленинский проспект, 78к1",Доставка,Услуги Груши,0,0,0,1,0
250327-877-0085,2025-03-27,доставлен,09:30:00,09:46:00,"Москва, Ленинский проспект, 78к1",Сэндвич Бао с креветкой Нияма,Готовая еда,879,879,0,1,879
250327-877-0085,2025-03-27,доставлен,09:30:00,09:46:00,"Москва, Ленинский проспект, 78к1",Вода минеральная Ессентуки №4 лечебно-столовая,Вода,429,429,0,4,1716
250327-877-0085,2025-03-27,доставлен,09:30:00,09:46:00,"Москва, Ленинский проспект, 78к1",Яблоки Гала,Фрукты,59,59,0,1,59
250327-877-0085,2025-03-27,доставлен,09:30:00,09:46:00,"Москва, Ленинский проспект, 78к1","Масло сливочное 82,5% Брест-Литовск",База,119,119,0,1,119
250327-877-0085,2025-03-27,доставлен,09:30:00,09:46:00,"Москва, Ленинский проспект, 78к1","Молоко безлактозное 1,5% Из Груши",База,89,89,0,1,89
250327-877-0085,2025-03-27,доставлен,09:30:00,09:46:00,"Москва, Ленинский проспект, 78к1",Попкорн из креветок Нияма,Готовая еда,529,529,0,1,529
250327-877-0085,2025-03-27,доставлен,09:30:00,09:46:00,"Москва, Ленинский проспект, 78к1",Мандарины Абхазия,Фрукты,329,329,0,1,329
250327-877-0085,2025-03-27,доставлен,09:30:00,09:46:00,"Москва, Ленинский проспект, 78к1",Апельсины сладкие,Фрукты,269,269,0,1,269
250327-877-0085,2025-03-27,доставлен,09:30:00,09:46:00,"Москва, Ленинский проспект, 78к1",Доставка,Услуги Груши,0,0,0,1,0
250327-877-0085,2025-03-27,доставлен,09:30:00,09:46:00,"Москва, Ленинский проспект, 78к1",Упаковка,Услуги Груши,19,19,0,1,19
250327-558-3382,2025-03-27,доставлен,20:16:00,20:33:00,"Москва, Ленинский проспект, 78к1",Чипсы Pringles Original,Снеки,269,269,0,1,269
250327-558-3382,2025-03-27,доставлен,20:16:00,20:33:00,"Москва, Ленинский проспект, 78к1",Доставка,Услуги Груши,0,0,0,1,0
250327-558-3382,2025-03-27,доставлен,20:16:00,20:33:00,"Москва, Ленинский проспект, 78к1",Упаковка,Услуги Груши,19,19,0,1,19
250404-363-2943,2025-04-04,доставлен,10:18:00,10:29:00,"Москва, Ленинский проспект, 78к1","Кефир 3,2% Асеньевская ферма",База,119,119,0,1,119
250404-363-2943,2025-04-04,доставлен,10:18:00,10:29:00,"Москва, Ленинский проспект, 78к1",Вода Шишкин лес негазированная,Вода,69,69,0,1,69
250404-363-2943,2025-04-04,доставлен,10:18:00,10:29:00,"Москва, Ленинский проспект, 78к1",Яйцо куриное СО Из Груши,База,179,179,0,1,179
250404-363-2943,2025-04-04,доставлен,10:18:00,10:29:00,"Москва, Ленинский проспект, 78к1",Доставка,Услуги Груши,0,0,0,1,0
250405-541-9934,2025-04-05,доставлен,10:19:00,10:54:00,"Москва, Ленинский проспект, 78к1","Молоко 2,5% Асеньевская ферма пастеризованное",База,119,119,0,1,119
250405-541-9934,2025-04-05,доставлен,10:19:00,10:54:00,"Москва, Ленинский проспект, 78к1","Масло сливочное 82,5% Вологодское Из Вологды",База,359,359,0,1,359
250405-541-9934,2025-04-05,доставлен,10:19:00,10:54:00,"Москва, Ленинский проспект, 78к1",Доставка,Услуги Груши,119,119,0,1,119
250405-541-9934,2025-04-05,доставлен,10:19:00,10:54:00,"Москва, Ленинский проспект, 78к1",Упаковка,Услуги Груши,19,19,0,1,19
250406-510-9425,2025-04-06,доставлен,07:09:00,07:28:00,"Москва, Ленинский проспект, 78к1","Масло сливочное 72,5% Из Груши",База,179,149,30,1,149
250406-510-9425,2025-04-06,доставлен,07:09:00,07:28:00,"Москва, Ленинский проспект, 78к1",Попкорн Holy Corn морская соль,Снеки,199,169,30,2,338
250406-510-9425,2025-04-06,доставлен,07:09:00,07:28:00,"Москва, Ленинский проспект, 78к1",Шоколад тёмный Lindt Excellence 70%,Сладости,679,679,0,1,679
250406-510-9425,2025-04-06,доставлен,07:09:00,07:28:00,"Москва, Ленинский проспект, 78к1",Авокадо Хасс Ready to eat Артфрут,Овощи,2290,2290,0,1,2290
250406-510-9425,2025-04-06,доставлен,07:09:00,07:28:00,"Москва, Ленинский проспект, 78к1",Огурцы короткоплодные,Овощи,249,249,0,1,249
250406-510-9425,2025-04-06,доставлен,07:09:00,07:28:00,"Москва, Ленинский проспект, 78к1",Доставка,Услуги Груши,0,0,0,1,0
250406-510-9425,2025-04-06,доставлен,07:09:00,07:28:00,"Москва, Ленинский проспект, 78к1",Упаковка,Услуги Груши,19,19,0,1,19
250406-221-3133,2025-04-06,доставлен,10:16:00,10:32:00,"Москва, Ленинский проспект, 78к1",Апельсины сладкие,Фрукты,269,269,0,1,269
250406-221-3133,2025-04-06,доставлен,10:16:00,10:32:00,"Москва, Ленинский проспект, 78к1",Черешня,Фрукты,79,79,0,1,79
250406-221-3133,2025-04-06,доставлен,10:16:00,10:32:00,"Москва, Ленинский проспект, 78к1","Масло сливочное 82,5% Вологодское Из Вологды",База,359,359,0,1,359
250406-221-3133,2025-04-06,доставлен,10:16:00,10:32:00,"Москва, Ленинский проспект, 78к1",Батончик Snickers лесной орех,Сладости,119,119,0,1,119
250406-221-3133,2025-04-06,доставлен,10:16:00,10:32:00,"Москва, Ленинский проспект, 78к1",Доставка,Услуги Груши,79,79,0,1,79
250409-277-9267,2025-04-09,доставлен,18:55:00,19:07:00,"Москва, Ленинский проспект, 78к1",Голубика Артфрут,Фрукты,339,339,0,1,339
250409-277-9267,2025-04-09,доставлен,18:55:00,19:07:00,"Москва, Ленинский проспект, 78к1",Апельсины,Фрукты,239,239,0,1,239
250409-277-9267,2025-04-09,доставлен,18:55:00,19:07:00,"Москва, Ленинский проспект, 78к1",Напиток газированный Кола Добрый,Напитки,109,109,0,1,109
250409-277-9267,2025-04-09,доставлен,18:55:00,19:07:00,"Москва, Ленинский проспект, 78к1",Доставка,Услуги Груши,0,0,0,1,0
250409-277-9267,2025-04-09,доставлен,18:55:00,19:07:00,"Москва, Ленинский проспект, 78к1",Упаковка,Услуги Груши,19,19,0,1,19
250413-085-3811,2025-04-13,доставлен,07:31:00,07:48:00,"Москва, Ленинский проспект, 78к1",Рис Басмати отварной Азбука Вкуса,Готовая еда,179,179,0,1,179
250413-085-3811,2025-04-13,доставлен,07:31:00,07:48:00,"Москва, Ленинский проспект, 78к1",Перец красный,Овощи,169,169,0,1,169
250413-085-3811,2025-04-13,доставлен,07:31:00,07:48:00,"Москва, Ленинский проспект, 78к1",Батарейка GP Super Alkaline АA,Товары для дома,279,279,0,1,279
250413-085-3811,2025-04-13,доставлен,07:31:00,07:48:00,"Москва, Ленинский проспект, 78к1",Батончик арахисовый Kick в карамельном шоколаде,Сладости,509,449,60,1,449
250413-085-3811,2025-04-13,доставлен,07:31:00,07:48:00,"Москва, Ленинский проспект, 78к1",Салфетка для уборки Master Fresh,Товары для дома,229,229,0,1,229
250413-085-3811,2025-04-13,доставлен,07:31:00,07:48:00,"Москва, Ленинский проспект, 78к1",Помидоры черри Эко-культура круглые красные,Овощи,389,389,0,1,389
250413-085-3811,2025-04-13,доставлен,07:31:00,07:48:00,"Москва, Ленинский проспект, 78к1",Блинчики с ветчиной и сыром Азбука Вкуса,Готовая еда,349,349,0,1,349
250413-085-3811,2025-04-13,доставлен,07:31:00,07:48:00,"Москва, Ленинский проспект, 78к1",Доставка,Услуги Груши,0,0,0,1,0
250413-085-3811,2025-04-13,доставлен,07:31:00,07:48:00,"Москва, Ленинский проспект, 78к1",Упаковка,Услуги Груши,19,19,0,1,19
250418-642-2927,2025-04-18,доставлен,19:56:00,20:09:00,"Москва, Ленинский проспект, 78к1","Кефир 3,2% Асеньевская ферма",База,119,119,0,1,119
250418-642-2927,2025-04-18,доставлен,19:56:00,20:09:00,"Москва, Ленинский проспект, 78к1",Вода Шишкин лес негазированная,Вода,69,69,0,4,276
250418-642-2927,2025-04-18,доставлен,19:56:00,20:09:00,"Москва, Ленинский проспект, 78к1",Яйцо куриное СО Из Груши,База,179,179,0,1,179
250418-642-2927,2025-04-18,доставлен,19:56:00,20:09:00,"Москва, Ленинский проспект, 78к1",Доставка,Услуги Груши,0,0,0,1,0
250418-642-2927,2025-04-18,доставлен,19:56:00,20:09:00,"Москва, Ленинский проспект, 78к1",Упаковка,Услуги Груши,19,19,0,1,19
250423-918-0524,2025-04-23,доставлен,20:16:00,20:49:00,"Москва, Ленинский проспект, 78к1","Молоко 2,5% Асеньевская ферма пастеризованное",База,119,119,0,1,119
250423-918-0524,2025-04-23,доставлен,20:16:00,20:49:00,"Москва, Ленинский проспект, 78к1","Масло сливочное 82,5% Вологодское Из Вологды",База,359,359,0,1,359
250423-918-0524,2025-04-23,доставлен,20:16:00,20:49:00,"Москва, Ленинский проспект, 78к1","Масло сливочное 72,5% Из Груши",База,179,179,0,1,179
250423-918-0524,2025-04-23,доставлен,20:16:00,20:49:00,"Москва, Ленинский проспект, 78к1",Огурцы Корнишон,Овощи,99,99,0,1,99
250423-918-0524,2025-04-23,доставлен,20:16:00,20:49:00,"Москва, Ленинский проспект, 78к1",Доставка,Услуги Груши,0,0,0,1,0
250424-455-6795,2025-04-24,доставлен,09:20:00,09:37:00,"Москва, Ленинский проспект, 78к1",Бумажные полотенца Zewa Премиум,Товары для дома,709,709,0,1,709
250424-455-6795,2025-04-24,доставлен,09:20:00,09:37:00,"Москва, Ленинский проспект, 78к1",Апельсины сладкие,Фрукты,269,269,0,1,269
250424-455-6795,2025-04-24,доставлен,09:20:00,09:37:00,"Москва, Ленинский проспект, 78к1",Банан,Фрукты,49,49,0,1,49
250424-455-6795,2025-04-24,доставлен,09:20:00,09:37:00,"Москва, Ленинский проспект, 78к1","Йогурт натуральный 3,5% Из Груши",База,89,89,0,1,89
250424-455-6795,2025-04-24,доставлен,09:20:00,09:37:00,"Москва, Ленинский проспект, 78к1","Масло сливочное 82,5% Вологодское",База,329,329,0,1,329
250424-455-6795,2025-04-24,доставлен,09:20:00,09:37:00,"Москва, Ленинский проспект, 78к1",Доставка,Услуги Груши,0,0,0,1,0
250502-430-5739,2025-05-02,отменен,20:04:00,,"Московская область, Одинцовский городской округ, СНТ Полянка, 14","Кефир 3,2% Асеньевская ферма",База,119,119,0,1,119
250502-430-5739,2025-05-02,отменен,20:04:00,,"Московская область, Одинцовский городской округ, СНТ Полянка, 14",Вода Шишкин лес негазированная,Вода,69,69,0,1,69
250502-430-5739,2025-05-02,отменен,20:04:00,,"Московская область, Одинцовский городской округ, СНТ Полянка, 14",Яйцо куриное СО Из Груши,База,179,179,0,1,179
250502-430-5739,2025-05-02,отменен,20:04:00,,"Московская область, Одинцовский городской округ, СНТ Полянка, 14",Доставка,Услуги Груши,99,99,0,1,99
250502-430-5739,2025-05-02,отменен,20:04:00,,"Московская область, Одинцовский городской округ, СНТ Полянка, 14",Упаковка,Услуги Груши,19,19,0,1,19
250509-388-0166,2025-05-09,доставлен,09:33:00,09:51:00,"Московская область, Одинцовский городской округ, СНТ Полянка, 14","Молоко 2,5% Асеньевская ферма пастеризованное",База,119,99,20,1,99
250509-388-0166,2025-05-09,доставлен,09:33:00,09:51:00,"Московская область, Одинцовский городской округ, СНТ Полянка, 14","Масло сливочное 82,5% Вологодское Из Вологды",База,359,359,0,2,718
250509-388-0166,2025-05-09,доставлен,09:33:00,09:51:00,"Московская область, Одинцовский городской округ, СНТ Полянка, 14","Масло сливочное 72,5% Из Груши",База,179,179,0,1,179
250509-388-0166,2025-05-09,доставлен,09:33:00,09:51:00,"Московская область, Одинцовский городской округ, СНТ Полянка, 14",Доставка,Услуги Груши,0,0,0,1,0
250512-205-5042,2025-05-12,доставлен,19:30:00,19:50:00,"Московская область, Одинцовский городской округ, СНТ Полянка, 14",Вода Шишкин лес негазированная,Вода,69,69,0,4,276
250512-205-5042,2025-05-12,доставлен,19:30:00,19:50:00,"Московская область, Одинцовский городской округ, СНТ Полянка, 14",Салат с крабовыми палочками большая порция Из Груши,Готовая еда,289,289,0,1,289
250512-205-5042,2025-05-12,доставлен,19:30:00,19:50:00,"Московская область, Одинцовский городской округ, СНТ Полянка, 14",Хлеб тостовый пшеничный Из Груши,База,89,89,0,1,89
250512-205-5042,2025-05-12,доставлен,19:30:00,19:50:00,"Московская область, Одинцовский городской округ, СНТ Полянка, 14",Горошек зелёный Bonduelle замороженный,Овощи,119,119,0,1,119
250512-205-5042,2025-05-12,доставлен,19:30:00,19:50:00,"Московская область, Одинцовский городской округ, СНТ Полянка, 14",Рис Басмати отварной Азбука Вкуса,Готовая еда,179,179,0,1,179
250512-205-5042,2025-05-12,доставлен,19:30:00,19:50:00,"Московская область, Одинцовский городской округ, СНТ Полянка, 14",Малина Артфрут,Фрукты,259,259,0,1,259
250512-205-5042,2025-05-12,доставлен,19:30:00,19:50:00,"Московская область, Одинцовский городской округ, СНТ Полянка, 14",Доставка,Услуги Груши,0,0,0,1,0
250515-378-0462,2025-05-15,доставлен,07:09:00,07:28:00,"Московская область, Одинцовский городской округ, СНТ Полянка, 14",Яйцо куриное СО Из Груши,База,179,179,0,2,358
250515-378-0462,2025-05-15,доставлен,07:09:00,07:28:00,"Московская область, Одинцовский городской округ, СНТ Полянка, 14",Огурцы колючие ТСХ,Овощи,89,89,0,1,89
250515-378-0462,2025-05-15,доставлен,07:09:00,07:28:00,"Московская область, Одинцовский городской округ, СНТ Полянка, 14",Сухарики Три корочки бекон,Снеки,69,69,0,1,69
250515-378-0462,2025-05-15,доставлен,07:09:00,07:28:00,"Московская область, Одинцовский городской округ, СНТ Полянка, 14",Доставка,Услуги Груши,0,0,0,1,0
250515-901-1245,2025-05-15,доставлен,18:46:00,20:22:00,"Московская область, Одинцовский городской округ, СНТ Полянка, 14",Чипсы Lay's Из печи Нежный сыр с зеленью,Снеки,139,139,0,1,139
250515-901-1245,2025-05-15,доставлен,18:46:00,20:22:00,"Московская область, Одинцовский городской округ, СНТ Полянка, 14",Черри Конфетто Россия,Овощи,209,209,0,1,209
250515-901-1245,2025-05-15,доставлен,18:46:00,20:22:00,"Московская область, Одинцовский городской округ, СНТ Полянка, 14",Омлет с беконом и релишем из болгарского перца Из Груши,Готовая еда,369,369,0,1,369
250515-901-1245,2025-05-15,доставлен,18:46:00,20:22:00,"Московская область, Одинцовский городской округ, СНТ Полянка, 14",Доставка,Услуги Груши,119,119,0,1,119
250516-707-1249,2025-05-16,доставлен,09:47:00,10:12:00,"Московская область, Одинцовский городской округ, СНТ Полянка, 14","Кефир 3,2% Асеньевская ферма",База,119,119,0,1,119
250516-707-1249,2025-05-16,доставлен,09:47:00,10:12:00,"Московская область, Одинцовский городской округ, СНТ Полянка, 14",Сок апельсиновый Из Груши прямой отжим,Напитки,409,409,0,1,409
250516-707-1249,2025-05-16,доставлен,09:47:00,10:12:00,"Московская область, Одинцовский городской округ, СНТ Полянка, 14",Шоколад тёмный Lindt Excellence 85% cocoa,Сладости,469,469,0,1,469
250516-707-1249,2025-05-16,доставлен,09:47:00,10:12:00,"Московская область, Одинцовский городской округ, СНТ Полянка, 14",Сок Сады Придонья яблоко-виноград с 6 месяцев без добавления сахара,Напитки,39,39,0,1,39
250516-707-1249,2025-05-16,доставлен,09:47:00,10:12:00,"Московская область, Одинцовский городской округ, СНТ Полянка, 14",Шпинат,Овощи,139,139,0,1,139
250516-707-1249,2025-05-16,доставлен,09:47:00,10:12:00,"Московская область, Одинцовский городской округ, СНТ Полянка, 14",Батончик шоколадный Bounty,Сладости,89,89,0,1,89
250516-707-1249,2025-05-16,доставлен,09:47:00,10:12:00,"Московская область, Одинцовский городской округ, СНТ Полянка, 14",Пакеты для мусора Master Fresh 30 л чёрные,Товары для дома,79,79,0,1,79
250516-707-1249,2025-05-16,доставлен,09:47:00,10:12:00,"Московская область, Одинцовский городской округ, СНТ Полянка, 14",Макароны Barilla Festivi,База,169,169,0,1,169
250516-707-1249,2025-05-16,доставлен,09:47:00,10:12:00,"Московская область, Одинцовский городской округ, СНТ Полянка, 14",Доставка,Услуги Груши,79,79,0,1,79
250521-651-6904,2025-05-21,доставлен,10:53:00,11:10:00,"Московская область, Одинцовский городской округ, СНТ Полянка, 14","Молоко 2,5% Асеньевская ферма пастеризованное",База,119,119,0,1,119
250521-651-6904,2025-05-21,доставлен,10:53:00,11:10:00,"Московская область, Одинцовский городской округ, СНТ Полянка, 14","Масло сливочное 82,5% Вологодское Из Вологды",База,359,359,0,2,718
250521-651-6904,2025-05-21,доставлен,10:53:00,11:10:00,"Московская область, Одинцовский городской округ, СНТ Полянка, 14","Масло сливочное 72,5% Из Груши",База,179,179,0,1,179
250521-651-6904,2025-05-21,доставлен,10:53:00,11:10:00,"Московская область, Одинцовский городской округ, СНТ Полянка, 14",Салат Крабовый Азбука вкуса,Готовая еда,209,169,40,1,169
250521-651-6904,2025-05-21,доставлен,10:53:00,11:10:00,"Московская область, Одинцовский городской округ, СНТ Полянка, 14",Голубцы мясные тушеные в томатно-сливочном соусе Азбука Вкуса,Готовая еда,449,449,0,1,449
250521-651-6904,2025-05-21,доставлен,10:53:00,11:10:00,"Московская область, Одинцовский городской округ, СНТ Полянка, 14",Лапша рисовая с креветками и овощами Азбука life,Готовая еда,779,779,0,1,779
250521-651-6904,2025-05-21,доставлен,10:53:00,11:10:00,"Московская область, Одинцовский городской округ, СНТ Полянка, 14",Ромовая баба глазированная шоколадной помадкой Из Груши,Сладости,189,189,0,1,189
250521-651-6904,2025-05-21,доставлен,10:53:00,11:10:00,"Московская область, Одинцовский городской округ, СНТ Полянка, 14",Доставка,Услуги Груши,0,0,0,1,0
250522-291-2981,2025-05-22,доставлен,09:48:00,10:07:00,"Московская область, Одинцовский городской округ, СНТ Полянка, 14",Вода Шишкин лес негазированная,Вода,69,69,0,1,69
250522-291-2981,2025-05-22,доставлен,09:48:00,10:07:00,"Московская область, Одинцовский городской округ, СНТ Полянка, 14",Помидоры коктейльные сливовидные на ветке,Овощи,189,189,0,1,189
250522-291-2981,2025-05-22,доставлен,09:48:00,10:07:00,"Московская область, Одинцовский городской округ, СНТ Полянка, 14",Печенье Хворост Из Груши медовый,Сладости,209,209,0,3,627
250522-291-2981,2025-05-22,доставлен,09:48:00,10:07:00,"Московская область, Одинцовский городской округ, СНТ Полянка, 14",Торт Медовый Братья Караваевы 2 шт,Сладости,439,439,0,1,439
250522-291-2981,2025-05-22,доставлен,09:48:00,10:07:00,"Московская область, Одинцовский городской округ, СНТ Полянка, 14","Фруктовый микс манго, голубика",Фрукты,929,929,0,1,929
250522-291-2981,2025-05-22,доставлен,09:48:00,10:07:00,"Московская область, Одинцовский городской округ, СНТ Полянка, 14",Суп с куриными фрикадельками и пастой Алфавит Азбука вкуса,Готовая еда,229,229,0,2,458
250522-291-2981,2025-05-22,доставлен,09:48:00,10:07:00,"Московская область, Одинцовский городской округ, СНТ Полянка, 14","Помидоры Пинк Парадайз, Узбекистан",Овощи,990,990,0,1,990
250522-291-2981,2025-05-22,доставлен,09:48:00,10:07:00,"Московская область, Одинцовский городской округ, СНТ Полянка, 14",Доставка,Услуги Груши,0,0,0,1,0
250522-291-2981,2025-05-22,доставлен,09:48:00,10:07:00,"Московская область, Одинцовский городской округ, СНТ Полянка, 14",Упаковка,Услуги Груши,19,19,0,1,19
250523-849-2923,2025-05-23,доставлен,19:29:00,19:41:00,"Московская область, Одинцовский городской округ, СНТ Полянка, 14","Масло сливочное 82,5% Из Груши традиционное",База,199,199,0,2,398
250523-849-2923,2025-05-23,доставлен,19:29:00,19:41:00,"Московская область, Одинцовский городской округ, СНТ Полянка, 14",Туалетная бумага Zewa Плюс белая 2 слоя,Товары для дома,149,149,0,1,149
250523-849-2923,2025-05-23,доставлен,19:29:00,19:41:00,"Московская область, Одинцовский городской округ, СНТ Полянка, 14",Блинчики с курицей и грибами Азбука Вкуса,Готовая еда,249,249,0,1,249
250523-849-2923,2025-05-23,доставлен,19:29:00,19:41:00,"Московская область, Одинцовский городской округ, СНТ Полянка, 14",Огурцы короткоплодные,Овощи,249,249,0,1,249
250523-849-2923,2025-05-23,доставлен,19:29:00,19:41:00,"Московская область, Одинцовский городской округ, СНТ Полянка, 14",Доставка,Услуги Груши,0,0,0,1,0
250523-849-2923,2025-05-23,доставлен,19:29:00,19:41:00,"Московская область, Одинцовский городской округ, СНТ Полянка, 14",Упаковка,Услуги Груши,19,19,0,1,19
250524-049-9800,2025-05-24,доставлен,11:01:00,11:09:00,"Московская область, Одинцовский городской округ, СНТ Полянка, 14",Огурцы Корнишон,Овощи,99,99,0,2,198
250524-049-9800,2025-05-24,доставлен,11:01:00,11:09:00,"Московская область, Одинцовский городской округ, СНТ Полянка, 14",Ромовая баба глазированная шоколадной помадкой Из Груши,Сладости,189,189,0,1,189
250524-049-9800,2025-05-24,доставлен,11:01:00,11:09:00,"Московская область, Одинцовский городской округ, СНТ Полянка, 14",Доставка,Услуги Груши,0,0,0,1,0
250527-742-3905,2025-05-27,доставлен,09:08:00,09:45:00,"Московская область, Одинцовский городской округ, СНТ Полянка, 14","Protein pot с яйцом, сыром фета и помидорами черри Азбука life",Готовая еда,249,249,0,2,498
250527-742-3905,2025-05-27,доставлен,09:08:00,09:45:00,"Московская область, Одинцовский городской округ, СНТ Полянка, 14",Яйцо куриное СО Из Груши,База,179,179,0,1,179
250527-742-3905,2025-05-27,доставлен,09:08:00,09:45:00,"Московская область, Одинцовский городской округ, СНТ Полянка, 14",Салфетки влажные детские Pampers Sensitive,Товары для дома,229,229,0,1,229
250527-742-3905,2025-05-27,доставлен,09:08:00,09:45:00,"Московская область, Одинцовский городской округ, СНТ Полянка, 14",Лепешки Мексиканские Оригинальные Delicados Tortillas,База,129,129,0,1,129
250527-742-3905,2025-05-27,доставлен,09:08:00,09:45:00,"Московская область, Одинцовский городской округ, СНТ Полянка, 14",Хурма Королёк,Фрукты,339,339,0,1,339
250527-742-3905,2025-05-27,доставлен,09:08:00,09:45:00,"Московская область, Одинцовский городской округ, СНТ Полянка, 14",Макароны Fusilli Barilla №98,База,139,139,0,1,139
250527-742-3905,2025-05-27,доставлен,09:08:00,09:45:00,"Московская область, Одинцовский городской округ, СНТ Полянка, 14",Доставка,Услуги Груши,199,199,0,1,199
250530-113-2414,2025-05-30,доставлен,08:34:00,08:50:00,"Московская область, Одинцовский городской округ, СНТ Полянка, 14","Кефир 3,2% Асеньевская ферма",База,119,119,0,1,119
250530-113-2414,2025-05-30,доставлен,08:34:00,08:50:00,"Московская область, Одинцовский городской округ, СНТ Полянка, 14",Яйцо куриное СО Из Груши,База,179,179,0,1,179
250530-113-2414,2025-05-30,доставлен,08:34:00,08:50:00,"Московская область, Одинцовский городской округ, СНТ Полянка, 14","Молоко 2,5% Асеньевская ферма пастеризованное",База,119,119,0,1,119
250530-113-2414,2025-05-30,доставлен,08:34:00,08:50:00,"Московская область, Одинцовский городской округ, СНТ Полянка, 14",Клубника Из Груши,Фрукты,219,219,0,3,657
250530-113-2414,2025-05-30,доставлен,08:34:00,08:50:00,"Московская область, Одинцовский городской округ, СНТ Полянка, 14",Доставка,Услуги Груши,119,119,0,1,119
250530-267-6930,2025-05-30,доставлен,21:02:00,21:18:00,"Московская область, Одинцовский городской округ, СНТ Полянка, 14",Пирожное паштел де ната Хлеб Насущный,Сладости,139,139,0,1,139
250530-267-6930,2025-05-30,доставлен,21:02:00,21:18:00,"Московская область, Одинцовский городской округ, СНТ Полянка, 14",Горошек зелёный Bonduelle замороженный,Овощи,119,119,0,1,119
250530-267-6930,2025-05-30,доставлен,21:02:00,21:18:00,"Московская область, Одинцовский городской округ, СНТ Полянка, 14",Печенье Творожные ушки Братья Караваевы,Сладости,529,529,0,1,529
250530-267-6930,2025-05-30,доставлен,21:02:00,21:18:00,"Московская область, Одинцовский городской округ, СНТ Полянка, 14",Морковь мытая,Овощи,59,49,10,1,49
250530-267-6930,2025-05-30,доставлен,21:02:00,21:18:00,"Московская область, Одинцовский городской округ, СНТ Полянка, 14",Пирог с сыром и шпинатом Рамонти Пайз,Готовая еда,179,179,0,1,179
250530-267-6930,2025-05-30,доставлен,21:02:00,21:18:00,"Московская область, Одинцовский городской округ, СНТ Полянка, 14",Помидоры сладкие Бархатный мёд,Овощи,2190,2190,0,1,2190
250530-267-6930,2025-05-30,доставлен,21:02:00,21:18:00,"Московская область, Одинцовский городской округ, СНТ Полянка, 14",Творог зернёный 4% домашний Карат,База,179,179,0,1,179
250530-267-6930,2025-05-30,доставлен,21:02:00,21:18:00,"Московская область, Одинцовский городской округ, СНТ Полянка, 14",Черешня Бычье сердце,Фрукты,1190,1190,0,1,1190
250530-267-6930,2025-05-30,доставлен,21:02:00,21:18:00,"Московская область, Одинцовский городской округ, СНТ Полянка, 14",Доставка,Услуги Груши,0,0,0,1,0
250604-252-9363,2025-06-04,доставлен,09:52:00,10:27:00,"Московская область, Одинцовский городской округ, СНТ Полянка, 14",Вода Шишкин лес негазированная,Вода,69,69,0,2,138
250604-252-9363,2025-06-04,доставлен,09:52:00,10:27:00,"Московская область, Одинцовский городской округ, СНТ Полянка, 14","Масло сливочное 82,5% Вологодское Из Вологды",База,359,359,0,1,359
250604-252-9363,2025-06-04,доставлен,09:52:00,10:27:00,"Московская область, Одинцовский городской округ, СНТ Полянка, 14","Масло сливочное 72,5% Из Груши",База,179,179,0,1,179
250604-252-9363,2025-06-04,доставлен,09:52:00,10:27:00,"Московская область, Одинцовский городской округ, СНТ Полянка, 14",Баклажаны,Овощи,89,89,0,1,89
250604-252-9363,2025-06-04,доставлен,09:52:00,10:27:00,"Московская область, Одинцовский городской округ, СНТ Полянка, 14",Доставка,Услуги Груши,49,49,0,1,49
250614-944-6247,2025-06-14,доставлен,08:07:00,08:16:00,"Московская область, Одинцовский городской округ, СНТ Полянка, 14","Кефир 3,2% Асеньевская ферма",База,119,119,0,1,119
250614-944-6247,2025-06-14,доставлен,08:07:00,08:16:00,"Московская область, Одинцовский городской округ, СНТ Полянка, 14",Вода Шишкин лес негазированная,Вода,69,69,0,1,69
250614-944-6247,2025-06-14,доставлен,08:07:00,08:16:00,"Московская область, Одинцовский городской округ, СНТ Полянка, 14",Яйцо куриное СО Из Груши,База,179,179,0,1,179
250614-944-6247,2025-06-14,доставлен,08:07:00,08:16:00,"Московская область, Одинцовский городской округ, СНТ Полянка, 14","Молоко 2,5% Асеньевская ферма пастеризованное",База,119,119,0,1,119
250614-944-6247,2025-06-14,доставлен,08:07:00,08:16:00,"Московская область, Одинцовский городской округ, СНТ Полянка, 14",Доставка,Услуги Груши,0,0,0,1,0
250615-285-7614,2025-06-15,доставлен,07:00:00,07:41:00,"Московская область, Одинцовский городской округ, СНТ Полянка, 14","Масло сливочное 82,5% Вологодское Из Вологды",База,359,359,0,2,718
250615-285-7614,2025-06-15,доставлен,07:00:00,07:41:00,"Московская область, Одинцовский городской округ, СНТ Полянка, 14","Масло сливочное 72,5% Из Груши",База,179,179,0,1,179
250615-285-7614,2025-06-15,доставлен,07:00:00,07:41:00,"Московская область, Одинцовский городской округ, СНТ Полянка, 14",Мороженое пломбир Чистая Линия,Сладости,159,159,0,1,159
250615-285-7614,2025-06-15,доставлен,07:00:00,07:41:00,"Московская область, Одинцовский городской округ, СНТ Полянка, 14",Доставка,Услуги Груши,0,0,0,1,0
250615-285-7614,2025-06-15,доставлен,07:00:00,07:41:00,"Московская область, Одинцовский городской округ, СНТ Полянка, 14",Упаковка,Услуги Груши,19,19,0,1,19
250625-629-5194,2025-06-25,доставлен,09:48:00,10:07:00,"Московская область, Одинцовский городской округ, СНТ Полянка, 14",Вода Шишкин лес негазированная,Вода,69,69,0,1,69
250625-629-5194,2025-06-25,доставлен,09:48:00,10:07:00,"Московская область, Одинцовский городской округ, СНТ Полянка, 14","Молоко 2,5% Асеньевская ферма пастеризованное",База,119,119,0,1,119
250625-629-5194,2025-06-25,доставлен,09:48:00,10:07:00,"Московская область, Одинцовский городской округ, СНТ Полянка, 14","Масло сливочное 72,5% Из Груши",База,179,179,0,1,179
250625-629-5194,2025-06-25,доставлен,09:48:00,10:07:00,"Московская область, Одинцовский городской округ, СНТ Полянка, 14",Салат Оливье Азбука Вкуса,Готовая еда,379,379,0,1,379
250625-629-5194,2025-06-25,доставлен,09:48:00,10:07:00,"Московская область, Одинцовский городской округ, СНТ Полянка, 14",Доставка,Услуги Груши,0,0,0,1,0
250627-021-8348,2025-06-27,доставлен,19:54:00,20:14:00,"Московская область, Одинцовский городской округ, СНТ Полянка, 14",Яйцо куриное СО Из Груши,База,179,149,30,1,149
250627-021-8348,2025-06-27,доставлен,19:54:00,20:14:00,"Московская область, Одинцовский городской округ, СНТ Полянка, 14","Масло сливочное 82,5% Вологодское Из Вологды",База,359,359,0,1,359
250627-021-8348,2025-06-27,доставлен,19:54:00,20:14:00,"Московская область, Одинцовский городской округ, СНТ Полянка, 14","Яблоки Богатырь Агроном-сад отборные, 4 шт.",Фрукты,219,219,0,1,219
250627-021-8348,2025-06-27,доставлен,19:54:00,20:14:00,"Московская область, Одинцовский городской округ, СНТ Полянка, 14",Малина Из Груши,Фрукты,749,749,0,1,749
250627-021-8348,2025-06-27,доставлен,19:54:00,20:14:00,"Московская область, Одинцовский городской округ, СНТ Полянка, 14","Молоко отборное 3,4-4,5% Домик в деревне пастеризованное",База,119,119,0,1,119
250627-021-8348,2025-06-27,доставлен,19:54:00,20:14:00,"Московская область, Одинцовский городской округ, СНТ Полянка, 14",Доставка,Услуги Груши,0,0,0,1,0
250628-365-7320,2025-06-28,доставлен,08:24:00,08:53:00,"Московская область, Одинцовский городской округ, СНТ Полянка, 14","Кефир 3,2% Асеньевская ферма",База,119,119,0,2,238
250628-365-7320,2025-06-28,доставлен,08:24:00,08:53:00,"Московская область, Одинцовский городской округ, СНТ Полянка, 14",Огурцы Корнишон,Овощи,99,99,0,1,99
250628-365-7320,2025-06-28,доставлен,08:24:00,08:53:00,"Московская область, Одинцовский городской округ, СНТ Полянка, 14",Голубика Артфрут,Фрукты,339,279,60,3,837
250628-365-7320,2025-06-28,доставлен,08:24:00,08:53:00,"Московская область, Одинцовский городской округ, СНТ Полянка, 14",Манго Артфрут,Фрукты,139,139,0,1,139
250628-365-7320,2025-06-28,доставлен,08:24:00,08:53:00,"Московская область, Одинцовский городской округ, СНТ Полянка, 14",Фунчоза с овощами по-корейски Азбука Вкуса,Готовая еда,239,239,0,1,239
250628-365-7320,2025-06-28,доставлен,08:24:00,08:53:00,"Московская область, Одинцовский городской округ, СНТ Полянка, 14",Доставка,Услуги Груши,119,119,0,1,119
250628-959-4171,2025-06-28,доставлен,20:08:00,20:19:00,"Московская область, Одинцовский городской округ, СНТ Полянка, 14",Чипсы Lay's Из печи Нежный сыр с зеленью,Снеки,139,139,0,1,139
250628-959-4171,2025-06-28,доставлен,20:08:00,20:19:00,"Московская область, Одинцовский городской округ, СНТ Полянка, 14",Доставка,Услуги Груши,0,0,0,1,0
250628-959-4171,2025-06-28,доставлен,20:08:00,20:19:00,"Московская область, Одинцовский городской округ, СНТ Полянка, 14",Упаковка,Услуги Груши,19,19,0,1,19
250629-379-4504,2025-06-29,доставлен,09:08:00,09:32:00,"Московская область, Одинцовский городской округ, СНТ Полянка, 14",Руккола Из Груши,Овощи,139,139,0,1,139
250629-379-4504,2025-06-29,доставлен,09:08:00,09:32:00,"Московская область, Одинцовский городской округ, СНТ Полянка, 14",Lay's Из печи сыр-зелень,Снеки,179,119,60,2,238
250629-379-4504,2025-06-29,доставлен,09:08:00,09:32:00,"Московская область, Одинцовский городской округ, СНТ Полянка, 14",Доставка,Услуги Груши,0,0,0,1,0
250702-518-8151,2025-07-02,доставлен,19:11:00,19:25:00,"Московская область, Одинцовский городской округ, СНТ Полянка, 14",Напиток соевый Alpro банановый,Напитки,379,379,0,1,379
250702-518-8151,2025-07-02,доставлен,19:11:00,19:25:00,"Московская область, Одинцовский городской округ, СНТ Полянка, 14",Пакеты для мусора 30 л Paclan,Товары для дома,179,179,0,1,179
250702-518-8151,2025-07-02,доставлен,19:11:00,19:25:00,"Московская область, Одинцовский городской округ, СНТ Полянка, 14",Малина Из Груши,Фрукты,749,749,0,1,749
250702-518-8151,2025-07-02,доставлен,19:11:00,19:25:00,"Московская область, Одинцовский городской округ, СНТ Полянка, 14",Помидоры сладкие Бархатный мёд,Овощи,2190,2190,0,1,2190
250702-518-8151,2025-07-02,доставлен,19:11:00,19:25:00,"Московская область, Одинцовский городской округ, СНТ Полянка, 14",Яблоки Гренни Смит,Фрукты,109,109,0,1,109
250702-518-8151,2025-07-02,доставлен,19:11:00,19:25:00,"Московская область, Одинцовский городской округ, СНТ Полянка, 14",Доставка,Услуги Груши,0,0,0,1,0
250705-889-6594,2025-07-05,доставлен,20:44:00,21:00:00,"Московская область, Одинцовский городской округ, СНТ Полянка, 14",Вода Шишкин лес негазированная,Вода,69,69,0,1,69
250705-889-6594,2025-07-05,доставлен,20:44:00,21:00:00,"Московская область, Одинцовский городской округ, СНТ Полянка, 14","Молоко 2,5% Асеньевская ферма пастеризованное",База,119,79,40,1,79
250705-889-6594,2025-07-05,доставлен,20:44:00,21:00:00,"Московская область, Одинцовский городской округ, СНТ Полянка, 14","Масло сливочное 72,5% Из Груши",База,179,179,0,1,179
250705-889-6594,2025-07-05,доставлен,20:44:00,21:00:00,"Московская область, Одинцовский городской округ, СНТ Полянка, 14",Хлеб ржано-пшеничный с семенами подсолнечника нарезанный Азбука вкуса,База,129,129,0,1,129
250705-889-6594,2025-07-05,доставлен,20:44:00,21:00:00,"Московская область, Одинцовский городской округ, СНТ Полянка, 14",Помидоры черри на ветке,Овощи,269,269,0,1,269
250705-889-6594,2025-07-05,доставлен,20:44:00,21:00:00,"Московская область, Одинцовский городской округ, СНТ Полянка, 14",Манго Артфрут,Фрукты,139,139,0,1,139
250705-889-6594,2025-07-05,доставлен,20:44:00,21:00:00,"Московская область, Одинцовский городской округ, СНТ Полянка, 14",Доставка,Услуги Груши,0,0,0,1,0
250716-270-2972,2025-07-16,доставлен,11:47:00,12:07:00,"Московская область, Одинцовский городской округ, СНТ Полянка, 14","Кефир 3,2% Асеньевская ферма",База,119,119,0,1,119
250716-270-2972,2025-07-16,доставлен,11:47:00,12:07:00,"Московская область, Одинцовский городской округ, СНТ Полянка, 14",Вода Шишкин лес негазированная,Вода,69,69,0,1,69
250716-270-2972,2025-07-16,доставлен,11:47:00,12:07:00,"Московская область, Одинцовский городской округ, СНТ Полянка, 14",Яйцо куриное СО Из Груши,База,179,179,0,1,179
250716-270-2972,2025-07-16,доставлен,11:47:00,12:07:00,"Московская область, Одинцовский городской округ, СНТ Полянка, 14","Молоко 2,5% Асеньевская ферма пастеризованное",База,119,119,0,1,119
250716-270-2972,2025-07-16,доставлен,11:47:00,12:07:00,"Московская область, Одинцовский городской округ, СНТ Полянка, 14","Масло сливочное 82,5% Вологодское Из Вологды",База,359,359,0,2,718
250716-270-2972,2025-07-16,доставлен,11:47:00,12:07:00,"Московская область, Одинцовский городской округ, СНТ Полянка, 14","Масло сливочное 72,5% Из Груши",База,179,179,0,1,179
250716-270-2972,2025-07-16,доставлен,11:47:00,12:07:00,"Московская область, Одинцовский городской округ, СНТ Полянка, 14",Голубика Артфрут,Фрукты,339,339,0,1,339
250716-270-2972,2025-07-16,доставлен,11:47:00,12:07:00,"Московская область, Одинцовский городской округ, СНТ Полянка, 14",Доставка,Услуги Груши,0,0,0,1,0
250716-270-2972,2025-07-16,доставлен,11:47:00,12:07:00,"Московская область, Одинцовский городской округ, СНТ Полянка, 14",Упаковка,Услуги Груши,19,19,0,1,19
250720-972-8798,2025-07-20,доставлен,19:27:00,19:58:00,"Московская область, Одинцовский городской округ, СНТ Полянка, 14",Мыло жидкое Сандал и Ягоды можжевельника Synergetic,Товары для дома,669,669,0,1,669
250720-972-8798,2025-07-20,доставлен,19:27:00,19:58:00,"Московская область, Одинцовский городской округ, СНТ Полянка, 14",Гранола-мюсли Extra с молочным шоколадом,База,439,439,0,1,439
250720-972-8798,2025-07-20,доставлен,19:27:00,19:58:00,"Московская область, Одинцовский городской округ, СНТ Полянка, 14",Клубника свежая Артфрут,Фрукты,1390,1390,0,1,1390
250720-972-8798,2025-07-20,доставлен,19:27:00,19:58:00,"Московская область, Одинцовский городской округ, СНТ Полянка, 14",Лимонад Из Груши с соком манго и маракуйи,Напитки,179,179,0,1,179
250720-972-8798,2025-07-20,доставлен,19:27:00,19:58:00,"Московская область, Одинцовский городской округ, СНТ Полянка, 14",Пельмени Домашние Из Груши,База,199,199,0,1,199
250720-972-8798,2025-07-20,доставлен,19:27:00,19:58:00,"Московская область, Одинцовский городской округ, СНТ Полянка, 14","Масло сливочное 82,5% Из Груши",База,169,149,20,1,149
250720-972-8798,2025-07-20,доставлен,19:27:00,19:58:00,"Московская область, Одинцовский городской округ, СНТ Полянка, 14",Доставка,Услуги Груши,0,0,0,1,0
250721-774-0181,2025-07-21,доставлен,09:55:00,10:07:00,"Московская область, Одинцовский городской округ, СНТ Полянка, 14",Паста Карбонара Азбука Вкуса,Готовая еда,659,659,0,2,1318
250721-774-0181,2025-07-21,доставлен,09:55:00,10:07:00,"Московская область, Одинцовский городской округ, СНТ Полянка, 14",Баклажаны,Овощи,89,89,0,1,89
250721-774-0181,2025-07-21,доставлен,09:55:00,10:07:00,"Московская область, Одинцовский городской округ, СНТ Полянка, 14",Огурцы короткоплодные,Овощи,249,249,0,1,249
250721-774-0181,2025-07-21,доставлен,09:55:00,10:07:00,"Московская область, Одинцовский городской округ, СНТ Полянка, 14",Вода минеральная Ессентуки №4 лечебно-столовая газированная,Вода,329,329,0,1,329
250721-774-0181,2025-07-21,доставлен,09:55:00,10:07:00,"Московская область, Одинцовский городской округ, СНТ Полянка, 14",Вода минеральная Ессентуки №4 лечебно-столовая,Вода,429,429,0,1,429
250721-774-0181,2025-07-21,доставлен,09:55:00,10:07:00,"Московская область, Одинцовский городской округ, СНТ Полянка, 14",Вода Bonaqua негазированная,Вода,89,89,0,2,178
250721-774-0181,2025-07-21,доставлен,09:55:00,10:07:00,"Московская область, Одинцовский городской округ, СНТ Полянка, 14",Спелые бананы,Фрукты,429,429,0,1,429
250721-774-0181,2025-07-21,доставлен,09:55:00,10:07:00,"Московская область, Одинцовский городской округ, СНТ Полянка, 14",Батарейки Kodak Max Super Alkaline AA,Товары для дома,759,759,0,1,759
250721-774-0181,2025-07-21,доставлен,09:55:00,10:07:00,"Московская область, Одинцовский городской округ, СНТ Полянка, 14",Доставка,Услуги Груши,0,0,0,1,0
250721-774-0181,2025-07-21,доставлен,09:55:00,10:07:00,"Московская область, Одинцовский городской округ, СНТ Полянка, 14",Упаковка,Услуги Груши,19,19,0,1,19
250727-270-0192,2025-07-27,доставлен,10:27:00,10:42:00,"Московская область, Одинцовский городской округ, СНТ Полянка, 14",Вода Шишкин лес негазированная,Вода,69,69,0,1,69
250727-270-0192,2025-07-27,доставлен,10:27:00,10:42:00,"Московская область, Одинцовский городской округ, СНТ Полянка, 14","Молоко 2,5% Асеньевская ферма пастеризованное",База,119,119,0,1,119
250727-270-0192,2025-07-27,доставлен,10:27:00,10:42:00,"Московская область, Одинцовский городской округ, СНТ Полянка, 14","Масло сливочное 82,5% Вологодское Из Вологды",База,359,359,0,1,359
250727-270-0192,2025-07-27,доставлен,10:27:00,10:42:00,"Московская область, Одинцовский городской округ, СНТ Полянка, 14","Масло сливочное 72,5% Из Груши",База,179,179,0,1,179
250727-270-0192,2025-07-27,доставлен,10:27:00,10:42:00,"Московская область, Одинцовский городской округ, СНТ Полянка, 14",Голубика Артфрут,Фрукты,339,339,0,1,339
250727-270-0192,2025-07-27,доставлен,10:27:00,10:42:00,"Московская область, Одинцовский городской округ, СНТ Полянка, 14",Спелые бананы,Фрукты,429,359,70,1,359
250727-270-0192,2025-07-27,доставлен,10:27:00,10:42:00,"Московская область, Одинцовский городской округ, СНТ Полянка, 14",Колбаса Докторская Мясной дом Бородина варёная,База,479,479,0,1,479
250727-270-0192,2025-07-27,доставлен,10:27:00,10:42:00,"Московская область, Одинцовский городской округ, СНТ Полянка, 14",Доставка,Услуги Груши,119,119,0,1,119
250729-543-7275,2025-07-29,доставлен,20:09:00,21:15:00,"Московская область, Одинцовский городской округ, СНТ Полянка, 14",Яйцо куриное СО Из Груши,База,179,179,0,1,179
250729-543-7275,2025-07-29,доставлен,20:09:00,21:15:00,"Московская область, Одинцовский городской округ, СНТ Полянка, 14",Клубника Из Груши,Фрукты,219,219,0,1,219
250729-543-7275,2025-07-29,доставлен,20:09:00,21:15:00,"Московская область, Одинцовский городской округ, СНТ Полянка, 14",Брокколи свежая,Овощи,219,219,0,2,438
250729-543-7275,2025-07-29,доставлен,20:09:00,21:15:00,"Московская область, Одинцовский городской округ, СНТ Полянка, 14",Вода минеральная Рычал-Су,Вода,189,189,0,4,756
250729-543-7275,2025-07-29,доставлен,20:09:00,21:15:00,"Московская область, Одинцовский городской округ, СНТ Полянка, 14",Средство для мытья посуды Fairy лимон,Товары для дома,279,279,0,1,279
250729-543-7275,2025-07-29,доставлен,20:09:00,21:15:00,"Московская область, Одинцовский городской округ, СНТ Полянка, 14","Помидоры розовые Бычье сердце, Азербайджан",Овощи,189,189,0,1,189
250729-543-7275,2025-07-29,доставлен,20:09:00,21:15:00,"Московская область, Одинцовский городской округ, СНТ Полянка, 14",Доставка,Услуги Груши,0,0,0,1,0
250729-543-7275,2025-07-29,доставлен,20:09:00,21:15:00,"Московская область, Одинцовский городской округ, СНТ Полянка, 14",Упаковка,Услуги Груши,19,19,0,1,19
250809-800-1436,2025-08-09,доставлен,18:04:00,18:30:00,"Московская область, Одинцовский городской округ, СНТ Полянка, 14","Кефир 3,2% Асеньевская ферма",База,119,119,0,1,119
250809-800-1436,2025-08-09,доставлен,18:04:00,18:30:00,"Московская область, Одинцовский городской округ, СНТ Полянка, 14",Вода Шишкин лес негазированная,Вода,69,69,0,1,69
250809-800-1436,2025-08-09,доставлен,18:04:00,18:30:00,"Московская область, Одинцовский городской округ, СНТ Полянка, 14","Молоко 2,5% Асеньевская ферма пастеризованное",База,119,119,0,1,119
250809-800-1436,2025-08-09,доставлен,18:04:00,18:30:00,"Московская область, Одинцовский городской округ, СНТ Полянка, 14","Масло сливочное 82,5% Вологодское Из Вологды",База,359,359,0,1,359
250809-800-1436,2025-08-09,доставлен,18:04:00,18:30:00,"Московская область, Одинцовский городской округ, СНТ Полянка, 14",Доставка,Услуги Груши,49,49,0,1,49
250813-866-3412,2025-08-13,доставлен,08:26:00,08:35:00,"Московская область, Одинцовский городской округ, СНТ Полянка, 14",Яйцо куриное СО Из Груши,База,179,179,0,1,179
250813-866-3412,2025-08-13,доставлен,08:26:00,08:35:00,"Московская область, Одинцовский городской округ, СНТ Полянка, 14","Масло сливочное 72,5% Из Груши",База,179,179,0,1,179
250813-866-3412,2025-08-13,доставлен,08:26:00,08:35:00,"Московская область, Одинцовский городской округ, СНТ Полянка, 14",Клей-гель супер моментальный Секунда,Товары для дома,79,79,0,1,79
250813-866-3412,2025-08-13,доставлен,08:26:00,08:35:00,"Московская область, Одинцовский городской округ, СНТ Полянка, 14",Доставка,Услуги Груши,0,0,0,1,0
250820-336-8524,2025-08-20,доставлен,18:47:00,19:02:00,"Московская область, Одинцовский городской округ, СНТ Полянка, 14",Вода Шишкин лес негазированная,Вода,69,69,0,1,69
250820-336-8524,2025-08-20,доставлен,18:47:00,19:02:00,"Московская область, Одинцовский городской округ, СНТ Полянка, 14","Молоко 2,5% Асеньевская ферма пастеризованное",База,119,119,0,1,119
250820-336-8524,2025-08-20,доставлен,18:47:00,19:02:00,"Московская область, Одинцовский городской округ, СНТ Полянка, 14","Масло сливочное 82,5% Вологодское Из Вологды",База,359,359,0,2,718
250820-336-8524,2025-08-20,доставлен,18:47:00,19:02:00,"Московская область, Одинцовский городской округ, СНТ Полянка, 14",Кабачки,Овощи,129,129,0,1,129
250820-336-8524,2025-08-20,доставлен,18:47:00,19:02:00,"Московская область, Одинцовский городской округ, СНТ Полянка, 14",Омлет запечённый с муссом из филе лосося,Готовая еда,229,229,0,1,229
250820-336-8524,2025-08-20,доставлен,18:47:00,19:02:00,"Московская область, Одинцовский городской округ, СНТ Полянка, 14",Доставка,Услуги Груши,0,0,0,1,0
250821-587-3210,2025-08-21,доставлен,10:20:00,10:42:00,"Московская область, Одинцовский городской округ, СНТ Полянка, 14",Помидоры розовые Эко-культура круглые,Овощи,179,179,0,2,358
250821-587-3210,2025-08-21,доставлен,10:20:00,10:42:00,"Московская область, Одинцовский городской округ, СНТ Полянка, 14",Горошек зелёный Bonduelle замороженный,Овощи,119,119,0,1,119
250821-587-3210,2025-08-21,доставлен,10:20:00,10:42:00,"Московская область, Одинцовский городской округ, СНТ Полянка, 14",Доставка,Услуги Груши,0,0,0,1,0
250821-587-3210,2025-08-21,доставлен,10:20:00,10:42:00,"Московская область, Одинцовский городской округ, СНТ Полянка, 14",Упаковка,Услуги Груши,19,19,0,1,19
250821-103-6453,2025-08-21,доставлен,10:23:00,10:40:00,"Московская область, Одинцовский городской округ, СНТ Полянка, 14",Чистящее средство Synergetic для окон и зеркал,Товары для дома,329,329,0,1,329
250821-103-6453,2025-08-21,доставлен,10:23:00,10:40:00,"Московская область, Одинцовский городской округ, СНТ Полянка, 14",Вода Шишкин лес негазированная,Вода,69,69,0,1,69
250821-103-6453,2025-08-21,доставлен,10:23:00,10:40:00,"Московская область, Одинцовский городской округ, СНТ Полянка, 14",Сыр Пармезан Из Груши тёртый 40%,База,239,239,0,1,239
250821-103-6453,2025-08-21,доставлен,10:23:00,10:40:00,"Московская область, Одинцовский городской округ, СНТ Полянка, 14",Хлебцы гречневые Dr. Korner,Снеки,99,69,30,1,69
250821-103-6453,2025-08-21,доставлен,10:23:00,10:40:00,"Московская область, Одинцовский городской округ, СНТ Полянка, 14",Доставка,Услуги Груши,0,0,0,1,0
250821-103-6453,2025-08-21,доставлен,10:23:00,10:40:00,"Московская область, Одинцовский городской округ, СНТ Полянка, 14",Упаковка,Услуги Груши,19,19,0,1,19
250824-867-7227,2025-08-24,доставлен,10:26:00,10:37:00,"Московская область, Одинцовский городской округ, СНТ Полянка, 14","Кефир 3,2% Асеньевская ферма",База,119,119,0,1,119
250824-867-7227,2025-08-24,доставлен,10:26:00,10:37:00,"Московская область, Одинцовский городской округ, СНТ Полянка, 14","Масло сливочное 72,5% Из Груши",База,179,179,0,1,179
250824-867-7227,2025-08-24,доставлен,10:26:00,10:37:00,"Московская область, Одинцовский городской округ, СНТ Полянка, 14",Лимонад Из Груши с соком груши и яблока,Напитки,149,109,40,3,327
250824-867-7227,2025-08-24,доставлен,10:26:00,10:37:00,"Московская область, Одинцовский городской округ, СНТ Полянка, 14",Гранола ореховая Bionova без добавления сахара,База,699,699,0,2,1398
250824-867-7227,2025-08-24,доставлен,10:26:00,10:37:00,"Московская область, Одинцовский городской округ, СНТ Полянка, 14",Бризоль куриная Азбука вкуса,Готовая еда,249,249,0,2,498
250824-867-7227,2025-08-24,доставлен,10:26:00,10:37:00,"Московская область, Одинцовский городской округ, СНТ Полянка, 14",Доставка,Услуги Груши,0,0,0,1,0
250824-867-7227,2025-08-24,доставлен,10:26:00,10:37:00,"Московская область, Одинцовский городской округ, СНТ Полянка, 14",Упаковка,Услуги Груши,19,19,0,1,19
250825-789-3320,2025-08-25,доставлен,08:22:00,08:56:00,"Московская область, Одинцовский городской округ, СНТ Полянка, 14",Баклажаны,Овощи,89,89,0,1,89
250825-789-3320,2025-08-25,доставлен,08:22:00,08:56:00,"Московская область, Одинцовский городской округ, СНТ Полянка, 14",Спелые бананы,Фрукты,429,429,0,1,429
250825-789-3320,2025-08-25,доставлен,08:22:00,08:56:00,"Московская область, Одинцовский городской округ, СНТ Полянка, 14",Клубника Из Груши,Фрукты,219,219,0,1,219
250825-789-3320,2025-08-25,доставлен,08:22:00,08:56:00,"Московская область, Одинцовский городской округ, СНТ Полянка, 14",Банан,Фрукты,49,49,0,1,49
250825-789-3320,2025-08-25,доставлен,08:22:00,08:56:00,"Московская область, Одинцовский городской округ, СНТ Полянка, 14",Филе куриное запечённое с помидорами и сыром Азбука Вкуса,Готовая еда,329,329,0,1,329
250825-789-3320,2025-08-25,доставлен,08:22:00,08:56:00,"Московская область, Одинцовский городской округ, СНТ Полянка, 14",Голубика Артфрут,Фрукты,339,339,0,1,339
250825-789-3320,2025-08-25,доставлен,08:22:00,08:56:00,"Московская область, Одинцовский городской округ, СНТ Полянка, 14",Доставка,Услуги Груши,99,99,0,1,99
250828-094-1918,2025-08-28,доставлен,20:28:00,20:36:00,"Московская область, Одинцовский городской округ, СНТ Полянка, 14",Яйцо куриное СО Из Груши,База,179,179,0,1,179
250828-094-1918,2025-08-28,доставлен,20:28:00,20:36:00,"Московская область, Одинцовский городской округ, СНТ Полянка, 14",Авокадо Хасс,Овощи,749,749,0,2,1498
250828-094-1918,2025-08-28,доставлен,20:28:00,20:36:00,"Московская область, Одинцовский городской округ, СНТ Полянка, 14","Фруктовый микс манго, голубика",Фрукты,929,929,0,1,929
250828-094-1918,2025-08-28,доставлен,20:28:00,20:36:00,"Московская область, Одинцовский городской округ, СНТ Полянка, 14",Печенье Choco Pie Original Orion в шоколадной глазури,Сладости,239,239,0,1,239
250828-094-1918,2025-08-28,доставлен,20:28:00,20:36:00,"Московская область, Одинцовский городской округ, СНТ Полянка, 14",Голубика,Фрукты,259,259,0,1,259
250828-094-1918,2025-08-28,доставлен,20:28:00,20:36:00,"Московская область, Одинцовский городской округ, СНТ Полянка, 14",Средство для мытья посуды Fairy лимон,Товары для дома,279,279,0,1,279
250828-094-1918,2025-08-28,доставлен,20:28:00,20:36:00,"Московская область, Одинцовский городской округ, СНТ Полянка, 14",Доставка,Услуги Груши,0,0,0,1,0
250828-486-2082,2025-08-28,доставлен,21:26:00,21:45:00,"Московская область, Одинцовский городской округ, СНТ Полянка, 14",Филе куриное запечённое с помидорами и сыром Азбука Вкуса,Готовая еда,329,329,0,1,329
250828-486-2082,2025-08-28,доставлен,21:26:00,21:45:00,"Московская область, Одинцовский городской округ, СНТ Полянка, 14",Арбуз,Фрукты,369,369,0,1,369
250828-486-2082,2025-08-28,доставлен,21:26:00,21:45:00,"Московская область, Одинцовский городской округ, СНТ Полянка, 14",Суп-пюре сырный с креветками Азбука вкуса,Готовая еда,299,299,0,1,299
250828-486-2082,2025-08-28,доставлен,21:26:00,21:45:00,"Московская область, Одинцовский городской округ, СНТ Полянка, 14","Абрикосы шалах, Узбекистан",Фрукты,359,359,0,1,359
250828-486-2082,2025-08-28,доставлен,21:26:00,21:45:00,"Московская область, Одинцовский городской округ, СНТ Полянка, 14",Таблетки для посудомоечных машин Synergetic,Товары для дома,399,399,0,1,399
250828-486-2082,2025-08-28,доставлен,21:26:00,21:45:00,"Московская область, Одинцовский городской округ, СНТ Полянка, 14",Доставка,Услуги Груши,0,0,0,1,0
250903-424-9589,2025-09-03,доставлен,09:43:00,09:49:00,"Москва, Ленинский проспект, 78к1",Вода Шишкин лес негазированная,Вода,69,69,0,1,69
250903-424-9589,2025-09-03,доставлен,09:43:00,09:49:00,"Москва, Ленинский проспект, 78к1","Молоко 2,5% Асеньевская ферма пастеризованное",База,119,119,0,1,119
250903-424-9589,2025-09-03,доставлен,09:43:00,09:49:00,"Москва, Ленинский проспект, 78к1","Масло сливочное 82,5% Вологодское Из Вологды",База,359,359,0,1,359
250903-424-9589,2025-09-03,доставлен,09:43:00,09:49:00,"Москва, Ленинский проспект, 78к1",Доставка,Услуги Груши,0,0,0,1,0
250904-955-7203,2025-09-04,доставлен,10:07:00,10:22:00,"Москва, Ленинский проспект, 78к1","Масло сливочное 72,5% Из Груши",База,179,179,0,1,179
250904-955-7203,2025-09-04,доставлен,10:07:00,10:22:00,"Москва, Ленинский проспект, 78к1",Огурцы короткоплодные,Овощи,249,249,0,1,249
250904-955-7203,2025-09-04,доставлен,10:07:00,10:22:00,"Москва, Ленинский проспект, 78к1",Голубика Артфрут,Фрукты,339,339,0,1,339
250904-955-7203,2025-09-04,доставлен,10:07:00,10:22:00,"Москва, Ленинский проспект, 78к1",Печенье Орешек со сгущёнкой Братья Караваевы,Сладости,539,539,0,1,539
250904-955-7203,2025-09-04,доставлен,10:07:00,10:22:00,"Москва, Ленинский проспект, 78к1",Доставка,Услуги Груши,0,0,0,1,0
250910-630-5900,2025-09-10,доставлен,09:09:00,09:27:00,"Москва, Ленинский проспект, 78к1","Кефир 3,2% Асеньевская ферма",База,119,99,20,2,198
250910-630-5900,2025-09-10,доставлен,09:09:00,09:27:00,"Москва, Ленинский проспект, 78к1",Яйцо куриное СО Из Груши,База,179,179,0,2,358
250910-630-5900,2025-09-10,доставлен,09:09:00,09:27:00,"Москва, Ленинский проспект, 78к1",Доставка,Услуги Груши,0,0,0,1,0
250911-216-9895,2025-09-11,доставлен,21:05:00,21:13:00,"Москва, Ленинский проспект, 78к1",Мармелад жевательный Из Груши червяки,Сладости,389,389,0,1,389
250911-216-9895,2025-09-11,доставлен,21:05:00,21:13:00,"Москва, Ленинский проспект, 78к1",Сырники со сметаной Азбука Вкуса,Готовая еда,869,869,0,1,869
250911-216-9895,2025-09-11,доставлен,21:05:00,21:13:00,"Москва, Ленинский проспект, 78к1",Голубика,Фрукты,259,259,0,1,259
250911-216-9895,2025-09-11,доставлен,21:05:00,21:13:00,"Москва, Ленинский проспект, 78к1",Салат Оливье Азбука Вкуса,Готовая еда,379,379,0,1,379
250911-216-9895,2025-09-11,доставлен,21:05:00,21:13:00,"Москва, Ленинский проспект, 78к1",Туалетная бумага Zewa Плюс белая 2 слоя,Товары для дома,149,149,0,1,149
250911-216-9895,2025-09-11,доставлен,21:05:00,21:13:00,"Москва, Ленинский проспект, 78к1",Доставка,Услуги Груши,0,0,0,1,0
250915-383-2771,2025-09-15,доставлен,18:14:00,18:23:00,"Москва, Ленинский проспект, 78к1",Вода Шишкин лес негазированная,Вода,69,69,0,1,69
250915-383-2771,2025-09-15,доставлен,18:14:00,18:23:00,"Москва, Ленинский проспект, 78к1","Молоко 2,5% Асеньевская ферма пастеризованное",База,119,119,0,1,119
250915-383-2771,2025-09-15,доставлен,18:14:00,18:23:00,"Москва, Ленинский проспект, 78к1","Масло сливочное 82,5% Вологодское Из Вологды",База,359,359,0,1,359
250915-383-2771,2025-09-15,доставлен,18:14:00,18:23:00,"Москва, Ленинский проспект, 78к1",Доставка,Услуги Груши,0,0,0,1,0
250917-187-3419,2025-09-17,доставлен,10:34:00,10:45:00,"Москва, Ленинский проспект, 78к1","Масло сливочное 72,5% Из Груши",База,179,179,0,1,179
250917-187-3419,2025-09-17,доставлен,10:34:00,10:45:00,"Москва, Ленинский проспект, 78к1",Манго спелое,Фрукты,1090,1090,0,2,2180
250917-187-3419,2025-09-17,доставлен,10:34:00,10:45:00,"Москва, Ленинский проспект, 78к1",Орехи кешью жареные Из Груши,Снеки,439,439,0,1,439
250917-187-3419,2025-09-17,доставлен,10:34:00,10:45:00,"Москва, Ленинский проспект, 78к1",Блинчики с курицей и грибами Азбука Вкуса,Готовая еда,249,249,0,1,249
250917-187-3419,2025-09-17,доставлен,10:34:00,10:45:00,"Москва, Ленинский проспект, 78к1",Доставка,Услуги Груши,0,0,0,1,0
250917-561-2327,2025-09-17,доставлен,19:25:00,19:47:00,"Москва, Ленинский проспект, 78к1",Мандарины Абхазия,Фрукты,329,329,0,1,329
250917-561-2327,2025-09-17,доставлен,19:25:00,19:47:00,"Москва, Ленинский проспект, 78к1",Конфеты с суфле Птица дивная Акконд в шоколадной глазури,Сладости,569,569,0,1,569
250917-561-2327,2025-09-17,доставлен,19:25:00,19:47:00,"Москва, Ленинский проспект, 78к1","Молоко цельное 3,4-6% Нашей дойки пастеризованное",База,109,109,0,1,109
250917-561-2327,2025-09-17,доставлен,19:25:00,19:47:00,"Москва, Ленинский проспект, 78к1",Кетчуп Heinz,База,149,149,0,1,149
250917-561-2327,2025-09-17,доставлен,19:25:00,19:47:00,"Москва, Ленинский проспект, 78к1","Сэндвич с индейкой, сыром чеддер, соусами монре и айоли Mates",Готовая еда,339,339,0,1,339
250917-561-2327,2025-09-17,доставлен,19:25:00,19:47:00,"Москва, Ленинский проспект, 78к1",Спелые бананы,Фрукты,429,429,0,2,858
250917-561-2327,2025-09-17,доставлен,19:25:00,19:47:00,"Москва, Ленинский проспект, 78к1",Доставка,Услуги Груши,0,0,0,1,0
250923-698-1182,2025-09-23,доставлен,08:51:00,09:05:00,"Москва, Ленинский проспект, 78к1",Груша Конференция,Фрукты,439,439,0,3,1317
250923-698-1182,2025-09-23,доставлен,08:51:00,09:05:00,"Москва, Ленинский проспект, 78к1",Банан,Фрукты,49,49,0,1,49
250923-698-1182,2025-09-23,доставлен,08:51:00,09:05:00,"Москва, Ленинский проспект, 78к1",Мороженое Monterra бельгийский шоколад,Сладости,739,739,0,1,739
250923-698-1182,2025-09-23,доставлен,08:51:00,09:05:00,"Москва, Ленинский проспект, 78к1",Вода минеральная лечебно-столовая Borjomi газированная,Вода,199,139,60,1,139
250923-698-1182,2025-09-23,доставлен,08:51:00,09:05:00,"Москва, Ленинский проспект, 78к1",Попкорн Holy Corn морская соль,Снеки,199,199,0,1,199
250923-698-1182,2025-09-23,доставлен,08:51:00,09:05:00,"Москва, Ленинский проспект, 78к1",Хурма Королёк,Фрукты,339,339,0,1,339
250923-698-1182,2025-09-23,доставлен,08:51:00,09:05:00,"Москва, Ленинский проспект, 78к1",Доставка,Услуги Груши,0,0,0,1,0
250923-844-5809,2025-09-23,доставлен,20:12:00,20:24:00,"Москва, Ленинский проспект, 78к1",Яйцо куриное СО Из Груши,База,179,179,0,1,179
250923-844-5809,2025-09-23,доставлен,20:12:00,20:24:00,"Москва, Ленинский проспект, 78к1",Мандарины мини,Фрукты,249,249,0,1,249
250923-844-5809,2025-09-23,доставлен,20:12:00,20:24:00,"Москва, Ленинский проспект, 78к1",Батончик Бабаевский с шоколадной начинкой,Сладости,69,69,0,1,69
250923-844-5809,2025-09-23,доставлен,20:12:00,20:24:00,"Москва, Ленинский проспект, 78к1",Яблоки Гренни Смит,Фрукты,109,109,0,1,109
250923-844-5809,2025-09-23,доставлен,20:12:00,20:24:00,"Москва, Ленинский проспект, 78к1",Доставка,Услуги Груши,0,0,0,1,0
250924-180-7306,2025-09-24,доставлен,18:22:00,18:59:00,"Москва, Ленинский проспект, 78к1","Кефир 3,2% Асеньевская ферма",База,119,109,10,2,218
250924-180-7306,2025-09-24,доставлен,18:22:00,18:59:00,"Москва, Ленинский проспект, 78к1",Доставка,Услуги Груши,0,0,0,1,0
250927-460-0776,2025-09-27,доставлен,09:30:00,09:46:00,"Москва, Ленинский проспект, 78к1",Салат Цезарь с курицей Азбука Вкуса,Готовая еда,379,379,0,1,379
250927-460-0776,2025-09-27,доставлен,09:30:00,09:46:00,"Москва, Ленинский проспект, 78к1",Мармелад жевательный Happy Cola Haribo,Сладости,239,239,0,1,239
250927-460-0776,2025-09-27,доставлен,09:30:00,09:46:00,"Москва, Ленинский проспект, 78к1",Вода минеральная Petroglyph негазированная,Вода,149,149,0,1,149
250927-460-0776,2025-09-27,доставлен,09:30:00,09:46:00,"Москва, Ленинский проспект, 78к1",Доставка,Услуги Груши,0,0,0,1,0
250927-379-9247,2025-09-27,доставлен,18:53:00,19:37:00,"Москва, Ленинский проспект, 78к1",Вода Шишкин лес негазированная,Вода,69,69,0,1,69
250927-379-9247,2025-09-27,доставлен,18:53:00,19:37:00,"Москва, Ленинский проспект, 78к1","Молоко 2,5% Асеньевская ферма пастеризованное",База,119,119,0,1,119
250927-379-9247,2025-09-27,доставлен,18:53:00,19:37:00,"Москва, Ленинский проспект, 78к1","Масло сливочное 82,5% Вологодское Из Вологды",База,359,359,0,1,359
250927-379-9247,2025-09-27,доставлен,18:53:00,19:37:00,"Москва, Ленинский проспект, 78к1","Масло сливочное 72,5% Из Груши",База,179,179,0,1,179
250927-379-9247,2025-09-27,доставлен,18:53:00,19:37:00,"Москва, Ленинский проспект, 78к1",Кето-курица с начинкой из брокколи и шпината с запечёнными овощами Грабли,Готовая еда,609,609,0,1,609
250927-379-9247,2025-09-27,доставлен,18:53:00,19:37:00,"Москва, Ленинский проспект, 78к1",Помидоры сливовидные Эко-культура красные на ветке,Овощи,359,359,0,1,359
250927-379-9247,2025-09-27,доставлен,18:53:00,19:37:00,"Москва, Ленинский проспект, 78к1",Виноград кишмиш белый,Фрукты,239,239,0,1,239
250927-379-9247,2025-09-27,доставлен,18:53:00,19:37:00,"Москва, Ленинский проспект, 78к1",Доставка,Услуги Груши,0,0,0,1,0
250927-379-9247,2025-09-27,доставлен,18:53:00,19:37:00,"Москва, Ленинский проспект, 78к1",Упаковка,Услуги Груши,19,19,0,1,19
250928-459-1720,2025-09-28,доставлен,20:04:00,20:25:00,"Москва, Ленинский проспект, 78к1",Рулет с ромом и изюмом буше,Сладости,119,119,0,1,119
250928-459-1720,2025-09-28,доставлен,20:04:00,20:25:00,"Москва, Ленинский проспект, 78к1",Пастила яблочная Белёвская,Сладости,829,829,0,3,2487
250928-459-1720,2025-09-28,доставлен,20:04:00,20:25:00,"Москва, Ленинский проспект, 78к1",Шаурма с курицей Из Груши,Готовая еда,899,669,230,1,669
250928-459-1720,2025-09-28,доставлен,20:04:00,20:25:00,"Москва, Ленинский проспект, 78к1",Яблоки Гала,Фрукты,59,59,0,1,59
250928-459-1720,2025-09-28,доставлен,20:04:00,20:25:00,"Москва, Ленинский проспект, 78к1",Апельсины,Фрукты,239,239,0,3,717
250928-459-1720,2025-09-28,доставлен,20:04:00,20:25:00,"Москва, Ленинский проспект, 78к1",Вода минеральная Рычал-Су,Вода,189,189,0,1,189
250928-459-1720,2025-09-28,доставлен,20:04:00,20:25:00,"Москва, Ленинский проспект, 78к1",Попкорн для СВЧ Из Груши с сыром,Снеки,59,59,0,2,118
250928-459-1720,2025-09-28,доставлен,20:04:00,20:25:00,"Москва, Ленинский проспект, 78к1",Доставка,Услуги Груши,0,0,0,1,0
250929-870-9962,2025-09-29,доставлен,19:51:00,20:00:00,"Москва, Ленинский проспект, 78к1",Улитка с корицей Из Груши,Сладости,189,189,0,1,189
250929-870-9962,2025-09-29,доставлен,19:51:00,20:00:00,"Москва, Ленинский проспект, 78к1",Блинчики с курицей и грибами Азбука Вкуса,Готовая еда,249,249,0,1,249
250929-870-9962,2025-09-29,доставлен,19:51:00,20:00:00,"Москва, Ленинский проспект, 78к1",Пирожное Эклер классический Из Груши,Сладости,259,259,0,1,259
250929-870-9962,2025-09-29,доставлен,19:51:00,20:00:00,"Москва, Ленинский проспект, 78к1",Доставка,Услуги Груши,0,0,0,1,0
250929-870-9962,2025-09-29,доставлен,19:51:00,20:00:00,"Москва, Ленинский проспект, 78к1",Упаковка,Услуги Груши,19,19,0,1,19
251002-992-1535,2025-10-02,доставлен,07:00:00,07:06:00,"Москва, Ленинский проспект, 78к1",Микстура от кашля для взрослых порошок 1.7 г 1 шт,Аптека,19,19,0,1,19
251002-992-1535,2025-10-02,доставлен,07:00:00,07:06:00,"Москва, Ленинский проспект, 78к1",Виноград кишмиш белый,Фрукты,239,239,0,1,239
251002-992-1535,2025-10-02,доставлен,07:00:00,07:06:00,"Москва, Ленинский проспект, 78к1",Печенье бисквитное Яшкино клубника,Сладости,229,229,0,1,229
251002-992-1535,2025-10-02,доставлен,07:00:00,07:06:00,"Москва, Ленинский проспект, 78к1",Доставка,Услуги Груши,0,0,0,1,0
251003-069-7848,2025-10-03,доставлен,09:07:00,09:31:00,"Москва, Ленинский проспект, 78к1",Круассан с сыром Из Груши,Готовая еда,379,379,0,1,379
251003-069-7848,2025-10-03,доставлен,09:07:00,09:31:00,"Москва, Ленинский проспект, 78к1",Капуста Кейл,Овощи,59,59,0,1,59
251003-069-7848,2025-10-03,доставлен,09:07:00,09:31:00,"Москва, Ленинский проспект, 78к1",Доставка,Услуги Груши,49,49,0,1,49
251003-069-7848,2025-10-03,доставлен,09:07:00,09:31:00,"Москва, Ленинский проспект, 78к1",Упаковка,Услуги Груши,19,19,0,1,19
251003-229-1627,2025-10-03,доставлен,10:34:00,10:47:00,"Москва, Ленинский проспект, 78к1","Напиток овсяный Nemoloko шоколадный 3,2%",Напитки,59,59,0,1,59
251003-229-1627,2025-10-03,доставлен,10:34:00,10:47:00,"Москва, Ленинский проспект, 78к1",Апельсины сладкие,Фрукты,269,269,0,1,269
251003-229-1627,2025-10-03,доставлен,10:34:00,10:47:00,"Москва, Ленинский проспект, 78к1",Сырники со сметаной Азбука Вкуса,Готовая еда,869,869,0,1,869
251003-229-1627,2025-10-03,доставлен,10:34:00,10:47:00,"Москва, Ленинский проспект, 78к1",Попкорн Holy Corn морская соль,Снеки,199,199,0,1,199
251003-229-1627,2025-10-03,доставлен,10:34:00,10:47:00,"Москва, Ленинский проспект, 78к1",Батончик KitKat с хрустящей вафлей,Сладости,99,99,0,2,198
251003-229-1627,2025-10-03,доставлен,10:34:00,10:47:00,"Москва, Ленинский проспект, 78к1",Доставка,Услуги Груши,0,0,0,1,0
251003-229-1627,2025-10-03,доставлен,10:34:00,10:47:00,"Москва, Ленинский проспект, 78к1",Упаковка,Услуги Груши,19,19,0,1,19
251005-861-1441,2025-10-05,доставлен,17:34:00,17:49:00,"Москва, Ленинский проспект, 78к1",Суп-пюре сырный с креветками Азбука вкуса,Готовая еда,299,299,0,1,299
251005-861-1441,2025-10-05,доставлен,17:34:00,17:49:00,"Москва, Ленинский проспект, 78к1",Шримп ролл с креветками Йуми,Готовая еда,569,569,0,1,569
251005-861-1441,2025-10-05,доставлен,17:34:00,17:49:00,"Москва, Ленинский проспект, 78к1",Доставка,Услуги Груши,0,0,0,1,0
251007-842-9222,2025-10-07,доставлен,08:27:00,08:39:00,"Москва, Ленинский проспект, 78к1",Вода Шишкин лес негазированная,Вода,69,69,0,1,69
251007-842-9222,2025-10-07,доставлен,08:27:00,08:39:00,"Москва, Ленинский проспект, 78к1",Яйцо куриное СО Из Груши,База,179,179,0,2,358
251007-842-9222,2025-10-07,доставлен,08:27:00,08:39:00,"Москва, Ленинский проспект, 78к1","Молоко 2,5% Асеньевская ферма пастеризованное",База,119,119,0,1,119
251007-842-9222,2025-10-07,доставлен,08:27:00,08:39:00,"Москва, Ленинский проспект, 78к1","Масло сливочное 72,5% Из Груши",База,179,179,0,1,179
251007-842-9222,2025-10-07,доставлен,08:27:00,08:39:00,"Москва, Ленинский проспект, 78к1",Помидоры черри на ветке,Овощи,269,269,0,1,269
251007-842-9222,2025-10-07,доставлен,08:27:00,08:39:00,"Москва, Ленинский проспект, 78к1",Помидоры коктейльные сливовидные на ветке,Овощи,189,189,0,1,189
251007-842-9222,2025-10-07,доставлен,08:27:00,08:39:00,"Москва, Ленинский проспект, 78к1",Сэндвич Гриль чиз Mates,Готовая еда,299,299,0,1,299
251007-842-9222,2025-10-07,доставлен,08:27:00,08:39:00,"Москва, Ленинский проспект, 78к1",Перец красный,Овощи,169,169,0,1,169
251007-842-9222,2025-10-07,доставлен,08:27:00,08:39:00,"Москва, Ленинский проспект, 78к1",Доставка,Услуги Груши,49,49,0,1,49
251009-754-4552,2025-10-09,доставлен,09:59:00,10:15:00,"Москва, Ленинский проспект, 78к1",Чай холодный Из Груши с лимоном,Напитки,129,129,0,1,129
251009-754-4552,2025-10-09,доставлен,09:59:00,10:15:00,"Москва, Ленинский проспект, 78к1",Грейпфрут крупный,Фрукты,229,229,0,1,229
251009-754-4552,2025-10-09,доставлен,09:59:00,10:15:00,"Москва, Ленинский проспект, 78к1",Сырники большая порция Из Груши,База,219,219,0,1,219
251009-754-4552,2025-10-09,доставлен,09:59:00,10:15:00,"Москва, Ленинский проспект, 78к1",Помидоры черри Эко-культура круглые красные на ветке,Овощи,639,639,0,1,639
251009-754-4552,2025-10-09,доставлен,09:59:00,10:15:00,"Москва, Ленинский проспект, 78к1",Доставка,Услуги Груши,49,49,0,1,49
251009-523-7211,2025-10-09,доставлен,18:52:00,19:13:00,"Москва, Ленинский проспект, 78к1","Кефир 3,2% Асеньевская ферма",База,119,119,0,1,119
251009-523-7211,2025-10-09,доставлен,18:52:00,19:13:00,"Москва, Ленинский проспект, 78к1","Масло сливочное 82,5% Вологодское Из Вологды",База,359,359,0,1,359
251009-523-7211,2025-10-09,доставлен,18:52:00,19:13:00,"Москва, Ленинский проспект, 78к1",Батончик кокосовый Kick в карамельном шоколаде,Сладости,309,309,0,1,309
251009-523-7211,2025-10-09,доставлен,18:52:00,19:13:00,"Москва, Ленинский проспект, 78к1",Голубика,Фрукты,259,259,0,1,259
251009-523-7211,2025-10-09,доставлен,18:52:00,19:13:00,"Москва, Ленинский проспект, 78к1",Пирожки с яйцом и зелёным луком Cook chart bakery,Готовая еда,89,79,10,1,79
251009-523-7211,2025-10-09,доставлен,18:52:00,19:13:00,"Москва, Ленинский проспект, 78к1","Салат с капустой, сладким перцем и огурцом Монастырский",Готовая еда,149,149,0,1,149
251009-523-7211,2025-10-09,доставлен,18:52:00,19:13:00,"Москва, Ленинский проспект, 78к1",Доставка,Услуги Груши,0,0,0,1,0
251009-523-7211,2025-10-09,доставлен,18:52:00,19:13:00,"Москва, Ленинский проспект, 78к1",Упаковка,Услуги Груши,19,19,0,1,19
251010-522-4895,2025-10-10,доставлен,20:17:00,20:32:00,"Москва, Ленинский проспект, 78к1",Рис Басмати отварной Азбука Вкуса,Готовая еда,179,179,0,1,179
251010-522-4895,2025-10-10,доставлен,20:17:00,20:32:00,"Москва, Ленинский проспект, 78к1",Попкорн Holy Corn нежный сыр,Снеки,89,89,0,1,89
251010-522-4895,2025-10-10,доставлен,20:17:00,20:32:00,"Москва, Ленинский проспект, 78к1",Попкорн Holy Corn морская соль,Снеки,199,199,0,1,199
251010-522-4895,2025-10-10,доставлен,20:17:00,20:32:00,"Москва, Ленинский проспект, 78к1",Мороженое пломбир Чистая Линия,Сладости,159,139,20,1,139
251010-522-4895,2025-10-10,доставлен,20:17:00,20:32:00,"Москва, Ленинский проспект, 78к1",Творог зернёный 5% Савушкин,База,59,39,20,1,39
251010-522-4895,2025-10-10,доставлен,20:17:00,20:32:00,"Москва, Ленинский проспект, 78к1",Блинчики с начинкой с манго и кокосовым кремом Азбука вкуса,Готовая еда,249,249,0,1,249
251010-522-4895,2025-10-10,доставлен,20:17:00,20:32:00,"Москва, Ленинский проспект, 78к1",Конфеты с суфле Птица дивная Акконд в шоколадной глазури,Сладости,569,569,0,1,569
251010-522-4895,2025-10-10,доставлен,20:17:00,20:32:00,"Москва, Ленинский проспект, 78к1",Вода минеральная Petroglyph негазированная,Вода,149,149,0,1,149
251010-522-4895,2025-10-10,доставлен,20:17:00,20:32:00,"Москва, Ленинский проспект, 78к1",Доставка,Услуги Груши,0,0,0,1,0
251013-842-8015,2025-10-13,доставлен,18:28:00,18:38:00,"Москва, Ленинский проспект, 78к1",Мандарины Абхазия,Фрукты,329,329,0,1,329
251013-842-8015,2025-10-13,доставлен,18:28:00,18:38:00,"Москва, Ленинский проспект, 78к1",Брусника Планета витаминов замороженная,Фрукты,669,669,0,1,669
251013-842-8015,2025-10-13,доставлен,18:28:00,18:38:00,"Москва, Ленинский проспект, 78к1",Яблоки Криппс Пинк Собрано в саду 4 шт.,Фрукты,129,129,0,1,129
251013-842-8015,2025-10-13,доставлен,18:28:00,18:38:00,"Москва, Ленинский проспект, 78к1",Чипсы Lay's Из Печи Сметана и ароматные травы,Снеки,119,119,0,1,119
251013-842-8015,2025-10-13,доставлен,18:28:00,18:38:00,"Москва, Ленинский проспект, 78к1",Лимон,Фрукты,29,29,0,1,29
251013-842-8015,2025-10-13,доставлен,18:28:00,18:38:00,"Москва, Ленинский проспект, 78к1",Доставка,Услуги Груши,0,0,0,1,0
251019-081-2252,2025-10-19,доставлен,20:23:00,20:29:00,"Москва, Ленинский проспект, 78к1","Молоко 2,5% Асеньевская ферма пастеризованное",База,119,119,0,1,119
251019-081-2252,2025-10-19,доставлен,20:23:00,20:29:00,"Москва, Ленинский проспект, 78к1",Доставка,Услуги Груши,0,0,0,1,0
251019-291-9610,2025-10-19,доставлен,21:15:00,21:33:00,"Москва, Ленинский проспект, 78к1",Вода Шишкин лес негазированная,Вода,69,69,0,1,69
251019-291-9610,2025-10-19,доставлен,21:15:00,21:33:00,"Москва, Ленинский проспект, 78к1",Доставка,Услуги Груши,0,0,0,1,0
251020-384-5905,2025-10-20,доставлен,10:22:00,10:39:00,"Москва, Ленинский проспект, 78к1",Яйцо куриное СО Из Груши,База,179,179,0,1,179
251020-384-5905,2025-10-20,доставлен,10:22:00,10:39:00,"Москва, Ленинский проспект, 78к1","Масло сливочное 82,5% Вологодское Из Вологды",База,359,359,0,2,718
251020-384-5905,2025-10-20,доставлен,10:22:00,10:39:00,"Москва, Ленинский проспект, 78к1","Масло сливочное 72,5% Из Груши",База,179,129,50,1,129
251020-384-5905,2025-10-20,доставлен,10:22:00,10:39:00,"Москва, Ленинский проспект, 78к1",Пластырь бактерицидный Cosmos 20 шт,Аптека,209,209,0,1,209
251020-384-5905,2025-10-20,доставлен,10:22:00,10:39:00,"Москва, Ленинский проспект, 78к1",Помидоры черри на ветке,Овощи,269,269,0,2,538
251020-384-5905,2025-10-20,доставлен,10:22:00,10:39:00,"Москва, Ленинский проспект, 78к1",Огурцы Корнишон,Овощи,99,99,0,1,99
251020-384-5905,2025-10-20,доставлен,10:22:00,10:39:00,"Москва, Ленинский проспект, 78к1",Шаурма с курицей Из Груши,Готовая еда,899,899,0,1,899
251020-384-5905,2025-10-20,доставлен,10:22:00,10:39:00,"Москва, Ленинский проспект, 78к1",Салфетки для уборки Master Fresh,Товары для дома,199,199,0,1,199
251020-384-5905,2025-10-20,доставлен,10:22:00,10:39:00,"Москва, Ленинский проспект, 78к1",Творог зернёный 4% домашний Карат,База,179,179,0,1,179
251020-384-5905,2025-10-20,доставлен,10:22:00,10:39:00,"Москва, Ленинский проспект, 78к1",Доставка,Услуги Груши,0,0,0,1,0
251022-666-3788,2025-10-22,доставлен,08:43:00,09:05:00,"Москва, Ленинский проспект, 78к1",Разрыхлитель теста Haas,База,19,19,0,1,19
251022-666-3788,2025-10-22,доставлен,08:43:00,09:05:00,"Москва, Ленинский проспект, 78к1",Доставка,Услуги Груши,0,0,0,1,0
251022-272-0499,2025-10-22,доставлен,19:48:00,20:04:00,"Москва, Ленинский проспект, 78к1",Круассан миндальный Булка,Сладости,229,229,0,3,687
251022-272-0499,2025-10-22,доставлен,19:48:00,20:04:00,"Москва, Ленинский проспект, 78к1",Батончик молочный KitKat с хрустящей вафлей,Сладости,89,79,10,2,158
251022-272-0499,2025-10-22,доставлен,19:48:00,20:04:00,"Москва, Ленинский проспект, 78к1",Пельмени с фермерской индейкой Из Груши,Готовая еда,499,499,0,1,499
251022-272-0499,2025-10-22,доставлен,19:48:00,20:04:00,"Москва, Ленинский проспект, 78к1",Доставка,Услуги Груши,0,0,0,1,0
251025-834-7162,2025-10-25,доставлен,18:57:00,19:04:00,"Москва, Ленинский проспект, 78к1","Кефир 3,2% Асеньевская ферма",База,119,119,0,1,119
251025-834-7162,2025-10-25,доставлен,18:57:00,19:04:00,"Москва, Ленинский проспект, 78к1",Банан,Фрукты,49,49,0,1,49
251025-834-7162,2025-10-25,доставлен,18:57:00,19:04:00,"Москва, Ленинский проспект, 78к1",Голубика Артфрут,Фрукты,339,339,0,1,339
251025-834-7162,2025-10-25,доставлен,18:57:00,19:04:00,"Москва, Ленинский проспект, 78к1",Доставка,Услуги Груши,0,0,0,1,0
251025-834-7162,2025-10-25,доставлен,18:57:00,19:04:00,"Москва, Ленинский проспект, 78к1",Упаковка,Услуги Груши,19,19,0,1,19
251027-956-5515,2025-10-27,доставлен,08:48:00,09:18:00,"Москва, Ленинский проспект, 78к1",Батончик KitKat с хрустящей вафлей,Сладости,99,99,0,2,198
251027-956-5515,2025-10-27,доставлен,08:48:00,09:18:00,"Москва, Ленинский проспект, 78к1",Филе куриное запечённое с помидорами и сыром Азбука Вкуса,Готовая еда,329,329,0,1,329
251027-956-5515,2025-10-27,доставлен,08:48:00,09:18:00,"Москва, Ленинский проспект, 78к1",Вода Святой источник негазированная,Вода,69,69,0,4,276
251027-956-5515,2025-10-27,доставлен,08:48:00,09:18:00,"Москва, Ленинский проспект, 78к1",Бризоль куриная Азбука вкуса,Готовая еда,249,249,0,2,498
251027-956-5515,2025-10-27,доставлен,08:48:00,09:18:00,"Москва, Ленинский проспект, 78к1",Помидоры черри на ветке,Овощи,269,269,0,2,538
251027-956-5515,2025-10-27,доставлен,08:48:00,09:18:00,"Москва, Ленинский проспект, 78к1",Доставка,Услуги Груши,99,99,0,1,99
251027-956-5515,2025-10-27,доставлен,08:48:00,09:18:00,"Москва, Ленинский проспект, 78к1",Упаковка,Услуги Груши,19,19,0,1,19
251027-568-6351,2025-10-27,доставлен,11:00:00,11:16:00,"Москва, Ленинский проспект, 78к1",Хлебцы гречневые Dr. Korner,Снеки,99,99,0,1,99
251027-568-6351,2025-10-27,доставлен,11:00:00,11:16:00,"Москва, Ленинский проспект, 78к1",Авокадо Хасс,Овощи,749,749,0,1,749
251027-568-6351,2025-10-27,доставлен,11:00:00,11:16:00,"Москва, Ленинский проспект, 78к1",Шпинат,Овощи,139,139,0,1,139
251027-568-6351,2025-10-27,доставлен,11:00:00,11:16:00,"Москва, Ленинский проспект, 78к1",Вода минеральная Evian без газа,Вода,119,119,0,1,119
251027-568-6351,2025-10-27,доставлен,11:00:00,11:16:00,"Москва, Ленинский проспект, 78к1",Йогурт греческий Teos Савушкин натуральный 2%,База,39,39,0,2,78
251027-568-6351,2025-10-27,доставлен,11:00:00,11:16:00,"Москва, Ленинский проспект, 78к1",Перчики черри Из Груши фаршированные сливочным сыром,Овощи,299,269,30,1,269
251027-568-6351,2025-10-27,доставлен,11:00:00,11:16:00,"Москва, Ленинский проспект, 78к1","Кефир 2,5% Из Груши",База,59,59,0,1,59
251027-568-6351,2025-10-27,доставлен,11:00:00,11:16:00,"Москва, Ленинский проспект, 78к1",Клубника Из Груши,Фрукты,219,219,0,1,219
251027-568-6351,2025-10-27,доставлен,11:00:00,11:16:00,"Москва, Ленинский проспект, 78к1",Доставка,Услуги Груши,0,0,0,1,0
251027-830-2000,2025-10-27,доставлен,20:57:00,21:18:00,"Москва, Ленинский проспект, 78к1",Тефтели из говядины и свинины в томатной поджарке с картофельным пюре Грабли,Готовая еда,489,489,0,1,489
251027-830-2000,2025-10-27,доставлен,20:57:00,21:18:00,"Москва, Ленинский проспект, 78к1",Перец красный,Овощи,169,169,0,2,338
251027-830-2000,2025-10-27,доставлен,20:57:00,21:18:00,"Москва, Ленинский проспект, 78к1",Суп том-ям с креветками Азбука Вкуса,Готовая еда,389,389,0,1,389
251027-830-2000,2025-10-27,доставлен,20:57:00,21:18:00,"Москва, Ленинский проспект, 78к1",Сосиска в тесте Cook Chart Bakery,Готовая еда,129,99,30,1,99
251027-830-2000,2025-10-27,доставлен,20:57:00,21:18:00,"Москва, Ленинский проспект, 78к1",Доставка,Услуги Груши,0,0,0,1,0
251027-830-2000,2025-10-27,доставлен,20:57:00,21:18:00,"Москва, Ленинский проспект, 78к1",Упаковка,Услуги Груши,19,19,0,1,19
251030-780-4764,2025-10-30,доставлен,08:12:00,08:26:00,"Москва, Ленинский проспект, 78к1",Вода Шишкин лес негазированная,Вода,69,69,0,1,69
251030-780-4764,2025-10-30,доставлен,08:12:00,08:26:00,"Москва, Ленинский проспект, 78к1","Молоко 2,5% Асеньевская ферма пастеризованное",База,119,119,0,1,119
251030-780-4764,2025-10-30,доставлен,08:12:00,08:26:00,"Москва, Ленинский проспект, 78к1",Доставка,Услуги Груши,119,119,0,1,119
251030-780-4764,2025-10-30,доставлен,08:12:00,08:26:00,"Москва, Ленинский проспект, 78к1",Упаковка,Услуги Груши,19,19,0,1,19
251030-125-6374,2025-10-30,доставлен,09:04:00,09:12:00,"Москва, Ленинский проспект, 78к1","Масло сливочное 72,5% Из Груши",База,179,139,40,1,139
251030-125-6374,2025-10-30,доставлен,09:04:00,09:12:00,"Москва, Ленинский проспект, 78к1",Огурцы Корнишон,Овощи,99,99,0,1,99
251030-125-6374,2025-10-30,доставлен,09:04:00,09:12:00,"Москва, Ленинский проспект, 78к1",Доставка,Услуги Груши,0,0,0,1,0
251030-125-6374,2025-10-30,доставлен,09:04:00,09:12:00,"Москва, Ленинский проспект, 78к1",Упаковка,Услуги Груши,19,19,0,1,19
251031-825-6750,2025-10-31,доставлен,10:29:00,10:42:00,"Москва, Ленинский проспект, 78к1","Масло сливочное 82,5% Вологодское Из Вологды",База,359,359,0,1,359
251031-825-6750,2025-10-31,доставлен,10:29:00,10:42:00,"Москва, Ленинский проспект, 78к1",Средство для мытья посуды Fairy лимон,Товары для дома,279,279,0,1,279
251031-825-6750,2025-10-31,доставлен,10:29:00,10:42:00,"Москва, Ленинский проспект, 78к1",Рис Басмати отварной Азбука Вкуса,Готовая еда,179,179,0,2,358
251031-825-6750,2025-10-31,доставлен,10:29:00,10:42:00,"Москва, Ленинский проспект, 78к1",Мороженое эскимо Магнат,Сладости,149,149,0,1,149
251031-825-6750,2025-10-31,доставлен,10:29:00,10:42:00,"Москва, Ленинский проспект, 78к1",Апельсины сладкие,Фрукты,269,269,0,3,807
251031-825-6750,2025-10-31,доставлен,10:29:00,10:42:00,"Москва, Ленинский проспект, 78к1",Доставка,Услуги Груши,49,49,0,1,49
251031-825-6750,2025-10-31,доставлен,10:29:00,10:42:00,"Москва, Ленинский проспект, 78к1",Упаковка,Услуги Груши,19,19,0,1,19
251101-020-7307,2025-11-01,доставлен,20:00:00,20:08:00,"Москва, Ленинский проспект, 78к1",Попкорн из креветок Нияма,Готовая еда,529,529,0,1,529
251101-020-7307,2025-11-01,доставлен,20:00:00,20:08:00,"Москва, Ленинский проспект, 78к1",Батончик кокосовый Kick в карамельном шоколаде,Сладости,309,309,0,1,309
251101-020-7307,2025-11-01,доставлен,20:00:00,20:08:00,"Москва, Ленинский проспект, 78к1",Хлеб бездрожжевой,База,119,119,0,1,119
251101-020-7307,2025-11-01,доставлен,20:00:00,20:08:00,"Москва, Ленинский проспект, 78к1",Пакеты для мусора 30 л Paclan,Товары для дома,179,179,0,1,179
251101-020-7307,2025-11-01,доставлен,20:00:00,20:08:00,"Москва, Ленинский проспект, 78к1",Вода минеральная Ессентуки №4 лечебно-столовая газированная,Вода,329,329,0,1,329
251101-020-7307,2025-11-01,доставлен,20:00:00,20:08:00,"Москва, Ленинский проспект, 78к1",Маслины Охибланка Bonduelle с копчёным лососем,Овощи,229,229,0,1,229
251101-020-7307,2025-11-01,доставлен,20:00:00,20:08:00,"Москва, Ленинский проспект, 78к1",Голубика,Фрукты,259,219,40,1,219
251101-020-7307,2025-11-01,доставлен,20:00:00,20:08:00,"Москва, Ленинский проспект, 78к1",Суп-пюре сырный с креветками Азбука вкуса,Готовая еда,299,299,0,1,299
251101-020-7307,2025-11-01,доставлен,20:00:00,20:08:00,"Москва, Ленинский проспект, 78к1","Напиток функциональный Actimuno гранат 1,5%",Напитки,49,49,0,1,49
251101-020-7307,2025-11-01,доставлен,20:00:00,20:08:00,"Москва, Ленинский проспект, 78к1",Грейпфрут дольки нарезанные Из Груши,Фрукты,159,159,0,1,159
251101-020-7307,2025-11-01,доставлен,20:00:00,20:08:00,"Москва, Ленинский проспект, 78к1",Доставка,Услуги Груши,0,0,0,1,0
251101-020-7307,2025-11-01,доставлен,20:00:00,20:08:00,"Москва, Ленинский проспект, 78к1",Упаковка,Услуги Груши,19,19,0,1,19
251105-264-3893,2025-11-05,доставлен,09:47:00,10:07:00,"Москва, Ленинский проспект, 78к1",Яйцо куриное СО Из Груши,База,179,179,0,1,179
251105-264-3893,2025-11-05,доставлен,09:47:00,10:07:00,"Москва, Ленинский проспект, 78к1",Свечка с ароматом камина в подарок Из Груши,Товары для дома,89,89,0,1,89
251105-264-3893,2025-11-05,доставлен,09:47:00,10:07:00,"Москва, Ленинский проспект, 78к1",Помидоры черри Эко-культура круглые красные на ветке,Овощи,639,529,110,2,1058
251105-264-3893,2025-11-05,доставлен,09:47:00,10:07:00,"Москва, Ленинский проспект, 78к1",Фунчоза с овощами по-корейски Азбука Вкуса,Готовая еда,239,239,0,1,239
251105-264-3893,2025-11-05,доставлен,09:47:00,10:07:00,"Москва, Ленинский проспект, 78к1",Доставка,Услуги Груши,0,0,0,1,0
251105-264-3893,2025-11-05,доставлен,09:47:00,10:07:00,"Москва, Ленинский проспект, 78к1",Упаковка,Услуги Груши,19,19,0,1,19
251105-537-1653,2025-11-05,доставлен,20:41:00,20:48:00,"Москва, Ленинский проспект, 78к1",Термометр электронный Omron,Аптека,990,990,0,1,990
251105-537-1653,2025-11-05,доставлен,20:41:00,20:48:00,"Москва, Ленинский проспект, 78к1",Банан,Фрукты,49,39,10,1,39
251105-537-1653,2025-11-05,доставлен,20:41:00,20:48:00,"Москва, Ленинский проспект, 78к1",Салат Крабовый Азбука вкуса,Готовая еда,209,209,0,1,209
251105-537-1653,2025-11-05,доставлен,20:41:00,20:48:00,"Москва, Ленинский проспект, 78к1",Доставка,Услуги Груши,49,49,0,1,49
251106-136-5207,2025-11-06,доставлен,07:58:00,08:08:00,"Москва, Ленинский проспект, 78к1",Шоколад тёмный Lindt Excellence с кусочками апельсина,Сладости,1090,1090,0,1,1090
251106-136-5207,2025-11-06,доставлен,07:58:00,08:08:00,"Москва, Ленинский проспект, 78к1",Фольга пищевая Из Груши,Товары для дома,149,149,0,1,149
251106-136-5207,2025-11-06,доставлен,07:58:00,08:08:00,"Москва, Ленинский проспект, 78к1",Чиабатта Булка,База,269,269,0,1,269
251106-136-5207,2025-11-06,доставлен,07:58:00,08:08:00,"Москва, Ленинский проспект, 78к1",Лапша рисовая с креветками и овощами Азбука life,Готовая еда,779,779,0,1,779
251106-136-5207,2025-11-06,доставлен,07:58:00,08:08:00,"Москва, Ленинский проспект, 78к1","Молоко 3,2% Из Груши пастеризованное",База,99,99,0,1,99
251106-136-5207,2025-11-06,доставлен,07:58:00,08:08:00,"Москва, Ленинский проспект, 78к1",Бризоль куриная Азбука вкуса,Готовая еда,249,199,50,1,199
251106-136-5207,2025-11-06,доставлен,07:58:00,08:08:00,"Москва, Ленинский проспект, 78к1",Лепешки Мексиканские Оригинальные Delicados Tortillas,База,129,129,0,1,129
251106-136-5207,2025-11-06,доставлен,07:58:00,08:08:00,"Москва, Ленинский проспект, 78к1",Доставка,Услуги Груши,0,0,0,1,0
251106-921-4584,2025-11-06,доставлен,10:33:00,10:58:00,"Москва, Ленинский проспект, 78к1",Шоколад тёмный Lindt Excellence с кусочками апельсина,Сладости,1090,1090,0,1,1090
251106-921-4584,2025-11-06,доставлен,10:33:00,10:58:00,"Москва, Ленинский проспект, 78к1",Салфетки влажные детские Pampers Sensitive,Товары для дома,229,229,0,1,229
251106-921-4584,2025-11-06,доставлен,10:33:00,10:58:00,"Москва, Ленинский проспект, 78к1",Горошек зелёный Bonduelle замороженный,Овощи,119,119,0,1,119
251106-921-4584,2025-11-06,доставлен,10:33:00,10:58:00,"Москва, Ленинский проспект, 78к1",Апельсины сладкие,Фрукты,269,269,0,3,807
251106-921-4584,2025-11-06,доставлен,10:33:00,10:58:00,"Москва, Ленинский проспект, 78к1",Чипсы Pringles паприка,Снеки,369,369,0,1,369
251106-921-4584,2025-11-06,доставлен,10:33:00,10:58:00,"Москва, Ленинский проспект, 78к1",Салат Крабовый Азбука вкуса,Готовая еда,209,159,50,1,159
251106-921-4584,2025-11-06,доставлен,10:33:00,10:58:00,"Москва, Ленинский проспект, 78к1",Банан,Фрукты,49,49,0,1,49
251106-921-4584,2025-11-06,доставлен,10:33:00,10:58:00,"Москва, Ленинский проспект, 78к1",Доставка,Услуги Груши,0,0,0,1,0
251107-246-0829,2025-11-07,доставлен,08:34:00,08:39:00,"Москва, Ленинский проспект, 78к1",Грейпфрут крупный,Фрукты,229,229,0,1,229
251107-246-0829,2025-11-07,доставлен,08:34:00,08:39:00,"Москва, Ленинский проспект, 78к1",Уха с сёмгой Азбука вкуса,Готовая еда,579,579,0,2,1158
251107-246-0829,2025-11-07,доставлен,08:34:00,08:39:00,"Москва, Ленинский проспект, 78к1",Авокадо Хасс Puro Gusto Ready to eat,Овощи,69,69,0,1,69
251107-246-0829,2025-11-07,доставлен,08:34:00,08:39:00,"Москва, Ленинский проспект, 78к1","Масло сливочное 82,5% Из Груши традиционное",База,199,199,0,2,398
251107-246-0829,2025-11-07,доставлен,08:34:00,08:39:00,"Москва, Ленинский проспект, 78к1",Роллы Филадельфия Из Груши,Готовая еда,659,659,0,1,659
251107-246-0829,2025-11-07,доставлен,08:34:00,08:39:00,"Москва, Ленинский проспект, 78к1",Котлеты по-киевски Из Груши,Готовая еда,259,259,0,1,259
251107-246-0829,2025-11-07,доставлен,08:34:00,08:39:00,"Москва, Ленинский проспект, 78к1",Доставка,Услуги Груши,119,119,0,1,119
251108-995-4391,2025-11-08,доставлен,09:04:00,09:14:00,"Москва, Ленинский проспект, 78к1","Кефир 3,2% Асеньевская ферма",База,119,119,0,2,238
251108-995-4391,2025-11-08,доставлен,09:04:00,09:14:00,"Москва, Ленинский проспект, 78к1","Молоко 2,5% Асеньевская ферма пастеризованное",База,119,119,0,1,119
251108-995-4391,2025-11-08,доставлен,09:04:00,09:14:00,"Москва, Ленинский проспект, 78к1",Пирожки с яйцом и зелёным луком Cook chart bakery,Готовая еда,89,89,0,1,89
251108-995-4391,2025-11-08,доставлен,09:04:00,09:14:00,"Москва, Ленинский проспект, 78к1",Эвалар Витамин С таблетки шипучие 1000 мг 20 шт,Аптека,1390,1390,0,1,1390
251108-995-4391,2025-11-08,доставлен,09:04:00,09:14:00,"Москва, Ленинский проспект, 78к1",Салат с курицей и сельдереем Азбука вкуса,Готовая еда,539,539,0,2,1078
251108-995-4391,2025-11-08,доставлен,09:04:00,09:14:00,"Москва, Ленинский проспект, 78к1",Доставка,Услуги Груши,0,0,0,1,0
251108-233-7333,2025-11-08,доставлен,20:30:00,20:45:00,"Москва, Ленинский проспект, 78к1",Попкорн из креветок Нияма,Готовая еда,529,529,0,1,529
251108-233-7333,2025-11-08,доставлен,20:30:00,20:45:00,"Москва, Ленинский проспект, 78к1",Апельсины сладкие,Фрукты,269,269,0,1,269
251108-233-7333,2025-11-08,доставлен,20:30:00,20:45:00,"Москва, Ленинский проспект, 78к1",Печенье Хворост Из Груши медовый,Сладости,209,169,40,2,338
251108-233-7333,2025-11-08,доставлен,20:30:00,20:45:00,"Москва, Ленинский проспект, 78к1",Творог 5% Из Груши,База,129,129,0,1,129
251108-233-7333,2025-11-08,доставлен,20:30:00,20:45:00,"Москва, Ленинский проспект, 78к1",Доставка,Услуги Груши,49,49,0,1,49
251112-613-1844,2025-11-12,доставлен,10:53:00,11:10:00,"Москва, Ленинский проспект, 78к1",Вода Шишкин лес негазированная,Вода,69,69,0,1,69
251112-613-1844,2025-11-12,доставлен,10:53:00,11:10:00,"Москва, Ленинский проспект, 78к1",Доставка,Услуги Груши,0,0,0,1,0
251114-808-8593,2025-11-14,доставлен,20:26:00,20:54:00,"Москва, Ленинский проспект, 78к1","Масло сливочное 82,5% Вологодское Из Вологды",База,359,359,0,1,359
251114-808-8593,2025-11-14,доставлен,20:26:00,20:54:00,"Москва, Ленинский проспект, 78к1","Масло сливочное 72,5% Из Груши",База,179,179,0,1,179
251114-808-8593,2025-11-14,доставлен,20:26:00,20:54:00,"Москва, Ленинский проспект, 78к1",Вода минеральная Новотерская лечебно-столовая газированная,Вода,149,149,0,1,149
251114-808-8593,2025-11-14,доставлен,20:26:00,20:54:00,"Москва, Ленинский проспект, 78к1",Зелёный горошек Из Груши быстрозамороженный,Овощи,169,169,0,1,169
251114-808-8593,2025-11-14,доставлен,20:26:00,20:54:00,"Москва, Ленинский проспект, 78к1",Доставка,Услуги Груши,79,79,0,1,79
251115-914-7042,2025-11-15,доставлен,09:31:00,09:57:00,"Москва, Ленинский проспект, 78к1",Батончики шоколадные Snickers Minis,Сладости,289,219,70,1,219
251115-914-7042,2025-11-15,доставлен,09:31:00,09:57:00,"Москва, Ленинский проспект, 78к1",Сэндвич на круассане с индейкой и мандариновым соусом Eggsellent x Груша,Готовая еда,589,589,0,1,589
251115-914-7042,2025-11-15,доставлен,09:31:00,09:57:00,"Москва, Ленинский проспект, 78к1",Доставка,Услуги Груши,0,0,0,1,0
251116-335-3753,2025-11-16,доставлен,09:26:00,09:38:00,"Москва, Ленинский проспект, 78к1",Напиток энергетический Adrenaline Rush,Напитки,209,209,0,1,209
251116-335-3753,2025-11-16,доставлен,09:26:00,09:38:00,"Москва, Ленинский проспект, 78к1",Руккола Из Груши,Овощи,139,139,0,1,139
251116-335-3753,2025-11-16,доставлен,09:26:00,09:38:00,"Москва, Ленинский проспект, 78к1",Доставка,Услуги Груши,0,0,0,1,0
251116-664-7451,2025-11-16,доставлен,16:38:00,16:46:00,"Москва, Ленинский проспект, 78к1",Филе куриное запечённое с помидорами и сыром Азбука Вкуса,Готовая еда,329,329,0,1,329
251116-664-7451,2025-11-16,доставлен,16:38:00,16:46:00,"Москва, Ленинский проспект, 78к1",Доставка,Услуги Груши,0,0,0,1,0
251116-664-7451,2025-11-16,доставлен,16:38:00,16:46:00,"Москва, Ленинский проспект, 78к1",Упаковка,Услуги Груши,19,19,0,1,19
251117-077-6076,2025-11-17,доставлен,11:22:00,12:03:00,"Москва, Ленинский проспект, 78к1","Молоко 2,5% Асеньевская ферма пастеризованное",База,119,119,0,1,119
251117-077-6076,2025-11-17,доставлен,11:22:00,12:03:00,"Москва, Ленинский проспект, 78к1",Пельмени с фермерской индейкой Из Груши,Готовая еда,499,499,0,1,499
251117-077-6076,2025-11-17,доставлен,11:22:00,12:03:00,"Москва, Ленинский проспект, 78к1","Шоколад молочный Ritter Sport с ромом, изюмом и орехом",Сладости,369,369,0,1,369
251117-077-6076,2025-11-17,доставлен,11:22:00,12:03:00,"Москва, Ленинский проспект, 78к1",Помидоры коктейльные сливовидные на ветке,Овощи,189,189,0,1,189
251117-077-6076,2025-11-17,доставлен,11:22:00,12:03:00,"Москва, Ленинский проспект, 78к1",Брокколи свежая,Овощи,219,219,0,1,219
251117-077-6076,2025-11-17,доставлен,11:22:00,12:03:00,"Москва, Ленинский проспект, 78к1",Губки для посуды Master Fresh,Товары для дома,69,69,0,1,69
251117-077-6076,2025-11-17,доставлен,11:22:00,12:03:00,"Москва, Ленинский проспект, 78к1",Доставка,Услуги Груши,0,0,0,1,0
251118-374-4661,2025-11-18,доставлен,19:48:00,20:02:00,"Москва, Ленинский проспект, 78к1",Яйцо куриное СО Из Груши,База,179,179,0,1,179
251118-374-4661,2025-11-18,доставлен,19:48:00,20:02:00,"Москва, Ленинский проспект, 78к1",Огурцы Корнишон,Овощи,99,99,0,1,99
251118-374-4661,2025-11-18,доставлен,19:48:00,20:02:00,"Москва, Ленинский проспект, 78к1",Чипсы креветочные Nongshim острые,Снеки,209,209,0,1,209
251118-374-4661,2025-11-18,доставлен,19:48:00,20:02:00,"Москва, Ленинский проспект, 78к1",Салат Крабовый Азбука вкуса,Готовая еда,209,209,0,1,209
251118-374-4661,2025-11-18,доставлен,19:48:00,20:02:00,"Москва, Ленинский проспект, 78к1",Пакеты для мусора 30 л Paclan,Товары для дома,179,179,0,1,179
251118-374-4661,2025-11-18,доставлен,19:48:00,20:02:00,"Москва, Ленинский проспект, 78к1","Молоко 3,4%-6% Асеньевская ферма пастеризованное",База,129,129,0,1,129
251118-374-4661,2025-11-18,доставлен,19:48:00,20:02:00,"Москва, Ленинский проспект, 78к1",Сэндвич с ростбифом The Truffle,Готовая еда,309,309,0,1,309
251118-374-4661,2025-11-18,доставлен,19:48:00,20:02:00,"Москва, Ленинский проспект, 78к1",Маслины Охибланка Bonduelle с копчёным лососем,Овощи,229,229,0,1,229
251118-374-4661,2025-11-18,доставлен,19:48:00,20:02:00,"Москва, Ленинский проспект, 78к1",Сэндвич с индейкой и моцареллой Из Груши,Готовая еда,279,279,0,1,279
251118-374-4661,2025-11-18,доставлен,19:48:00,20:02:00,"Москва, Ленинский проспект, 78к1",Доставка,Услуги Груши,0,0,0,1,0
251119-336-3492,2025-11-19,доставлен,19:27:00,19:42:00,"Москва, Ленинский проспект, 78к1",Печенье Орешек со сгущёнкой Братья Караваевы,Сладости,539,539,0,1,539
251119-336-3492,2025-11-19,доставлен,19:27:00,19:42:00,"Москва, Ленинский проспект, 78к1",Пирожное Картошка Из Груши,Сладости,329,329,0,1,329
251119-336-3492,2025-11-19,доставлен,19:27:00,19:42:00,"Москва, Ленинский проспект, 78к1",Сочник с рикоттой Калачёво,Сладости,189,189,0,1,189
251119-336-3492,2025-11-19,доставлен,19:27:00,19:42:00,"Москва, Ленинский проспект, 78к1",Парацетамол таблетки 500 мг 20 шт,Аптека,269,269,0,1,269
251119-336-3492,2025-11-19,доставлен,19:27:00,19:42:00,"Москва, Ленинский проспект, 78к1",Жареная на воке яичная лапша с креветками Ми Ксао Том Lao Lee,Готовая еда,449,449,0,1,449
251119-336-3492,2025-11-19,доставлен,19:27:00,19:42:00,"Москва, Ленинский проспект, 78к1",Доставка,Услуги Груши,0,0,0,1,0
251120-428-9636,2025-11-20,доставлен,18:44:00,18:55:00,"Москва, Ленинский проспект, 78к1",Голубика Артфрут,Фрукты,339,339,0,1,339
251120-428-9636,2025-11-20,доставлен,18:44:00,18:55:00,"Москва, Ленинский проспект, 78к1",Помидоры черри Эко-культура круглые красные,Овощи,389,389,0,1,389
251120-428-9636,2025-11-20,доставлен,18:44:00,18:55:00,"Москва, Ленинский проспект, 78к1",Смесь орехов с цукатами Семушка,Фрукты,99,99,0,1,99
251120-428-9636,2025-11-20,доставлен,18:44:00,18:55:00,"Москва, Ленинский проспект, 78к1",Доставка,Услуги Груши,0,0,0,1,0
251120-428-9636,2025-11-20,доставлен,18:44:00,18:55:00,"Москва, Ленинский проспект, 78к1",Упаковка,Услуги Груши,19,19,0,1,19
251120-244-2525,2025-11-20,доставлен,20:41:00,20:47:00,"Москва, Ленинский проспект, 78к1",Салат Цезарь с курицей Азбука Вкуса,Готовая еда,379,379,0,1,379
251120-244-2525,2025-11-20,доставлен,20:41:00,20:47:00,"Москва, Ленинский проспект, 78к1",Йогурт Epica натуральный без сахара 6%,База,59,59,0,1,59
251120-244-2525,2025-11-20,доставлен,20:41:00,20:47:00,"Москва, Ленинский проспект, 78к1",Хлеб бездрожжевой,База,119,119,0,2,238
251120-244-2525,2025-11-20,доставлен,20:41:00,20:47:00,"Москва, Ленинский проспект, 78к1",Пельмени с фермерской индейкой Из Груши,Готовая еда,499,499,0,1,499
251120-244-2525,2025-11-20,доставлен,20:41:00,20:47:00,"Москва, Ленинский проспект, 78к1",Гречка ядрица Из Груши,База,159,159,0,1,159
251120-244-2525,2025-11-20,доставлен,20:41:00,20:47:00,"Москва, Ленинский проспект, 78к1",Доставка,Услуги Груши,0,0,0,1,0
251121-350-4168,2025-11-21,доставлен,10:03:00,10:12:00,"Москва, Ленинский проспект, 78к1",Батончик шоколадный Mars Max,Сладости,89,69,20,3,207
251121-350-4168,2025-11-21,доставлен,10:03:00,10:12:00,"Москва, Ленинский проспект, 78к1",Доставка,Услуги Груши,79,79,0,1,79
251122-495-6482,2025-11-22,доставлен,11:31:00,11:55:00,"Москва, Ленинский проспект, 78к1","Кефир 3,2% Асеньевская ферма",База,119,99,20,1,99
251122-495-6482,2025-11-22,доставлен,11:31:00,11:55:00,"Москва, Ленинский проспект, 78к1",Вода Шишкин лес негазированная,Вода,69,69,0,1,69
251122-495-6482,2025-11-22,доставлен,11:31:00,11:55:00,"Москва, Ленинский проспект, 78к1",Доставка,Услуги Груши,99,99,0,1,99
251122-495-6482,2025-11-22,доставлен,11:31:00,11:55:00,"Москва, Ленинский проспект, 78к1",Упаковка,Услуги Груши,19,19,0,1,19
251126-962-0572,2025-11-26,доставлен,10:14:00,10:21:00,"Москва, Ленинский проспект, 78к1","Молоко 2,5% Асеньевская ферма пастеризованное",База,119,89,30,1,89
251126-962-0572,2025-11-26,доставлен,10:14:00,10:21:00,"Москва, Ленинский проспект, 78к1","Масло сливочное 82,5% Вологодское Из Вологды",База,359,359,0,2,718
251126-962-0572,2025-11-26,доставлен,10:14:00,10:21:00,"Москва, Ленинский проспект, 78к1","Масло сливочное 72,5% Из Груши",База,179,179,0,1,179
251126-962-0572,2025-11-26,доставлен,10:14:00,10:21:00,"Москва, Ленинский проспект, 78к1","Напиток овсяный Nemoloko 3,2% классический",Напитки,149,149,0,1,149
251126-962-0572,2025-11-26,доставлен,10:14:00,10:21:00,"Москва, Ленинский проспект, 78к1",Доставка,Услуги Груши,0,0,0,1,0
251130-319-0640,2025-11-30,доставлен,07:00:00,07:15:00,"Москва, Ленинский проспект, 78к1","Молоко цельное 3,4%-6% Нашей дойки пастеризованное",База,99,99,0,1,99
251130-319-0640,2025-11-30,доставлен,07:00:00,07:15:00,"Москва, Ленинский проспект, 78к1",Огурцы короткоплодные,Овощи,249,249,0,1,249
251130-319-0640,2025-11-30,доставлен,07:00:00,07:15:00,"Москва, Ленинский проспект, 78к1",Английский маффин с беконом и яйцом Mates,Готовая еда,289,289,0,1,289
251130-319-0640,2025-11-30,доставлен,07:00:00,07:15:00,"Москва, Ленинский проспект, 78к1",Сосиска в слоёном тесте с сыром и горчицей Хлеб насущный,Готовая еда,189,159,30,1,159
251130-319-0640,2025-11-30,доставлен,07:00:00,07:15:00,"Москва, Ленинский проспект, 78к1",Доставка,Услуги Груши,0,0,0,1,0
251201-707-8364,2025-12-01,доставлен,09:38:00,10:01:00,"Москва, Ленинский проспект, 78к1",Яйцо куриное СО Из Груши,База,179,179,0,1,179
251201-707-8364,2025-12-01,доставлен,09:38:00,10:01:00,"Москва, Ленинский проспект, 78к1",Печенье Орешек со сгущёнкой Братья Караваевы,Сладости,539,539,0,1,539
251201-707-8364,2025-12-01,доставлен,09:38:00,10:01:00,"Москва, Ленинский проспект, 78к1","Напиток функциональный Actimuno гранат 1,5%",Напитки,49,49,0,1,49
251201-707-8364,2025-12-01,доставлен,09:38:00,10:01:00,"Москва, Ленинский проспект, 78к1",Апельсины сладкие,Фрукты,269,269,0,1,269
251201-707-8364,2025-12-01,доставлен,09:38:00,10:01:00,"Москва, Ленинский проспект, 78к1",Доставка,Услуги Груши,49,49,0,1,49
251202-874-4077,2025-12-02,доставлен,09:46:00,10:03:00,"Москва, Ленинский проспект, 78к1",Шоколад тёмный Lindt Excellence с кусочками апельсина,Сладости,1090,1090,0,1,1090
251202-874-4077,2025-12-02,доставлен,09:46:00,10:03:00,"Москва, Ленинский проспект, 78к1",Перчики черри Из Груши фаршированные сливочным сыром,Овощи,299,299,0,2,598
251202-874-4077,2025-12-02,доставлен,09:46:00,10:03:00,"Москва, Ленинский проспект, 78к1",Шоколад молочный Alpen Gold фундук-изюм,Сладости,139,139,0,1,139
251202-874-4077,2025-12-02,доставлен,09:46:00,10:03:00,"Москва, Ленинский проспект, 78к1",Апельсины сладкие,Фрукты,269,269,0,1,269
251202-874-4077,2025-12-02,доставлен,09:46:00,10:03:00,"Москва, Ленинский проспект, 78к1",Фольга пищевая Из Груши,Товары для дома,149,149,0,1,149
251202-874-4077,2025-12-02,доставлен,09:46:00,10:03:00,"Москва, Ленинский проспект, 78к1",Английский маффин с беконом и яйцом Mates,Готовая еда,289,289,0,1,289
251202-874-4077,2025-12-02,доставлен,09:46:00,10:03:00,"Москва, Ленинский проспект, 78к1","Напиток миндальный Alpro Original 1,1%",Напитки,259,259,0,1,259
251202-874-4077,2025-12-02,доставлен,09:46:00,10:03:00,"Москва, Ленинский проспект, 78к1",Чипсы Pringles сметана-лук,Снеки,349,299,50,1,299
251202-874-4077,2025-12-02,доставлен,09:46:00,10:03:00,"Москва, Ленинский проспект, 78к1",Печенье Original Oreo,Сладости,269,269,0,1,269
251202-874-4077,2025-12-02,доставлен,09:46:00,10:03:00,"Москва, Ленинский проспект, 78к1",Доставка,Услуги Груши,0,0,0,1,0
251202-737-8838,2025-12-02,доставлен,20:14:00,20:27:00,"Москва, Ленинский проспект, 78к1",Вода Шишкин лес негазированная,Вода,69,69,0,1,69
251202-737-8838,2025-12-02,доставлен,20:14:00,20:27:00,"Москва, Ленинский проспект, 78к1",Огурцы короткоплодные,Овощи,249,249,0,2,498
251202-737-8838,2025-12-02,доставлен,20:14:00,20:27:00,"Москва, Ленинский проспект, 78к1",Банан,Фрукты,49,49,0,1,49
251202-737-8838,2025-12-02,доставлен,20:14:00,20:27:00,"Москва, Ленинский проспект, 78к1",Попкорн Holy Corn морская соль,Снеки,199,199,0,1,199
251202-737-8838,2025-12-02,доставлен,20:14:00,20:27:00,"Москва, Ленинский проспект, 78к1",Петрушка,Овощи,69,69,0,1,69
251202-737-8838,2025-12-02,доставлен,20:14:00,20:27:00,"Москва, Ленинский проспект, 78к1","Гранат, Азербайджан",Фрукты,239,239,0,1,239
251202-737-8838,2025-12-02,доставлен,20:14:00,20:27:00,"Москва, Ленинский проспект, 78к1",Шоколад тёмный Lindt Excellence 70%,Сладости,679,679,0,1,679
251202-737-8838,2025-12-02,доставлен,20:14:00,20:27:00,"Москва, Ленинский проспект, 78к1",Чипсы Lay's с солью,Снеки,219,219,0,1,219
251202-737-8838,2025-12-02,доставлен,20:14:00,20:27:00,"Москва, Ленинский проспект, 78к1",Доставка,Услуги Груши,0,0,0,1,0
251207-801-1727,2025-12-07,доставлен,19:36:00,19:45:00,"Москва, Ленинский проспект, 78к1","Кефир 3,2% Асеньевская ферма",База,119,119,0,2,238
251207-801-1727,2025-12-07,доставлен,19:36:00,19:45:00,"Москва, Ленинский проспект, 78к1","Молоко 2,5% Асеньевская ферма пастеризованное",База,119,119,0,1,119
251207-801-1727,2025-12-07,доставлен,19:36:00,19:45:00,"Москва, Ленинский проспект, 78к1","Масло сливочное 82,5% Вологодское Из Вологды",База,359,359,0,1,359
251207-801-1727,2025-12-07,доставлен,19:36:00,19:45:00,"Москва, Ленинский проспект, 78к1","Масло сливочное 72,5% Из Груши",База,179,179,0,1,179
251207-801-1727,2025-12-07,доставлен,19:36:00,19:45:00,"Москва, Ленинский проспект, 78к1",Блинчики с курицей и грибами Азбука Вкуса,Готовая еда,249,249,0,1,249
251207-801-1727,2025-12-07,доставлен,19:36:00,19:45:00,"Москва, Ленинский проспект, 78к1",Манго Артфрут,Фрукты,139,139,0,3,417
251207-801-1727,2025-12-07,доставлен,19:36:00,19:45:00,"Москва, Ленинский проспект, 78к1",Салфетки для уборки Master Fresh,Товары для дома,199,199,0,1,199
251207-801-1727,2025-12-07,доставлен,19:36:00,19:45:00,"Москва, Ленинский проспект, 78к1",Сырники со сметаной Азбука Вкуса,Готовая еда,869,679,190,2,1358
251207-801-1727,2025-12-07,доставлен,19:36:00,19:45:00,"Москва, Ленинский проспект, 78к1",Лапша рисовая с креветками и овощами Азбука life,Готовая еда,779,779,0,1,779
251207-801-1727,2025-12-07,доставлен,19:36:00,19:45:00,"Москва, Ленинский проспект, 78к1",Доставка,Услуги Груши,0,0,0,1,0
251207-801-1727,2025-12-07,доставлен,19:36:00,19:45:00,"Москва, Ленинский проспект, 78к1",Упаковка,Услуги Груши,19,19,0,1,19
251208-076-7472,2025-12-08,доставлен,10:25:00,10:48:00,"Москва, Ленинский проспект, 78к1",Тыква Баттернат,Овощи,149,149,0,1,149
251208-076-7472,2025-12-08,доставлен,10:25:00,10:48:00,"Москва, Ленинский проспект, 78к1",Чистящее средство Synergetic для окон и зеркал,Товары для дома,329,329,0,1,329
251208-076-7472,2025-12-08,доставлен,10:25:00,10:48:00,"Москва, Ленинский проспект, 78к1",Доставка,Услуги Груши,79,79,0,1,79
251208-076-7472,2025-12-08,доставлен,10:25:00,10:48:00,"Москва, Ленинский проспект, 78к1",Упаковка,Услуги Груши,19,19,0,1,19
251210-813-4518,2025-12-10,отменен,09:18:00,,"Москва, Ленинский проспект, 78к1",Хурма Королёк,Фрукты,339,339,0,1,339
251210-813-4518,2025-12-10,отменен,09:18:00,,"Москва, Ленинский проспект, 78к1",Шоколад тёмный Lindt Excellence с кусочками апельсина,Сладости,1090,1090,0,1,1090
251210-813-4518,2025-12-10,отменен,09:18:00,,"Москва, Ленинский проспект, 78к1",Сэндвич Бао с креветкой Нияма,Готовая еда,879,879,0,1,879
251210-813-4518,2025-12-10,отменен,09:18:00,,"Москва, Ленинский проспект, 78к1",Чипсы Lay's с солью,Снеки,219,219,0,1,219
251210-813-4518,2025-12-10,отменен,09:18:00,,"Москва, Ленинский проспект, 78к1",Доставка,Услуги Груши,0,0,0,1,0
251210-813-4518,2025-12-10,отменен,09:18:00,,"Москва, Ленинский проспект, 78к1",Упаковка,Услуги Груши,19,19,0,1,19
251211-199-9318,2025-12-11,доставлен,08:38:00,08:52:00,"Москва, Ленинский проспект, 78к1",Рис Басмати отварной Азбука Вкуса,Готовая еда,179,179,0,1,179
251211-199-9318,2025-12-11,доставлен,08:38:00,08:52:00,"Москва, Ленинский проспект, 78к1",Помидоры черри на ветке,Овощи,269,269,0,1,269
251211-199-9318,2025-12-11,доставлен,08:38:00,08:52:00,"Москва, Ленинский проспект, 78к1",Грейпфрут,Фрукты,159,139,20,1,139
251211-199-9318,2025-12-11,доставлен,08:38:00,08:52:00,"Москва, Ленинский проспект, 78к1",Помидоры сливовидные Эко-культура красные на ветке,Овощи,359,359,0,1,359
251211-199-9318,2025-12-11,доставлен,08:38:00,08:52:00,"Москва, Ленинский проспект, 78к1",Клубника Из Груши,Фрукты,219,219,0,1,219
251211-199-9318,2025-12-11,доставлен,08:38:00,08:52:00,"Москва, Ленинский проспект, 78к1",Доставка,Услуги Груши,0,0,0,1,0
251212-422-5870,2025-12-12,доставлен,10:50:00,10:58:00,"Москва, Ленинский проспект, 78к1",Вода Шишкин лес негазированная,Вода,69,69,0,1,69
251212-422-5870,2025-12-12,доставлен,10:50:00,10:58:00,"Москва, Ленинский проспект, 78к1",Сэндвич с индейкой и моцареллой Из Груши,Готовая еда,279,279,0,2,558
251212-422-5870,2025-12-12,доставлен,10:50:00,10:58:00,"Москва, Ленинский проспект, 78к1",Макароны Fusilli Barilla №98,База,139,139,0,1,139
251212-422-5870,2025-12-12,доставлен,10:50:00,10:58:00,"Москва, Ленинский проспект, 78к1",Сосиска в тесте Cook Chart Bakery,Готовая еда,129,129,0,1,129
251212-422-5870,2025-12-12,доставлен,10:50:00,10:58:00,"Москва, Ленинский проспект, 78к1",Апельсины сладкие,Фрукты,269,269,0,1,269
251212-422-5870,2025-12-12,доставлен,10:50:00,10:58:00,"Москва, Ленинский проспект, 78к1",Яблоки Гренни Смит,Фрукты,109,109,0,1,109
251212-422-5870,2025-12-12,доставлен,10:50:00,10:58:00,"Москва, Ленинский проспект, 78к1",Доставка,Услуги Груши,49,49,0,1,49
251212-422-5870,2025-12-12,доставлен,10:50:00,10:58:00,"Москва, Ленинский проспект, 78к1",Упаковка,Услуги Груши,19,19,0,1,19
251216-986-8939,2025-12-16,доставлен,17:17:00,17:29:00,"Москва, Ленинский проспект, 78к1",Яйцо куриное СО Из Груши,База,179,179,0,1,179
251216-986-8939,2025-12-16,доставлен,17:17:00,17:29:00,"Москва, Ленинский проспект, 78к1","Молоко 2,5% Асеньевская ферма пастеризованное",База,119,119,0,1,119
251216-986-8939,2025-12-16,доставлен,17:17:00,17:29:00,"Москва, Ленинский проспект, 78к1",Сметана 20% Из Груши,База,119,119,0,1,119
251216-986-8939,2025-12-16,доставлен,17:17:00,17:29:00,"Москва, Ленинский проспект, 78к1",Доставка,Услуги Груши,99,99,0,1,99
251216-986-8939,2025-12-16,доставлен,17:17:00,17:29:00,"Москва, Ленинский проспект, 78к1",Упаковка,Услуги Груши,19,19,0,1,19
251217-767-4983,2025-12-17,доставлен,08:17:00,08:36:00,"Москва, Ленинский проспект, 78к1",Лук-порей,Овощи,319,319,0,1,319
251217-767-4983,2025-12-17,доставлен,08:17:00,08:36:00,"Москва, Ленинский проспект, 78к1",Яйцо куриное СО Из Груши,База,179,179,0,1,179
251217-767-4983,2025-12-17,доставлен,08:17:00,08:36:00,"Москва, Ленинский проспект, 78к1",Шницель из курицы со спагетти и кетчупом Из Груши,Готовая еда,329,329,0,1,329
251217-767-4983,2025-12-17,доставлен,08:17:00,08:36:00,"Москва, Ленинский проспект, 78к1",Морковь мытая,Овощи,59,59,0,1,59
251217-767-4983,2025-12-17,доставлен,08:17:00,08:36:00,"Москва, Ленинский проспект, 78к1",Шоколад молочный пористый Milka Bubbles с кокосом,Сладости,129,129,0,1,129
251217-767-4983,2025-12-17,доставлен,08:17:00,08:36:00,"Москва, Ленинский проспект, 78к1",Доставка,Услуги Груши,0,0,0,1,0
251217-386-4518,2025-12-17,доставлен,09:39:00,09:50:00,"Москва, Ленинский проспект, 78к1","Масло сливочное 72,5% Из Груши",База,179,179,0,1,179
251217-386-4518,2025-12-17,доставлен,09:39:00,09:50:00,"Москва, Ленинский проспект, 78к1",Доставка,Услуги Груши,49,49,0,1,49
251218-208-3232,2025-12-18,доставлен,10:54:00,11:11:00,"Москва, Ленинский проспект, 78к1","Масло сливочное 82,5% Вологодское Из Вологды",База,359,359,0,2,718
251218-208-3232,2025-12-18,доставлен,10:54:00,11:11:00,"Москва, Ленинский проспект, 78к1",Молоко топлёное 4% Асеньевская ферма пастеризованное,База,119,119,0,1,119
251218-208-3232,2025-12-18,доставлен,10:54:00,11:11:00,"Москва, Ленинский проспект, 78к1",Мука пшеничная Makfa,База,79,79,0,1,79
251218-208-3232,2025-12-18,доставлен,10:54:00,11:11:00,"Москва, Ленинский проспект, 78к1",Сок апельсиновый Из Груши прямой отжим,Напитки,409,409,0,1,409
251218-208-3232,2025-12-18,доставлен,10:54:00,11:11:00,"Москва, Ленинский проспект, 78к1",Доставка,Услуги Груши,0,0,0,1,0
251218-208-3232,2025-12-18,доставлен,10:54:00,11:11:00,"Москва, Ленинский проспект, 78к1",Упаковка,Услуги Груши,19,19,0,1,19
251220-224-6033,2025-12-20,доставлен,08:55:00,09:09:00,"Москва, Ленинский проспект, 78к1","Молоко 3,2% Асеньевская ферма пастеризованное",База,99,99,0,1,99
251220-224-6033,2025-12-20,доставлен,08:55:00,09:09:00,"Москва, Ленинский проспект, 78к1",Чипсы креветочные Nongshim острые,Снеки,209,209,0,1,209
251220-224-6033,2025-12-20,доставлен,08:55:00,09:09:00,"Москва, Ленинский проспект, 78к1",Батончик шоколадный Cadbury Wispa,Сладости,149,129,20,1,129
251220-224-6033,2025-12-20,доставлен,08:55:00,09:09:00,"Москва, Ленинский проспект, 78к1",Мармелад жевательный Haribo Goldbaren,Сладости,399,399,0,1,399
251220-224-6033,2025-12-20,доставлен,08:55:00,09:09:00,"Москва, Ленинский проспект, 78к1",Батончик молочный KitKat с хрустящей вафлей,Сладости,89,89,0,2,178
251220-224-6033,2025-12-20,доставлен,08:55:00,09:09:00,"Москва, Ленинский проспект, 78к1",Сосиска в тесте Cook Chart Bakery,Готовая еда,129,129,0,1,129
251220-224-6033,2025-12-20,доставлен,08:55:00,09:09:00,"Москва, Ленинский проспект, 78к1",Доставка,Услуги Груши,49,49,0,1,49
251220-224-6033,2025-12-20,доставлен,08:55:00,09:09:00,"Москва, Ленинский проспект, 78к1",Упаковка,Услуги Груши,19,19,0,1,19
251220-919-6403,2025-12-20,доставлен,21:21:00,21:37:00,"Москва, Ленинский проспект, 78к1",Филе куриное запечённое с помидорами и сыром Азбука Вкуса,Готовая еда,329,329,0,1,329
251220-919-6403,2025-12-20,доставлен,21:21:00,21:37:00,"Москва, Ленинский проспект, 78к1",Петрушка,Овощи,69,69,0,1,69
251220-919-6403,2025-12-20,доставлен,21:21:00,21:37:00,"Москва, Ленинский проспект, 78к1",Чипсы Lay's Из Печи Лисички в сметане,Снеки,119,119,0,1,119
251220-919-6403,2025-12-20,доставлен,21:21:00,21:37:00,"Москва, Ленинский проспект, 78к1",Шпинат,Овощи,139,139,0,2,278
251220-919-6403,2025-12-20,доставлен,21:21:00,21:37:00,"Москва, Ленинский проспект, 78к1",Доставка,Услуги Груши,119,119,0,1,119
251221-726-5819,2025-12-21,доставлен,08:18:00,08:55:00,"Москва, Ленинский проспект, 78к1","Кефир 3,2% Асеньевская ферма",База,119,119,0,1,119
251221-726-5819,2025-12-21,доставлен,08:18:00,08:55:00,"Москва, Ленинский проспект, 78к1",Шоколад тёмный Lindt Excellence 85% cocoa,Сладости,469,469,0,2,938
251221-726-5819,2025-12-21,доставлен,08:18:00,08:55:00,"Москва, Ленинский проспект, 78к1",Средство для мытья посуды Fairy лимон,Товары для дома,279,279,0,1,279
251221-726-5819,2025-12-21,доставлен,08:18:00,08:55:00,"Москва, Ленинский проспект, 78к1",Цукини,Овощи,89,89,0,1,89
251221-726-5819,2025-12-21,доставлен,08:18:00,08:55:00,"Москва, Ленинский проспект, 78к1",Йогурт Epica натуральный без сахара 6%,База,59,59,0,1,59
251221-726-5819,2025-12-21,доставлен,08:18:00,08:55:00,"Москва, Ленинский проспект, 78к1",Доставка,Услуги Груши,0,0,0,1,0
251223-272-0104,2025-12-23,доставлен,08:55:00,09:05:00,"Москва, Ленинский проспект, 78к1",Вода Шишкин лес негазированная,Вода,69,69,0,1,69
251223-272-0104,2025-12-23,доставлен,08:55:00,09:05:00,"Москва, Ленинский проспект, 78к1",Вода Архыз Vita негазированная,Вода,69,69,0,1,69
251223-272-0104,2025-12-23,доставлен,08:55:00,09:05:00,"Москва, Ленинский проспект, 78к1",Салат с курицей и сельдереем Азбука вкуса,Готовая еда,539,539,0,1,539
251223-272-0104,2025-12-23,доставлен,08:55:00,09:05:00,"Москва, Ленинский проспект, 78к1",Батарейки Energizer MAX AA,Товары для дома,219,219,0,1,219
251223-272-0104,2025-12-23,доставлен,08:55:00,09:05:00,"Москва, Ленинский проспект, 78к1",Суп-пюре сырный с креветками Азбука вкуса,Готовая еда,299,299,0,1,299
251223-272-0104,2025-12-23,доставлен,08:55:00,09:05:00,"Москва, Ленинский проспект, 78к1",Шоколад молочный Ritter Sport Extra Nut с цельным лесным орехом,Сладости,179,179,0,1,179
251223-272-0104,2025-12-23,доставлен,08:55:00,09:05:00,"Москва, Ленинский проспект, 78к1",Черешня Розовый жемчуг,Фрукты,1390,1090,300,1,1090
251223-272-0104,2025-12-23,доставлен,08:55:00,09:05:00,"Москва, Ленинский проспект, 78к1",Доставка,Услуги Груши,0,0,0,1,0
251223-941-0796,2025-12-23,доставлен,10:11:00,10:24:00,"Москва, Ленинский проспект, 78к1",Помидоры черри на ветке,Овощи,269,269,0,2,538
251223-941-0796,2025-12-23,доставлен,10:11:00,10:24:00,"Москва, Ленинский проспект, 78к1",Чипсы Pringles Paprika с паприкой,Снеки,179,179,0,1,179
251223-941-0796,2025-12-23,доставлен,10:11:00,10:24:00,"Москва, Ленинский проспект, 78к1",Начос кукурузные Delicados,Снеки,279,279,0,1,279
251223-941-0796,2025-12-23,доставлен,10:11:00,10:24:00,"Москва, Ленинский проспект, 78к1",Блинчики с курицей и грибами Азбука Вкуса,Готовая еда,249,249,0,2,498
251223-941-0796,2025-12-23,доставлен,10:11:00,10:24:00,"Москва, Ленинский проспект, 78к1",Вода минеральная Petroglyph негазированная,Вода,149,129,20,1,129
251223-941-0796,2025-12-23,доставлен,10:11:00,10:24:00,"Москва, Ленинский проспект, 78к1",Доставка,Услуги Груши,99,99,0,1,99
251224-638-5808,2025-12-24,доставлен,09:50:00,10:26:00,"Москва, Ленинский проспект, 78к1",Сэндвич на зерновом хлебе с куриным филе и сливочным карри,Готовая еда,249,249,0,1,249
251224-638-5808,2025-12-24,доставлен,09:50:00,10:26:00,"Москва, Ленинский проспект, 78к1",Доставка,Услуги Груши,0,0,0,1,0
251224-638-5808,2025-12-24,доставлен,09:50:00,10:26:00,"Москва, Ленинский проспект, 78к1",Упаковка,Услуги Груши,19,19,0,1,19
251225-821-9061,2025-12-25,доставлен,21:35:00,22:03:00,"Москва, Ленинский проспект, 78к1","Молоко 2,5% Асеньевская ферма пастеризованное",База,119,119,0,1,119
251225-821-9061,2025-12-25,доставлен,21:35:00,22:03:00,"Москва, Ленинский проспект, 78к1",Шоколад молочный Ritter Sport Extra Nut с цельным лесным орехом,Сладости,179,179,0,3,537
251225-821-9061,2025-12-25,доставлен,21:35:00,22:03:00,"Москва, Ленинский проспект, 78к1",Батарейки Kodak Max Super Alkaline AA,Товары для дома,759,759,0,1,759
251225-821-9061,2025-12-25,доставлен,21:35:00,22:03:00,"Москва, Ленинский проспект, 78к1",Хурма Королёк,Фрукты,339,339,0,1,339
251225-821-9061,2025-12-25,доставлен,21:35:00,22:03:00,"Москва, Ленинский проспект, 78к1",Шпинат,Овощи,139,139,0,1,139
251225-821-9061,2025-12-25,доставлен,21:35:00,22:03:00,"Москва, Ленинский проспект, 78к1",Доставка,Услуги Груши,0,0,0,1,0
251226-116-0496,2025-12-26,доставлен,19:26:00,19:44:00,"Москва, Ленинский проспект, 78к1",Свечка с ароматом камина в подарок Из Груши,Товары для дома,89,89,0,1,89
251226-116-0496,2025-12-26,доставлен,19:26:00,19:44:00,"Москва, Ленинский проспект, 78к1",Вода минеральная лечебно-столовая Borjomi газированная,Вода,199,199,0,1,199
251226-116-0496,2025-12-26,доставлен,19:26:00,19:44:00,"Москва, Ленинский проспект, 78к1",Петрушка,Овощи,69,69,0,2,138
251226-116-0496,2025-12-26,доставлен,19:26:00,19:44:00,"Москва, Ленинский проспект, 78к1",Доставка,Услуги Груши,0,0,0,1,0
251226-116-0496,2025-12-26,доставлен,19:26:00,19:44:00,"Москва, Ленинский проспект, 78к1",Упаковка,Услуги Груши,19,19,0,1,19
251228-155-8966,2025-12-28,доставлен,09:46:00,10:10:00,"Москва, Ленинский проспект, 78к1",Сыр Пармезан Из Груши тёртый 40%,База,239,239,0,1,239
251228-155-8966,2025-12-28,доставлен,09:46:00,10:10:00,"Москва, Ленинский проспект, 78к1",Батончик шоколадный Bounty Trio,Сладости,159,159,0,1,159
251228-155-8966,2025-12-28,доставлен,09:46:00,10:10:00,"Москва, Ленинский проспект, 78к1",Спелые бананы,Фрукты,429,429,0,1,429
251228-155-8966,2025-12-28,доставлен,09:46:00,10:10:00,"Москва, Ленинский проспект, 78к1",Шоколад тёмный Lindt Excellence с кусочками апельсина,Сладости,1090,1090,0,1,1090
251228-155-8966,2025-12-28,доставлен,09:46:00,10:10:00,"Москва, Ленинский проспект, 78к1",Лепешки Мексиканские Оригинальные Delicados Tortillas,База,129,129,0,2,258
251228-155-8966,2025-12-28,доставлен,09:46:00,10:10:00,"Москва, Ленинский проспект, 78к1",Помидоры сливовидные,Овощи,89,89,0,1,89
251228-155-8966,2025-12-28,доставлен,09:46:00,10:10:00,"Москва, Ленинский проспект, 78к1","Масло сладко-сливочное несолёное 82,5% Из Груши традиционное",База,269,269,0,1,269
251228-155-8966,2025-12-28,доставлен,09:46:00,10:10:00,"Москва, Ленинский проспект, 78к1",Апельсины сладкие,Фрукты,269,269,0,3,807
251228-155-8966,2025-12-28,доставлен,09:46:00,10:10:00,"Москва, Ленинский проспект, 78к1",Блинчики с творогом Азбука Вкуса,Готовая еда,169,169,0,1,169
251228-155-8966,2025-12-28,доставлен,09:46:00,10:10:00,"Москва, Ленинский проспект, 78к1",Попкорн Holy Corn нежный сыр,Снеки,89,89,0,1,89
251228-155-8966,2025-12-28,доставлен,09:46:00,10:10:00,"Москва, Ленинский проспект, 78к1",Сок апельсиновый Из Груши прямой отжим с мякотью пастеризованный,Напитки,639,639,0,1,639
251228-155-8966,2025-12-28,доставлен,09:46:00,10:10:00,"Москва, Ленинский проспект, 78к1",Торт Медовик Из Груши,Сладости,699,699,0,1,699
251228-155-8966,2025-12-28,доставлен,09:46:00,10:10:00,"Москва, Ленинский проспект, 78к1","Гранат, Азербайджан",Фрукты,239,239,0,3,717
251228-155-8966,2025-12-28,доставлен,09:46:00,10:10:00,"Москва, Ленинский проспект, 78к1",Сэндвич с индейкой и моцареллой Из Груши,Готовая еда,279,279,0,1,279
251228-155-8966,2025-12-28,доставлен,09:46:00,10:10:00,"Москва, Ленинский проспект, 78к1",Доставка,Услуги Груши,0,0,0,1,0
251228-582-5861,2025-12-28,доставлен,10:08:00,10:38:00,"Москва, Ленинский проспект, 78к1","Масло сливочное 82,5% Вологодское",База,329,329,0,2,658
251228-582-5861,2025-12-28,доставлен,10:08:00,10:38:00,"Москва, Ленинский проспект, 78к1",Батончик шоколадный Cadbury Wispa,Сладости,149,149,0,1,149
251228-582-5861,2025-12-28,доставлен,10:08:00,10:38:00,"Москва, Ленинский проспект, 78к1","Абрикосы шалах, Узбекистан",Фрукты,359,359,0,1,359
251228-582-5861,2025-12-28,доставлен,10:08:00,10:38:00,"Москва, Ленинский проспект, 78к1",Каша овсяная с ягодами Из Груши,Готовая еда,159,159,0,1,159
251228-582-5861,2025-12-28,доставлен,10:08:00,10:38:00,"Москва, Ленинский проспект, 78к1",Вода Святой источник негазированная,Вода,69,69,0,1,69
251228-582-5861,2025-12-28,доставлен,10:08:00,10:38:00,"Москва, Ленинский проспект, 78к1",Мандарины Абхазия,Фрукты,329,269,60,1,269
251228-582-5861,2025-12-28,доставлен,10:08:00,10:38:00,"Москва, Ленинский проспект, 78к1",Батончик Бабаевский с помадно-сливочной начинкой,Сладости,139,139,0,2,278
251228-582-5861,2025-12-28,доставлен,10:08:00,10:38:00,"Москва, Ленинский проспект, 78к1","Салат с капустой, сладким перцем и огурцом Монастырский",Готовая еда,149,149,0,1,149
251228-582-5861,2025-12-28,доставлен,10:08:00,10:38:00,"Москва, Ленинский проспект, 78к1",Шоколад тёмный Lindt Excellence апельсин,Сладости,749,749,0,1,749
251228-582-5861,2025-12-28,доставлен,10:08:00,10:38:00,"Москва, Ленинский проспект, 78к1",Помидоры черри Эко-культура круглые красные на ветке,Овощи,639,639,0,1,639
251228-582-5861,2025-12-28,доставлен,10:08:00,10:38:00,"Москва, Ленинский проспект, 78к1",Доставка,Услуги Груши,0,0,0,1,0
251228-178-9348,2025-12-28,доставлен,12:13:00,12:54:00,"Москва, Ленинский проспект, 78к1","Масло сливочное 72,5% Из Груши",База,179,179,0,1,179
251228-178-9348,2025-12-28,доставлен,12:13:00,12:54:00,"Москва, Ленинский проспект, 78к1",Яйцо куриное СО Из Груши,База,179,129,50,1,129
251228-178-9348,2025-12-28,доставлен,12:13:00,12:54:00,"Москва, Ленинский проспект, 78к1",Брусника Планета витаминов замороженная,Фрукты,669,669,0,1,669
251228-178-9348,2025-12-28,доставлен,12:13:00,12:54:00,"Москва, Ленинский проспект, 78к1",Шпинат,Овощи,139,139,0,1,139
251228-178-9348,2025-12-28,доставлен,12:13:00,12:54:00,"Москва, Ленинский проспект, 78к1",Манго спелое,Фрукты,1090,1090,0,1,1090
251228-178-9348,2025-12-28,доставлен,12:13:00,12:54:00,"Москва, Ленинский проспект, 78к1",Мармелад жевательный Haribo Goldbaren,Сладости,399,399,0,1,399
251228-178-9348,2025-12-28,доставлен,12:13:00,12:54:00,"Москва, Ленинский проспект, 78к1","Гранат, Азербайджан",Фрукты,239,239,0,1,239
251228-178-9348,2025-12-28,доставлен,12:13:00,12:54:00,"Москва, Ленинский проспект, 78к1",Смесь орехов с цукатами Семушка,Фрукты,99,99,0,1,99
251228-178-9348,2025-12-28,доставлен,12:13:00,12:54:00,"Москва, Ленинский проспект, 78к1",Доставка,Услуги Груши,79,79,0,1,79
251228-178-9348,2025-12-28,доставлен,12:13:00,12:54:00,"Москва, Ленинский проспект, 78к1",Упаковка,Услуги Груши,19,19,0,1,19
251229-341-4529,2025-12-29,доставлен,09:53:00,10:14:00,"Москва, Ленинский проспект, 78к1",Яйцо куриное СО Из Груши,База,179,179,0,1,179
251229-341-4529,2025-12-29,доставлен,09:53:00,10:14:00,"Москва, Ленинский проспект, 78к1","Масло сливочное 82,5% Вологодское Из Вологды",База,359,359,0,1,359
251229-341-4529,2025-12-29,доставлен,09:53:00,10:14:00,"Москва, Ленинский проспект, 78к1",Чипсы креветочные Nongshim острые,Снеки,209,209,0,1,209
251229-341-4529,2025-12-29,доставлен,09:53:00,10:14:00,"Москва, Ленинский проспект, 78к1",Сыр Пармезан Из Груши тёртый 40%,База,239,239,0,1,239
251229-341-4529,2025-12-29,доставлен,09:53:00,10:14:00,"Москва, Ленинский проспект, 78к1",Помидоры сливовидные,Овощи,89,89,0,1,89
251229-341-4529,2025-12-29,доставлен,09:53:00,10:14:00,"Москва, Ленинский проспект, 78к1",Хлопья кукурузные Из Груши без глютена без добавления сахара,База,219,219,0,1,219
251229-341-4529,2025-12-29,доставлен,09:53:00,10:14:00,"Москва, Ленинский проспект, 78к1",Доставка,Услуги Груши,99,99,0,1,99
251229-504-4135,2025-12-29,доставлен,17:03:00,17:27:00,"Москва, Ленинский проспект, 78к1",Салат Крабовый Азбука вкуса,Готовая еда,209,169,40,1,169
251229-504-4135,2025-12-29,доставлен,17:03:00,17:27:00,"Москва, Ленинский проспект, 78к1",Помидоры черри на ветке,Овощи,269,269,0,2,538
251229-504-4135,2025-12-29,доставлен,17:03:00,17:27:00,"Москва, Ленинский проспект, 78к1",Чипсы Pringles сметана-лук,Снеки,349,349,0,2,698
251229-504-4135,2025-12-29,доставлен,17:03:00,17:27:00,"Москва, Ленинский проспект, 78к1",Булочка с маком Братья Караваевы,Сладости,159,159,0,1,159
251229-504-4135,2025-12-29,доставлен,17:03:00,17:27:00,"Москва, Ленинский проспект, 78к1",Торт Медовый Братья Караваевы 2 шт,Сладости,439,439,0,2,878
251229-504-4135,2025-12-29,доставлен,17:03:00,17:27:00,"Москва, Ленинский проспект, 78к1",Помидоры черри Эко-культура круглые красные на ветке,Овощи,639,639,0,1,639
251229-504-4135,2025-12-29,доставлен,17:03:00,17:27:00,"Москва, Ленинский проспект, 78к1",Вода минеральная негазированная Из Груши природная питьевая,Вода,149,149,0,1,149
251229-504-4135,2025-12-29,доставлен,17:03:00,17:27:00,"Москва, Ленинский проспект, 78к1",Роллы Филадельфия Из Груши,Готовая еда,659,659,0,1,659
251229-504-4135,2025-12-29,доставлен,17:03:00,17:27:00,"Москва, Ленинский проспект, 78к1",Салфетка для уборки Master Fresh,Товары для дома,229,199,30,1,199
251229-504-4135,2025-12-29,доставлен,17:03:00,17:27:00,"Москва, Ленинский проспект, 78к1",Доставка,Услуги Груши,49,49,0,1,49
251230-355-6414,2025-12-30,доставлен,11:00:00,11:27:00,"Москва, Ленинский проспект, 78к1",Хурма Королёк,Фрукты,339,339,0,1,339
251230-355-6414,2025-12-30,доставлен,11:00:00,11:27:00,"Москва, Ленинский проспект, 78к1",Английский маффин с беконом и яйцом Mates,Готовая еда,289,289,0,2,578
251230-355-6414,2025-12-30,доставлен,11:00:00,11:27:00,"Москва, Ленинский проспект, 78к1","Помидоры Пинк Парадайз, Узбекистан",Овощи,990,990,0,1,990
251230-355-6414,2025-12-30,доставлен,11:00:00,11:27:00,"Москва, Ленинский проспект, 78к1",Салат Айсберг,Овощи,59,59,0,1,59
251230-355-6414,2025-12-30,доставлен,11:00:00,11:27:00,"Москва, Ленинский проспект, 78к1",Сыр Пармезан Из Груши тёртый 40%,База,239,189,50,1,189
251230-355-6414,2025-12-30,доставлен,11:00:00,11:27:00,"Москва, Ленинский проспект, 78к1",Вода минеральная Petroglyph негазированная,Вода,149,149,0,1,149
251230-355-6414,2025-12-30,доставлен,11:00:00,11:27:00,"Москва, Ленинский проспект, 78к1",Суп овощной Мадрас карри Chindi,Готовая еда,319,319,0,1,319
251230-355-6414,2025-12-30,доставлен,11:00:00,11:27:00,"Москва, Ленинский проспект, 78к1",Макароны Farfalle Barilla №65,База,149,149,0,1,149
251230-355-6414,2025-12-30,доставлен,11:00:00,11:27:00,"Москва, Ленинский проспект, 78к1",Капуста Кейл,Овощи,59,59,0,1,59
251230-355-6414,2025-12-30,доставлен,11:00:00,11:27:00,"Москва, Ленинский проспект, 78к1",Батончик KitKat с хрустящей вафлей,Сладости,99,99,0,1,99
251230-355-6414,2025-12-30,доставлен,11:00:00,11:27:00,"Москва, Ленинский проспект, 78к1",Горошек зелёный Bonduelle замороженный,Овощи,119,119,0,2,238
251230-355-6414,2025-12-30,доставлен,11:00:00,11:27:00,"Москва, Ленинский проспект, 78к1","Гранат, Азербайджан",Фрукты,239,239,0,1,239
251230-355-6414,2025-12-30,доставлен,11:00:00,11:27:00,"Москва, Ленинский проспект, 78к1",Доставка,Услуги Груши,0,0,0,1,0
251230-017-3400,2025-12-30,доставлен,18:11:00,18:47:00,"Москва, Ленинский проспект, 78к1",Лапша рисовая с креветками и овощами Азбука life,Готовая еда,779,779,0,1,779
251230-017-3400,2025-12-30,доставлен,18:11:00,18:47:00,"Москва, Ленинский проспект, 78к1",Тыква Баттернат,Овощи,149,149,0,1,149
251230-017-3400,2025-12-30,доставлен,18:11:00,18:47:00,"Москва, Ленинский проспект, 78к1",Батончик шоколадный Twix,Сладости,79,69,10,1,69
251230-017-3400,2025-12-30,доставлен,18:11:00,18:47:00,"Москва, Ленинский проспект, 78к1",Вода минеральная Ессентуки №4 лечебно-столовая,Вода,429,429,0,1,429
251230-017-3400,2025-12-30,доставлен,18:11:00,18:47:00,"Москва, Ленинский проспект, 78к1",Нектар апельсиновый Rich,Напитки,309,309,0,1,309
251230-017-3400,2025-12-30,доставлен,18:11:00,18:47:00,"Москва, Ленинский проспект, 78к1",Батончик Snickers лесной орех,Сладости,119,79,40,1,79
251230-017-3400,2025-12-30,доставлен,18:11:00,18:47:00,"Москва, Ленинский проспект, 78к1","Молоко безлактозное 3,6-4,6% Братья Чебурашкины пастеризованное",База,119,119,0,1,119
251230-017-3400,2025-12-30,доставлен,18:11:00,18:47:00,"Москва, Ленинский проспект, 78к1",Апельсины сладкие,Фрукты,269,189,80,1,189
251230-017-3400,2025-12-30,доставлен,18:11:00,18:47:00,"Москва, Ленинский проспект, 78к1",Напиток соевый Alpro банановый,Напитки,379,379,0,1,379
251230-017-3400,2025-12-30,доставлен,18:11:00,18:47:00,"Москва, Ленинский проспект, 78к1",Доставка,Услуги Груши,0,0,0,1,0
251230-017-3400,2025-12-30,доставлен,18:11:00,18:47:00,"Москва, Ленинский проспект, 78к1",Упаковка,Услуги Груши,19,19,0,1,19
251230-823-3642,2025-12-30,доставлен,19:54:00,20:08:00,"Москва, Ленинский проспект, 78к1",Перчики черри Из Груши фаршированные сливочным сыром,Овощи,299,299,0,1,299
251230-823-3642,2025-12-30,доставлен,19:54:00,20:08:00,"Москва, Ленинский проспект, 78к1",Сок апельсиновый Из Груши прямой отжим с мякотью пастеризованный,Напитки,639,639,0,1,639
251230-823-3642,2025-12-30,доставлен,19:54:00,20:08:00,"Москва, Ленинский проспект, 78к1","Гранат, Азербайджан",Фрукты,239,239,0,1,239
251230-823-3642,2025-12-30,доставлен,19:54:00,20:08:00,"Москва, Ленинский проспект, 78к1",Запеканка творожная с вишней Азбука Вкуса,Готовая еда,299,299,0,1,299
251230-823-3642,2025-12-30,доставлен,19:54:00,20:08:00,"Москва, Ленинский проспект, 78к1",Лук репчатый,Овощи,39,39,0,2,78
251230-823-3642,2025-12-30,доставлен,19:54:00,20:08:00,"Москва, Ленинский проспект, 78к1",Батончик арахисовый Kick в карамельном шоколаде,Сладости,509,509,0,1,509
251230-823-3642,2025-12-30,доставлен,19:54:00,20:08:00,"Москва, Ленинский проспект, 78к1",Улитка с изюмом и заварным кремом Из Груши,Сладости,139,139,0,3,417
251230-823-3642,2025-12-30,доставлен,19:54:00,20:08:00,"Москва, Ленинский проспект, 78к1",Помидоры черри на ветке,Овощи,269,219,50,1,219
251230-823-3642,2025-12-30,доставлен,19:54:00,20:08:00,"Москва, Ленинский проспект, 78к1",Доставка,Услуги Груши,0,0,0,1,0
251230-823-3642,2025-12-30,доставлен,19:54:00,20:08:00,"Москва, Ленинский проспект, 78к1",Упаковка,Услуги Груши,19,19,0,1,19
251231-282-7382,2025-12-31,доставлен,17:09:00,17:21:00,"Москва, Ленинский проспект, 78к1",Авокадо Хасс Puro Gusto крупное,Овощи,229,229,0,2,458
251231-282-7382,2025-12-31,доставлен,17:09:00,17:21:00,"Москва, Ленинский проспект, 78к1",Боул с цыплёнком тандури Soul in the Bowl,Готовая еда,699,699,0,1,699
251231-282-7382,2025-12-31,доставлен,17:09:00,17:21:00,"Москва, Ленинский проспект, 78к1",Чистящее средство Synergetic для сантехники от известкового налёта и ржавчины,Товары для дома,709,709,0,1,709
251231-282-7382,2025-12-31,доставлен,17:09:00,17:21:00,"Москва, Ленинский проспект, 78к1","Шоколад молочный Ritter Sport с ромом, изюмом и орехом",Сладости,369,369,0,1,369
251231-282-7382,2025-12-31,доставлен,17:09:00,17:21:00,"Москва, Ленинский проспект, 78к1",Черри Конфетто Россия,Овощи,209,209,0,2,418
251231-282-7382,2025-12-31,доставлен,17:09:00,17:21:00,"Москва, Ленинский проспект, 78к1",Голубика,Фрукты,259,259,0,1,259
251231-282-7382,2025-12-31,доставлен,17:09:00,17:21:00,"Москва, Ленинский проспект, 78к1",Смесь орехов с цукатами Семушка,Фрукты,99,99,0,1,99
251231-282-7382,2025-12-31,доставлен,17:09:00,17:21:00,"Москва, Ленинский проспект, 78к1",Завиток с корицей Братья Караваевы,Сладости,149,149,0,3,447
251231-282-7382,2025-12-31,доставлен,17:09:00,17:21:00,"Москва, Ленинский проспект, 78к1",Доставка,Услуги Груши,0,0,0,1,0
251231-516-9008,2025-12-31,доставлен,19:27:00,19:39:00,"Москва, Ленинский проспект, 78к1",Огурцы Корнишон,Овощи,99,99,0,1,99
251231-516-9008,2025-12-31,доставлен,19:27:00,19:39:00,"Москва, Ленинский проспект, 78к1","Шоколад молочный Ritter Sport с ромом, изюмом и орехом",Сладости,369,369,0,1,369
251231-516-9008,2025-12-31,доставлен,19:27:00,19:39:00,"Москва, Ленинский проспект, 78к1",Пирожки с яйцом и зелёным луком Cook chart bakery,Готовая еда,89,89,0,1,89
251231-516-9008,2025-12-31,доставлен,19:27:00,19:39:00,"Москва, Ленинский проспект, 78к1",Яйцо куриное СО Из Груши,База,179,159,20,1,159
251231-516-9008,2025-12-31,доставлен,19:27:00,19:39:00,"Москва, Ленинский проспект, 78к1","Гранат, Азербайджан",Фрукты,239,239,0,1,239
251231-516-9008,2025-12-31,доставлен,19:27:00,19:39:00,"Москва, Ленинский проспект, 78к1",Сок апельсиновый Из Груши прямой отжим,Напитки,409,409,0,1,409
251231-516-9008,2025-12-31,доставлен,19:27:00,19:39:00,"Москва, Ленинский проспект, 78к1",Рулет с ромом и изюмом буше,Сладости,119,119,0,1,119
251231-516-9008,2025-12-31,доставлен,19:27:00,19:39:00,"Москва, Ленинский проспект, 78к1",Апельсины сладкие,Фрукты,269,269,0,1,269
251231-516-9008,2025-12-31,доставлен,19:27:00,19:39:00,"Москва, Ленинский проспект, 78к1",Апельсины,Фрукты,239,239,0,1,239
251231-516-9008,2025-12-31,доставлен,19:27:00,19:39:00,"Москва, Ленинский проспект, 78к1",Салат Айсберг,Овощи,59,59,0,2,118
251231-516-9008,2025-12-31,доставлен,19:27:00,19:39:00,"Москва, Ленинский проспект, 78к1",Батончик шоколадный Bounty Trio,Сладости,159,129,30,1,129
251231-516-9008,2025-12-31,доставлен,19:27:00,19:39:00,"Москва, Ленинский проспект, 78к1",Блинчики с курицей и грибами Азбука Вкуса,Готовая еда,249,249,0,1,249
251231-516-9008,2025-12-31,доставлен,19:27:00,19:39:00,"Москва, Ленинский проспект, 78к1",Доставка,Услуги Груши,199,199,0,1,199
251231-516-9008,2025-12-31,доставлен,19:27:00,19:39:00,"Москва, Ленинский проспект, 78к1",Упаковка,Услуги Груши,19,19,0,1,19
260101-954-0375,2026-01-01,доставлен,19:15:00,19:34:00,"Москва, Ленинский проспект, 78к1",Роллы Филадельфия Из Груши,Готовая еда,699,699,0,1,699
260101-954-0375,2026-01-01,доставлен,19:15:00,19:34:00,"Москва, Ленинский проспект, 78к1","Напиток функциональный Actimuno гранат 1,5%",Напитки,49,49,0,1,49
260101-954-0375,2026-01-01,доставлен,19:15:00,19:34:00,"Москва, Ленинский проспект, 78к1",Петрушка,Овощи,39,39,0,1,39
260101-954-0375,2026-01-01,доставлен,19:15:00,19:34:00,"Москва, Ленинский проспект, 78к1",Апельсины,Фрукты,239,239,0,1,239
260101-954-0375,2026-01-01,доставлен,19:15:00,19:34:00,"Москва, Ленинский проспект, 78к1",Мармелад жевательный Haribo Goldbaren,Сладости,539,539,0,1,539
260101-954-0375,2026-01-01,доставлен,19:15:00,19:34:00,"Москва, Ленинский проспект, 78к1",Батарейки Energizer MAX AA,Товары для дома,219,219,0,1,219
260101-954-0375,2026-01-01,доставлен,19:15:00,19:34:00,"Москва, Ленинский проспект, 78к1",Доставка,Услуги Груши,119,119,0,1,119
260102-970-7191,2026-01-02,доставлен,08:54:00,09:04:00,"Москва, Ленинский проспект, 78к1",Вода Шишкин лес негазированная,Вода,69,59,10,1,59
260102-970-7191,2026-01-02,доставлен,08:54:00,09:04:00,"Москва, Ленинский проспект, 78к1",Сок апельсиновый Из Груши прямой отжим с мякотью пастеризованный,Напитки,639,639,0,1,639
260102-970-7191,2026-01-02,доставлен,08:54:00,09:04:00,"Москва, Ленинский проспект, 78к1",Батончик молочный KitKat с хрустящей вафлей,Сладости,89,89,0,1,89
260102-970-7191,2026-01-02,доставлен,08:54:00,09:04:00,"Москва, Ленинский проспект, 78к1",Голубика,Фрукты,449,449,0,1,449
260102-970-7191,2026-01-02,доставлен,08:54:00,09:04:00,"Москва, Ленинский проспект, 78к1",Руккола Из Груши,Овощи,139,139,0,1,139
260102-970-7191,2026-01-02,доставлен,08:54:00,09:04:00,"Москва, Ленинский проспект, 78к1",Сырники со сметаной Азбука Вкуса,Готовая еда,1090,1090,0,2,2180
260102-970-7191,2026-01-02,доставлен,08:54:00,09:04:00,"Москва, Ленинский проспект, 78к1",Доставка,Услуги Груши,0,0,0,1,0
260103-764-8957,2026-01-03,доставлен,10:30:00,10:58:00,"Москва, Ленинский проспект, 78к1","Молоко 2,5% Асеньевская ферма пастеризованное",База,119,119,0,1,119
260103-764-8957,2026-01-03,доставлен,10:30:00,10:58:00,"Москва, Ленинский проспект, 78к1",Батончик шоколадный Milky Way 1+1,Сладости,79,79,0,1,79
260103-764-8957,2026-01-03,доставлен,10:30:00,10:58:00,"Москва, Ленинский проспект, 78к1",Доставка,Услуги Груши,0,0,0,1,0
260103-764-8957,2026-01-03,доставлен,10:30:00,10:58:00,"Москва, Ленинский проспект, 78к1",Упаковка,Услуги Груши,19,19,0,1,19
260105-138-3634,2026-01-05,доставлен,11:15:00,11:27:00,"Москва, Ленинский проспект, 78к1","Кефир 3,2% Асеньевская ферма",База,119,119,0,2,238
260105-138-3634,2026-01-05,доставлен,11:15:00,11:27:00,"Москва, Ленинский проспект, 78к1",Голубцы мясные тушеные в томатно-сливочном соусе Азбука Вкуса,Готовая еда,629,629,0,1,629
260105-138-3634,2026-01-05,доставлен,11:15:00,11:27:00,"Москва, Ленинский проспект, 78к1",Булочка с маком Братья Караваевы,Сладости,319,319,0,1,319
260105-138-3634,2026-01-05,доставлен,11:15:00,11:27:00,"Москва, Ленинский проспект, 78к1",Доставка,Услуги Груши,0,0,0,1,0
260105-138-3634,2026-01-05,доставлен,11:15:00,11:27:00,"Москва, Ленинский проспект, 78к1",Упаковка,Услуги Груши,19,19,0,1,19
260107-860-6103,2026-01-07,доставлен,07:36:00,08:07:00,"Москва, Ленинский проспект, 78к1","Масло сливочное 72,5% Из Груши",База,179,139,40,1,139
260107-860-6103,2026-01-07,доставлен,07:36:00,08:07:00,"Москва, Ленинский проспект, 78к1",Клубника Из Груши,Фрукты,219,219,0,1,219
260107-860-6103,2026-01-07,доставлен,07:36:00,08:07:00,"Москва, Ленинский проспект, 78к1",Помидоры черри Ароматто Эко-культура сливовидные красные на ветке,Овощи,199,199,0,2,398
260107-860-6103,2026-01-07,доставлен,07:36:00,08:07:00,"Москва, Ленинский проспект, 78к1",Доставка,Услуги Груши,49,49,0,1,49
260108-560-1048,2026-01-08,доставлен,21:24:00,21:40:00,"Москва, Ленинский проспект, 78к1","Шоколад молочный Ritter Sport с ромом, изюмом и орехом",Сладости,369,299,70,1,299
260108-560-1048,2026-01-08,доставлен,21:24:00,21:40:00,"Москва, Ленинский проспект, 78к1","Молоко 3,4%-6% Асеньевская ферма пастеризованное",База,129,129,0,1,129
260108-560-1048,2026-01-08,доставлен,21:24:00,21:40:00,"Москва, Ленинский проспект, 78к1",Доставка,Услуги Груши,0,0,0,1,0
260108-560-1048,2026-01-08,доставлен,21:24:00,21:40:00,"Москва, Ленинский проспект, 78к1",Упаковка,Услуги Груши,19,19,0,1,19
260109-889-6424,2026-01-09,доставлен,11:17:00,11:34:00,"Москва, Ленинский проспект, 78к1","Масло сливочное 82,5% Вологодское Из Вологды",База,399,399,0,1,399
260109-889-6424,2026-01-09,доставлен,11:17:00,11:34:00,"Москва, Ленинский проспект, 78к1",Орехи кешью жареные Из Груши,Снеки,499,499,0,1,499
260109-889-6424,2026-01-09,доставлен,11:17:00,11:34:00,"Москва, Ленинский проспект, 78к1",Яйцо куриное СО Из Груши,База,179,179,0,1,179
260109-889-6424,2026-01-09,доставлен,11:17:00,11:34:00,"Москва, Ленинский проспект, 78к1",Доставка,Услуги Груши,49,49,0,1,49
260109-889-6424,2026-01-09,доставлен,11:17:00,11:34:00,"Москва, Ленинский проспект, 78к1",Упаковка,Услуги Груши,19,19,0,1,19
260111-507-1774,2026-01-11,доставлен,10:41:00,11:03:00,"Москва, Ленинский проспект, 78к1","Абрикосы шалах, Узбекистан",Фрукты,329,329,0,1,329
260111-507-1774,2026-01-11,доставлен,10:41:00,11:03:00,"Москва, Ленинский проспект, 78к1",Напиток соевый Alpro банановый,Напитки,459,459,0,1,459
260111-507-1774,2026-01-11,доставлен,10:41:00,11:03:00,"Москва, Ленинский проспект, 78к1",Батончик арахисовый Kick в карамельном шоколаде,Сладости,719,719,0,1,719
260111-507-1774,2026-01-11,доставлен,10:41:00,11:03:00,"Москва, Ленинский проспект, 78к1",Молоко топлёное 4% Асеньевская ферма пастеризованное,База,119,119,0,1,119
260111-507-1774,2026-01-11,доставлен,10:41:00,11:03:00,"Москва, Ленинский проспект, 78к1",Доставка,Услуги Груши,79,79,0,1,79
260111-507-1774,2026-01-11,доставлен,10:41:00,11:03:00,"Москва, Ленинский проспект, 78к1",Упаковка,Услуги Груши,19,19,0,1,19
260111-783-3199,2026-01-11,доставлен,17:28:00,17:35:00,"Москва, Ленинский проспект, 78к1",Яйцо куриное СО Из Груши,База,179,179,0,1,179
260111-783-3199,2026-01-11,доставлен,17:28:00,17:35:00,"Москва, Ленинский проспект, 78к1",Лимон,Фрукты,29,29,0,1,29
260111-783-3199,2026-01-11,доставлен,17:28:00,17:35:00,"Москва, Ленинский проспект, 78к1",Доставка,Услуги Груши,0,0,0,1,0
260111-783-3199,2026-01-11,доставлен,17:28:00,17:35:00,"Москва, Ленинский проспект, 78к1",Упаковка,Услуги Груши,19,19,0,1,19
260111-304-2980,2026-01-11,доставлен,19:57:00,20:12:00,"Москва, Ленинский проспект, 78к1",Горошек зелёный Bonduelle замороженный,Овощи,129,129,0,2,258
260111-304-2980,2026-01-11,доставлен,19:57:00,20:12:00,"Москва, Ленинский проспект, 78к1","Шоколад молочный Ritter Sport с ромом, изюмом и орехом",Сладости,369,329,40,1,329
260111-304-2980,2026-01-11,доставлен,19:57:00,20:12:00,"Москва, Ленинский проспект, 78к1",Суп-пюре сырный с креветками Азбука вкуса,Готовая еда,299,299,0,2,598
260111-304-2980,2026-01-11,доставлен,19:57:00,20:12:00,"Москва, Ленинский проспект, 78к1",Чипсы Lay's Из Печи Сметана и ароматные травы,Снеки,129,129,0,1,129
260111-304-2980,2026-01-11,доставлен,19:57:00,20:12:00,"Москва, Ленинский проспект, 78к1",Салат с курицей и сельдереем Азбука вкуса,Готовая еда,539,539,0,1,539
260111-304-2980,2026-01-11,доставлен,19:57:00,20:12:00,"Москва, Ленинский проспект, 78к1",Батончик Бабаевский с помадно-сливочной начинкой,Сладости,139,139,0,1,139
260111-304-2980,2026-01-11,доставлен,19:57:00,20:12:00,"Москва, Ленинский проспект, 78к1",Вода минеральная лечебно-столовая Borjomi газированная,Вода,239,209,30,2,418
260111-304-2980,2026-01-11,доставлен,19:57:00,20:12:00,"Москва, Ленинский проспект, 78к1",Голубика,Фрукты,449,449,0,1,449
260111-304-2980,2026-01-11,доставлен,19:57:00,20:12:00,"Москва, Ленинский проспект, 78к1",Чипсы Mojno батат сыр чеддер,Снеки,219,219,0,1,219
260111-304-2980,2026-01-11,доставлен,19:57:00,20:12:00,"Москва, Ленинский проспект, 78к1",Доставка,Услуги Груши,0,0,0,1,0
260114-222-3006,2026-01-14,доставлен,08:11:00,08:33:00,"Москва, Ленинский проспект, 78к1",Вода Шишкин лес негазированная,Вода,69,69,0,1,69
260114-222-3006,2026-01-14,доставлен,08:11:00,08:33:00,"Москва, Ленинский проспект, 78к1","Молоко 2,5% Асеньевская ферма пастеризованное",База,119,119,0,1,119
260114-222-3006,2026-01-14,доставлен,08:11:00,08:33:00,"Москва, Ленинский проспект, 78к1",Рис Басмати отварной Азбука Вкуса,Готовая еда,229,229,0,1,229
260114-222-3006,2026-01-14,доставлен,08:11:00,08:33:00,"Москва, Ленинский проспект, 78к1",Зиртек таблетки 10 мг 30 шт,Аптека,1290,1290,0,1,1290
260114-222-3006,2026-01-14,доставлен,08:11:00,08:33:00,"Москва, Ленинский проспект, 78к1",Доставка,Услуги Груши,0,0,0,1,0
260114-222-3006,2026-01-14,доставлен,08:11:00,08:33:00,"Москва, Ленинский проспект, 78к1",Упаковка,Услуги Груши,19,19,0,1,19
260114-624-0034,2026-01-14,доставлен,10:08:00,10:47:00,"Москва, Ленинский проспект, 78к1",Батарейки Kodak Max Super Alkaline AA,Товары для дома,1290,1290,0,1,1290
260114-624-0034,2026-01-14,доставлен,10:08:00,10:47:00,"Москва, Ленинский проспект, 78к1",Шоколад молочный Alpen Gold с фундуком,Сладости,179,179,0,1,179
260114-624-0034,2026-01-14,доставлен,10:08:00,10:47:00,"Москва, Ленинский проспект, 78к1",Доставка,Услуги Груши,79,79,0,1,79
260114-624-0034,2026-01-14,доставлен,10:08:00,10:47:00,"Москва, Ленинский проспект, 78к1",Упаковка,Услуги Груши,19,19,0,1,19
260114-156-8959,2026-01-14,доставлен,18:59:00,19:07:00,"Москва, Ленинский проспект, 78к1",Огурцы колючие ТСХ,Овощи,89,89,0,1,89
260114-156-8959,2026-01-14,доставлен,18:59:00,19:07:00,"Москва, Ленинский проспект, 78к1",Чипсы Lay's краб,Снеки,139,139,0,2,278
260114-156-8959,2026-01-14,доставлен,18:59:00,19:07:00,"Москва, Ленинский проспект, 78к1","Напиток овсяный Nemoloko 3,2% классический",Напитки,179,179,0,1,179
260114-156-8959,2026-01-14,доставлен,18:59:00,19:07:00,"Москва, Ленинский проспект, 78к1",Эвалар Витамин С таблетки шипучие 1000 мг 20 шт,Аптека,1890,1890,0,1,1890
260114-156-8959,2026-01-14,доставлен,18:59:00,19:07:00,"Москва, Ленинский проспект, 78к1",Чипсы Lay's с солью,Снеки,219,219,0,1,219
260114-156-8959,2026-01-14,доставлен,18:59:00,19:07:00,"Москва, Ленинский проспект, 78к1",Доставка,Услуги Груши,99,99,0,1,99
260120-702-6924,2026-01-20,доставлен,10:18:00,10:44:00,"Москва, Ленинский проспект, 78к1",Мандарины мини,Фрукты,249,169,80,1,169
260120-702-6924,2026-01-20,доставлен,10:18:00,10:44:00,"Москва, Ленинский проспект, 78к1",Цукини,Овощи,89,89,0,1,89
260120-702-6924,2026-01-20,доставлен,10:18:00,10:44:00,"Москва, Ленинский проспект, 78к1",Круассан миндальный Булка,Сладости,249,249,0,2,498
260120-702-6924,2026-01-20,доставлен,10:18:00,10:44:00,"Москва, Ленинский проспект, 78к1",Спелые бананы,Фрукты,429,429,0,1,429
260120-702-6924,2026-01-20,доставлен,10:18:00,10:44:00,"Москва, Ленинский проспект, 78к1",Апельсины,Фрукты,239,239,0,1,239
260120-702-6924,2026-01-20,доставлен,10:18:00,10:44:00,"Москва, Ленинский проспект, 78к1",Доставка,Услуги Груши,0,0,0,1,0
260120-702-6924,2026-01-20,доставлен,10:18:00,10:44:00,"Москва, Ленинский проспект, 78к1",Упаковка,Услуги Груши,19,19,0,1,19
260120-725-9744,2026-01-20,доставлен,19:25:00,19:33:00,"Москва, Ленинский проспект, 78к1","Кефир 3,2% Асеньевская ферма",База,119,119,0,1,119
260120-725-9744,2026-01-20,доставлен,19:25:00,19:33:00,"Москва, Ленинский проспект, 78к1","Масло сливочное 82,5% Вологодское Из Вологды",База,399,399,0,1,399
260120-725-9744,2026-01-20,доставлен,19:25:00,19:33:00,"Москва, Ленинский проспект, 78к1","Масло сливочное 72,5% Из Груши",База,179,179,0,1,179
260120-725-9744,2026-01-20,доставлен,19:25:00,19:33:00,"Москва, Ленинский проспект, 78к1",Клей-гель супер моментальный Секунда,Товары для дома,79,79,0,1,79
260120-725-9744,2026-01-20,доставлен,19:25:00,19:33:00,"Москва, Ленинский проспект, 78к1","Гранат, Азербайджан",Фрукты,239,239,0,2,478
260120-725-9744,2026-01-20,доставлен,19:25:00,19:33:00,"Москва, Ленинский проспект, 78к1","Молоко 3,2% Из Груши",База,99,99,0,1,99
260120-725-9744,2026-01-20,доставлен,19:25:00,19:33:00,"Москва, Ленинский проспект, 78к1",Доставка,Услуги Груши,99,99,0,1,99
260121-431-4333,2026-01-21,доставлен,09:16:00,09:24:00,"Москва, Ленинский проспект, 78к1",Лимонад Из Груши с соком грейпфрута,Напитки,169,169,0,1,169
260121-431-4333,2026-01-21,доставлен,09:16:00,09:24:00,"Москва, Ленинский проспект, 78к1",Смузи манго-маракуйя Из Груши,Напитки,259,259,0,1,259
260121-431-4333,2026-01-21,доставлен,09:16:00,09:24:00,"Москва, Ленинский проспект, 78к1",Рис Басмати отварной Азбука Вкуса,Готовая еда,229,229,0,1,229
260121-431-4333,2026-01-21,доставлен,09:16:00,09:24:00,"Москва, Ленинский проспект, 78к1",Маршмеллоу мини Из Груши со вкусом пломбира,Сладости,139,139,0,1,139
260121-431-4333,2026-01-21,доставлен,09:16:00,09:24:00,"Москва, Ленинский проспект, 78к1",Доставка,Услуги Груши,0,0,0,1,0
260121-383-7546,2026-01-21,доставлен,09:54:00,10:05:00,"Москва, Ленинский проспект, 78к1",Капуста Кейл,Овощи,59,49,10,1,49
260121-383-7546,2026-01-21,доставлен,09:54:00,10:05:00,"Москва, Ленинский проспект, 78к1",Салат с курицей и сельдереем Азбука вкуса,Готовая еда,539,539,0,1,539
260121-383-7546,2026-01-21,доставлен,09:54:00,10:05:00,"Москва, Ленинский проспект, 78к1",Пластырь бактерицидный Cosmos 20 шт,Аптека,219,219,0,1,219
260121-383-7546,2026-01-21,доставлен,09:54:00,10:05:00,"Москва, Ленинский проспект, 78к1",Шоколад Kinder Chocolate с молочной начинкой,Сладости,159,159,0,1,159
260121-383-7546,2026-01-21,доставлен,09:54:00,10:05:00,"Москва, Ленинский проспект, 78к1",Доставка,Услуги Груши,79,79,0,1,79
260123-651-8300,2026-01-23,доставлен,20:36:00,20:49:00,"Москва, Ленинский проспект, 78к1","Молоко 2,5% Асеньевская ферма пастеризованное",База,119,119,0,1,119
260123-651-8300,2026-01-23,доставлен,20:36:00,20:49:00,"Москва, Ленинский проспект, 78к1",Вафельные рулетики Яшкино сгущёнка,Сладости,79,79,0,1,79
260123-651-8300,2026-01-23,доставлен,20:36:00,20:49:00,"Москва, Ленинский проспект, 78к1",Творог зернёный 4% домашний Карат,База,189,189,0,1,189
260123-651-8300,2026-01-23,доставлен,20:36:00,20:49:00,"Москва, Ленинский проспект, 78к1",Грейпфрут,Фрукты,229,229,0,1,229
260123-651-8300,2026-01-23,доставлен,20:36:00,20:49:00,"Москва, Ленинский проспект, 78к1",Доставка,Услуги Груши,0,0,0,1,0
260123-651-8300,2026-01-23,доставлен,20:36:00,20:49:00,"Москва, Ленинский проспект, 78к1",Упаковка,Услуги Груши,19,19,0,1,19
260124-112-6440,2026-01-24,доставлен,07:58:00,08:10:00,"Москва, Ленинский проспект, 78к1",Шпинат,Овощи,119,119,0,2,238
260124-112-6440,2026-01-24,доставлен,07:58:00,08:10:00,"Москва, Ленинский проспект, 78к1",Яйцо куриное СО Из Груши,База,179,179,0,1,179
260124-112-6440,2026-01-24,доставлен,07:58:00,08:10:00,"Москва, Ленинский проспект, 78к1",Попкорн Holy Corn морская соль,Снеки,209,209,0,1,209
260124-112-6440,2026-01-24,доставлен,07:58:00,08:10:00,"Москва, Ленинский проспект, 78к1",Голубика,Фрукты,449,449,0,1,449
260124-112-6440,2026-01-24,доставлен,07:58:00,08:10:00,"Москва, Ленинский проспект, 78к1",Руккола Из Груши,Овощи,139,139,0,1,139
260124-112-6440,2026-01-24,доставлен,07:58:00,08:10:00,"Москва, Ленинский проспект, 78к1",Доставка,Услуги Груши,0,0,0,1,0
260124-120-5010,2026-01-24,доставлен,09:24:00,09:49:00,"Москва, Ленинский проспект, 78к1",Вода Шишкин лес негазированная,Вода,69,59,10,1,59
260124-120-5010,2026-01-24,доставлен,09:24:00,09:49:00,"Москва, Ленинский проспект, 78к1",Яйцо куриное СО Из Груши,База,179,119,60,1,119
260124-120-5010,2026-01-24,доставлен,09:24:00,09:49:00,"Москва, Ленинский проспект, 78к1",Авокадо Хасс Puro Gusto Ready to eat,Овощи,69,69,0,1,69
260124-120-5010,2026-01-24,доставлен,09:24:00,09:49:00,"Москва, Ленинский проспект, 78к1",Доставка,Услуги Груши,0,0,0,1,0
260124-120-5010,2026-01-24,доставлен,09:24:00,09:49:00,"Москва, Ленинский проспект, 78к1",Упаковка,Услуги Груши,19,19,0,1,19
260124-388-0486,2026-01-24,доставлен,18:39:00,19:14:00,"Москва, Ленинский проспект, 78к1",Брокколи свежая,Овощи,229,229,0,2,458
260124-388-0486,2026-01-24,доставлен,18:39:00,19:14:00,"Москва, Ленинский проспект, 78к1",Филе куриное охлаждённое Из Груши,База,159,159,0,1,159
260124-388-0486,2026-01-24,доставлен,18:39:00,19:14:00,"Москва, Ленинский проспект, 78к1",Чипсы креветочные Nongshim острые,Снеки,229,229,0,1,229
260124-388-0486,2026-01-24,доставлен,18:39:00,19:14:00,"Москва, Ленинский проспект, 78к1",Пельмени с фермерской индейкой Из Груши,Готовая еда,899,899,0,1,899
260124-388-0486,2026-01-24,доставлен,18:39:00,19:14:00,"Москва, Ленинский проспект, 78к1",Вафли гречишные Nature’s own factory с молочным шоколадом,Сладости,169,169,0,1,169
260124-388-0486,2026-01-24,доставлен,18:39:00,19:14:00,"Москва, Ленинский проспект, 78к1",Вода минеральная Petroglyph негазированная,Вода,179,139,40,1,139
260124-388-0486,2026-01-24,доставлен,18:39:00,19:14:00,"Москва, Ленинский проспект, 78к1",Драже M&M's арахис-молочный шоколад,Сладости,549,549,0,1,549
260124-388-0486,2026-01-24,доставлен,18:39:00,19:14:00,"Москва, Ленинский проспект, 78к1",Доставка,Услуги Груши,99,99,0,1,99
260124-388-0486,2026-01-24,доставлен,18:39:00,19:14:00,"Москва, Ленинский проспект, 78к1",Упаковка,Услуги Груши,19,19,0,1,19
260125-926-0608,2026-01-25,доставлен,20:55:00,21:10:00,"Москва, Ленинский проспект, 78к1",Суп-пюре сырный с креветками Азбука вкуса,Готовая еда,299,299,0,1,299
260125-926-0608,2026-01-25,доставлен,20:55:00,21:10:00,"Москва, Ленинский проспект, 78к1",Грейпфрут,Фрукты,229,229,0,1,229
260125-926-0608,2026-01-25,доставлен,20:55:00,21:10:00,"Москва, Ленинский проспект, 78к1",Сливки 20% Простоквашино ультрапастеризованные,База,119,119,0,1,119
260125-926-0608,2026-01-25,доставлен,20:55:00,21:10:00,"Москва, Ленинский проспект, 78к1",Чипсы Pringles Original,Снеки,389,389,0,1,389
260125-926-0608,2026-01-25,доставлен,20:55:00,21:10:00,"Москва, Ленинский проспект, 78к1",Батончик Snickers лесной орех,Сладости,119,119,0,3,357
260125-926-0608,2026-01-25,доставлен,20:55:00,21:10:00,"Москва, Ленинский проспект, 78к1",Огурцы короткоплодные,Овощи,249,199,50,1,199
260125-926-0608,2026-01-25,доставлен,20:55:00,21:10:00,"Москва, Ленинский проспект, 78к1",Доставка,Услуги Груши,0,0,0,1,0
260125-926-0608,2026-01-25,доставлен,20:55:00,21:10:00,"Москва, Ленинский проспект, 78к1",Упаковка,Услуги Груши,19,19,0,1,19
260126-174-5491,2026-01-26,доставлен,07:24:00,07:32:00,"Москва, Ленинский проспект, 78к1",Батончик Бабаевский с помадно-сливочной начинкой,Сладости,139,139,0,1,139
260126-174-5491,2026-01-26,доставлен,07:24:00,07:32:00,"Москва, Ленинский проспект, 78к1",Апельсины,Фрукты,239,239,0,1,239
260126-174-5491,2026-01-26,доставлен,07:24:00,07:32:00,"Москва, Ленинский проспект, 78к1",Цукини,Овощи,89,89,0,1,89
260126-174-5491,2026-01-26,доставлен,07:24:00,07:32:00,"Москва, Ленинский проспект, 78к1",Витамин D3 2000 МЕ Solgar 60 капсул,Аптека,959,799,160,1,799
260126-174-5491,2026-01-26,доставлен,07:24:00,07:32:00,"Москва, Ленинский проспект, 78к1",Доставка,Услуги Груши,0,0,0,1,0
260126-174-5491,2026-01-26,доставлен,07:24:00,07:32:00,"Москва, Ленинский проспект, 78к1",Упаковка,Услуги Груши,19,19,0,1,19
260128-543-6756,2026-01-28,доставлен,09:11:00,09:31:00,"Москва, Ленинский проспект, 78к1",Сырок глазированный Из Груши со сгущёнкой в бельгийском шоколаде,Сладости,69,69,0,1,69
260128-543-6756,2026-01-28,доставлен,09:11:00,09:31:00,"Москва, Ленинский проспект, 78к1",Хурма Королёк,Фрукты,759,759,0,1,759
260128-543-6756,2026-01-28,доставлен,09:11:00,09:31:00,"Москва, Ленинский проспект, 78к1",Доставка,Услуги Груши,0,0,0,1,0
260128-543-6756,2026-01-28,доставлен,09:11:00,09:31:00,"Москва, Ленинский проспект, 78к1",Упаковка,Услуги Груши,19,19,0,1,19
260128-752-6032,2026-01-28,доставлен,09:15:00,09:34:00,"Москва, Ленинский проспект, 78к1","Напиток функциональный Actimuno гранат 1,5%",Напитки,49,49,0,1,49
260128-752-6032,2026-01-28,доставлен,09:15:00,09:34:00,"Москва, Ленинский проспект, 78к1",Торт Медовик Из Груши,Сладости,719,719,0,1,719
260128-752-6032,2026-01-28,доставлен,09:15:00,09:34:00,"Москва, Ленинский проспект, 78к1",Апельсины сладкие,Фрукты,239,239,0,1,239
260128-752-6032,2026-01-28,доставлен,09:15:00,09:34:00,"Москва, Ленинский проспект, 78к1",Блинчики с курицей и грибами Азбука Вкуса,Готовая еда,259,229,30,1,229
260128-752-6032,2026-01-28,доставлен,09:15:00,09:34:00,"Москва, Ленинский проспект, 78к1",Доставка,Услуги Груши,49,49,0,1,49
260128-788-0175,2026-01-28,доставлен,18:57:00,19:14:00,"Москва, Ленинский проспект, 78к1",Черешня Бычье сердце,Фрукты,1190,1190,0,1,1190
260128-788-0175,2026-01-28,доставлен,18:57:00,19:14:00,"Москва, Ленинский проспект, 78к1",Роллы Филадельфия Из Груши,Готовая еда,699,699,0,1,699
260128-788-0175,2026-01-28,доставлен,18:57:00,19:14:00,"Москва, Ленинский проспект, 78к1",Рулетик с корицей и изюмом Братья Караваевы,Сладости,409,409,0,1,409
260128-788-0175,2026-01-28,доставлен,18:57:00,19:14:00,"Москва, Ленинский проспект, 78к1",Пельмени с фермерской индейкой Из Груши,Готовая еда,899,899,0,1,899
260128-788-0175,2026-01-28,доставлен,18:57:00,19:14:00,"Москва, Ленинский проспект, 78к1",Помидоры коктейльные сливовидные на ветке,Овощи,179,179,0,2,358
260128-788-0175,2026-01-28,доставлен,18:57:00,19:14:00,"Москва, Ленинский проспект, 78к1",Доставка,Услуги Груши,0,0,0,1,0
260128-788-0175,2026-01-28,доставлен,18:57:00,19:14:00,"Москва, Ленинский проспект, 78к1",Упаковка,Услуги Груши,19,19,0,1,19
260129-809-0492,2026-01-29,доставлен,20:59:00,21:15:00,"Москва, Ленинский проспект, 78к1",Филе куриное запечённое с помидорами и сыром Азбука Вкуса,Готовая еда,349,349,0,1,349
260129-809-0492,2026-01-29,доставлен,20:59:00,21:15:00,"Москва, Ленинский проспект, 78к1",Нектар апельсиновый Rich,Напитки,379,379,0,1,379
260129-809-0492,2026-01-29,доставлен,20:59:00,21:15:00,"Москва, Ленинский проспект, 78к1",Йогурт греческий Lactica натуральный 4%,База,39,39,0,1,39
260129-809-0492,2026-01-29,доставлен,20:59:00,21:15:00,"Москва, Ленинский проспект, 78к1",Шоколад белый пористый Воздушный,Сладости,229,169,60,2,338
260129-809-0492,2026-01-29,доставлен,20:59:00,21:15:00,"Москва, Ленинский проспект, 78к1",Апельсины,Фрукты,239,239,0,1,239
260129-809-0492,2026-01-29,доставлен,20:59:00,21:15:00,"Москва, Ленинский проспект, 78к1",Помидоры сливовидные,Овощи,89,89,0,1,89
260129-809-0492,2026-01-29,доставлен,20:59:00,21:15:00,"Москва, Ленинский проспект, 78к1",Доставка,Услуги Груши,0,0,0,1,0
260129-809-0492,2026-01-29,доставлен,20:59:00,21:15:00,"Москва, Ленинский проспект, 78к1",Упаковка,Услуги Груши,19,19,0,1,19
260216-263-8483,2026-02-16,доставлен,07:58:00,08:13:00,"Москва, Ленинский проспект, 78к1","Масло сливочное 82,5% Вологодское Из Вологды",База,399,399,0,1,399
260216-263-8483,2026-02-16,доставлен,07:58:00,08:13:00,"Москва, Ленинский проспект, 78к1","Масло сливочное 72,5% Из Груши",База,179,179,0,1,179
260216-263-8483,2026-02-16,доставлен,07:58:00,08:13:00,"Москва, Ленинский проспект, 78к1",Витамин D3 2000 МЕ Solgar 60 капсул,Аптека,959,959,0,1,959
260216-263-8483,2026-02-16,доставлен,07:58:00,08:13:00,"Москва, Ленинский проспект, 78к1",Макароны Fettuccine Barilla Collezione,База,429,429,0,1,429
260216-263-8483,2026-02-16,доставлен,07:58:00,08:13:00,"Москва, Ленинский проспект, 78к1",Доставка,Услуги Груши,0,0,0,1,0
260216-263-8483,2026-02-16,доставлен,07:58:00,08:13:00,"Москва, Ленинский проспект, 78к1",Упаковка,Услуги Груши,19,19,0,1,19
260216-690-9887,2026-02-16,доставлен,10:10:00,10:21:00,"Москва, Ленинский проспект, 78к1","Кефир 3,2% Асеньевская ферма",База,119,119,0,1,119
260216-690-9887,2026-02-16,доставлен,10:10:00,10:21:00,"Москва, Ленинский проспект, 78к1",Вода Шишкин лес негазированная,Вода,69,59,10,3,177
260216-690-9887,2026-02-16,доставлен,10:10:00,10:21:00,"Москва, Ленинский проспект, 78к1",Яйцо куриное СО Из Груши,База,179,179,0,1,179
260216-690-9887,2026-02-16,доставлен,10:10:00,10:21:00,"Москва, Ленинский проспект, 78к1","Молоко 2,5% Асеньевская ферма пастеризованное",База,119,119,0,1,119
260216-690-9887,2026-02-16,доставлен,10:10:00,10:21:00,"Москва, Ленинский проспект, 78к1",Доставка,Услуги Груши,0,0,0,1,0
260216-690-9887,2026-02-16,доставлен,10:10:00,10:21:00,"Москва, Ленинский проспект, 78к1",Упаковка,Услуги Груши,19,19,0,1,19
260216-063-0300,2026-02-16,доставлен,22:11:00,22:24:00,"Москва, Ленинский проспект, 78к1",Помидоры черри Эко-культура круглые жёлтые на ветке,Овощи,219,219,0,2,438
260216-063-0300,2026-02-16,доставлен,22:11:00,22:24:00,"Москва, Ленинский проспект, 78к1",Апельсины сладкие,Фрукты,239,239,0,1,239
260216-063-0300,2026-02-16,доставлен,22:11:00,22:24:00,"Москва, Ленинский проспект, 78к1",Вода минеральная Petroglyph негазированная,Вода,179,179,0,1,179
260216-063-0300,2026-02-16,доставлен,22:11:00,22:24:00,"Москва, Ленинский проспект, 78к1",Сосиски Сливочные Клинский,База,399,399,0,1,399
260216-063-0300,2026-02-16,доставлен,22:11:00,22:24:00,"Москва, Ленинский проспект, 78к1",Грейпфрут дольки нарезанные Из Груши,Фрукты,129,129,0,3,387
260216-063-0300,2026-02-16,доставлен,22:11:00,22:24:00,"Москва, Ленинский проспект, 78к1",Яблоки Криппс Пинк Собрано в саду 4 шт.,Фрукты,119,119,0,1,119
260216-063-0300,2026-02-16,доставлен,22:11:00,22:24:00,"Москва, Ленинский проспект, 78к1",Яблоки Хонейкрисп (Медовый хруст),Фрукты,819,819,0,2,1638
260216-063-0300,2026-02-16,доставлен,22:11:00,22:24:00,"Москва, Ленинский проспект, 78к1",Доставка,Услуги Груши,0,0,0,1,0
260216-063-0300,2026-02-16,доставлен,22:11:00,22:24:00,"Москва, Ленинский проспект, 78к1",Упаковка,Услуги Груши,19,19,0,1,19
260217-714-8652,2026-02-17,доставлен,18:04:00,18:18:00,"Москва, Ленинский проспект, 78к1",Чипсы Московский картофель сметана и зелень рифлёные,Снеки,189,189,0,1,189
260217-714-8652,2026-02-17,доставлен,18:04:00,18:18:00,"Москва, Ленинский проспект, 78к1",Зиртек таблетки 10 мг 30 шт,Аптека,1290,929,361,1,929
260217-714-8652,2026-02-17,доставлен,18:04:00,18:18:00,"Москва, Ленинский проспект, 78к1",Бризоль куриная Азбука вкуса,Готовая еда,249,249,0,1,249
260217-714-8652,2026-02-17,доставлен,18:04:00,18:18:00,"Москва, Ленинский проспект, 78к1",Грейпфрут крупный,Фрукты,279,279,0,1,279
260217-714-8652,2026-02-17,доставлен,18:04:00,18:18:00,"Москва, Ленинский проспект, 78к1",Напиток газированный Кола Добрый,Напитки,139,139,0,1,139
260217-714-8652,2026-02-17,доставлен,18:04:00,18:18:00,"Москва, Ленинский проспект, 78к1",Огурцы колючие ТСХ,Овощи,89,89,0,1,89
260217-714-8652,2026-02-17,доставлен,18:04:00,18:18:00,"Москва, Ленинский проспект, 78к1",Доставка,Услуги Груши,0,0,0,1,0
260217-018-8457,2026-02-17,доставлен,20:50:00,21:14:00,"Москва, Ленинский проспект, 78к1","Напиток соевый Alpro Banana банановый 1,8%",Напитки,119,99,20,1,99
260217-018-8457,2026-02-17,доставлен,20:50:00,21:14:00,"Москва, Ленинский проспект, 78к1",Помидоры черри на ветке,Овощи,259,259,0,1,259
260217-018-8457,2026-02-17,доставлен,20:50:00,21:14:00,"Москва, Ленинский проспект, 78к1",Спелые бананы,Фрукты,429,429,0,2,858
260217-018-8457,2026-02-17,доставлен,20:50:00,21:14:00,"Москва, Ленинский проспект, 78к1",Чипсы Lay's Из печи Нежный сыр с зеленью,Снеки,139,139,0,1,139
260217-018-8457,2026-02-17,доставлен,20:50:00,21:14:00,"Москва, Ленинский проспект, 78к1",Доставка,Услуги Груши,0,0,0,1,0
260218-258-2479,2026-02-18,доставлен,18:06:00,18:24:00,"Москва, Ленинский проспект, 78к1",Яблоки Криппс Пинк Собрано в саду 4 шт.,Фрукты,119,119,0,1,119
260218-258-2479,2026-02-18,доставлен,18:06:00,18:24:00,"Москва, Ленинский проспект, 78к1",Доставка,Услуги Груши,0,0,0,1,0
260218-258-2479,2026-02-18,доставлен,18:06:00,18:24:00,"Москва, Ленинский проспект, 78к1",Упаковка,Услуги Груши,19,19,0,1,19
260218-067-1058,2026-02-18,доставлен,18:12:00,18:26:00,"Москва, Ленинский проспект, 78к1",Мандарины Абхазия,Фрукты,329,329,0,1,329
260218-067-1058,2026-02-18,доставлен,18:12:00,18:26:00,"Москва, Ленинский проспект, 78к1",Клубника,Фрукты,1290,1090,200,1,1090
260218-067-1058,2026-02-18,доставлен,18:12:00,18:26:00,"Москва, Ленинский проспект, 78к1",Брокколи свежая,Овощи,229,189,40,1,189
260218-067-1058,2026-02-18,доставлен,18:12:00,18:26:00,"Москва, Ленинский проспект, 78к1",Огурцы короткоплодные,Овощи,249,249,0,1,249
260218-067-1058,2026-02-18,доставлен,18:12:00,18:26:00,"Москва, Ленинский проспект, 78к1",Помидоры черри Эко-культура круглые жёлтые на ветке,Овощи,219,219,0,1,219
260218-067-1058,2026-02-18,доставлен,18:12:00,18:26:00,"Москва, Ленинский проспект, 78к1",Помидоры черри на ветке,Овощи,259,259,0,1,259
260218-067-1058,2026-02-18,доставлен,18:12:00,18:26:00,"Москва, Ленинский проспект, 78к1",Доставка,Услуги Груши,0,0,0,1,0
260218-067-1058,2026-02-18,доставлен,18:12:00,18:26:00,"Москва, Ленинский проспект, 78к1",Упаковка,Услуги Груши,19,19,0,1,19
260220-556-0213,2026-02-20,доставлен,21:08:00,21:22:00,"Москва, Ленинский проспект, 78к1",Манго спелое,Фрукты,1090,1090,0,1,1090
260220-556-0213,2026-02-20,доставлен,21:08:00,21:22:00,"Москва, Ленинский проспект, 78к1","Гранат, Азербайджан",Фрукты,239,239,0,1,239
260220-556-0213,2026-02-20,доставлен,21:08:00,21:22:00,"Москва, Ленинский проспект, 78к1",Батончик Snickers лесной орех,Сладости,119,119,0,1,119
260220-556-0213,2026-02-20,доставлен,21:08:00,21:22:00,"Москва, Ленинский проспект, 78к1",Доставка,Услуги Груши,0,0,0,1,0
260225-750-5298,2026-02-25,доставлен,17:46:00,17:59:00,"Москва, Ленинский проспект, 78к1","Молоко 2,5% Асеньевская ферма пастеризованное",База,119,119,0,1,119
260225-750-5298,2026-02-25,доставлен,17:46:00,17:59:00,"Москва, Ленинский проспект, 78к1",Огурцы короткоплодные,Овощи,249,249,0,1,249
260225-750-5298,2026-02-25,доставлен,17:46:00,17:59:00,"Москва, Ленинский проспект, 78к1",Батончик Бабаевский с шоколадной начинкой,Сладости,69,69,0,1,69
260225-750-5298,2026-02-25,доставлен,17:46:00,17:59:00,"Москва, Ленинский проспект, 78к1",Помидоры черри Ароматто Эко-культура сливовидные красные на ветке,Овощи,199,199,0,1,199
260225-750-5298,2026-02-25,доставлен,17:46:00,17:59:00,"Москва, Ленинский проспект, 78к1",Морковь мытая,Овощи,59,59,0,2,118
260225-750-5298,2026-02-25,доставлен,17:46:00,17:59:00,"Москва, Ленинский проспект, 78к1",Доставка,Услуги Груши,0,0,0,1,0
260226-262-0002,2026-02-26,доставлен,07:27:00,07:50:00,"Москва, Ленинский проспект, 78к1",Вода Шишкин лес негазированная,Вода,69,69,0,3,207
260226-262-0002,2026-02-26,доставлен,07:27:00,07:50:00,"Москва, Ленинский проспект, 78к1","Масло сливочное 72,5% Из Груши",База,179,119,60,2,238
260226-262-0002,2026-02-26,доставлен,07:27:00,07:50:00,"Москва, Ленинский проспект, 78к1",Шаурма с курицей Из Груши,Готовая еда,899,899,0,2,1798
260226-262-0002,2026-02-26,доставлен,07:27:00,07:50:00,"Москва, Ленинский проспект, 78к1",Творог 5% Из Груши,База,129,129,0,1,129
260226-262-0002,2026-02-26,доставлен,07:27:00,07:50:00,"Москва, Ленинский проспект, 78к1",Доставка,Услуги Груши,0,0,0,1,0
260226-262-0002,2026-02-26,доставлен,07:27:00,07:50:00,"Москва, Ленинский проспект, 78к1",Упаковка,Услуги Груши,19,19,0,1,19
260226-450-8512,2026-02-26,доставлен,18:37:00,18:53:00,"Москва, Ленинский проспект, 78к1",Сырок глазированный Из Груши ванильный в бельгийском шоколаде,Сладости,259,259,0,1,259
260226-450-8512,2026-02-26,доставлен,18:37:00,18:53:00,"Москва, Ленинский проспект, 78к1",Батончики шоколадные Twix Minis,Сладости,259,259,0,1,259
260226-450-8512,2026-02-26,доставлен,18:37:00,18:53:00,"Москва, Ленинский проспект, 78к1",Напиток газированный Кола Добрый,Напитки,139,139,0,1,139
260226-450-8512,2026-02-26,доставлен,18:37:00,18:53:00,"Москва, Ленинский проспект, 78к1",Помидоры черри красные Премиум Рост,Овощи,239,239,0,2,478
260226-450-8512,2026-02-26,доставлен,18:37:00,18:53:00,"Москва, Ленинский проспект, 78к1",Картошка Братья Караваевы,Сладости,389,389,0,1,389
260226-450-8512,2026-02-26,доставлен,18:37:00,18:53:00,"Москва, Ленинский проспект, 78к1",Доставка,Услуги Груши,49,49,0,1,49
260303-849-0384,2026-03-03,доставлен,07:50:00,08:09:00,"Москва, Ленинский проспект, 78к1","Масло сливочное 82,5% Вологодское Из Вологды",База,399,399,0,1,399
260303-849-0384,2026-03-03,доставлен,07:50:00,08:09:00,"Москва, Ленинский проспект, 78к1",Лук репчатый,Овощи,39,39,0,1,39
260303-849-0384,2026-03-03,доставлен,07:50:00,08:09:00,"Москва, Ленинский проспект, 78к1",Кабачки,Овощи,129,129,0,1,129
260303-849-0384,2026-03-03,доставлен,07:50:00,08:09:00,"Москва, Ленинский проспект, 78к1",Начос кукурузные Delicados,Снеки,279,239,40,1,239
260303-849-0384,2026-03-03,доставлен,07:50:00,08:09:00,"Москва, Ленинский проспект, 78к1",Парацетамол таблетки 500 мг 20 шт,Аптека,269,269,0,1,269
260303-849-0384,2026-03-03,доставлен,07:50:00,08:09:00,"Москва, Ленинский проспект, 78к1",Доставка,Услуги Груши,99,99,0,1,99
260303-849-0384,2026-03-03,доставлен,07:50:00,08:09:00,"Москва, Ленинский проспект, 78к1",Упаковка,Услуги Груши,19,19,0,1,19
260303-929-8591,2026-03-03,доставлен,08:32:00,08:45:00,"Москва, Ленинский проспект, 78к1","Кефир 3,2% Асеньевская ферма",База,119,99,20,1,99
260303-929-8591,2026-03-03,доставлен,08:32:00,08:45:00,"Москва, Ленинский проспект, 78к1",Яйцо куриное СО Из Груши,База,179,179,0,1,179
260303-929-8591,2026-03-03,доставлен,08:32:00,08:45:00,"Москва, Ленинский проспект, 78к1",Доставка,Услуги Груши,0,0,0,1,0
260305-969-1553,2026-03-05,доставлен,09:07:00,09:24:00,"Москва, Ленинский проспект, 78к1",Помидоры сладкие Бархатный мёд,Овощи,2190,2190,0,1,2190
260305-969-1553,2026-03-05,доставлен,09:07:00,09:24:00,"Москва, Ленинский проспект, 78к1",Груша Конференция,Фрукты,439,439,0,1,439
260305-969-1553,2026-03-05,доставлен,09:07:00,09:24:00,"Москва, Ленинский проспект, 78к1",Батончик Бабаевский с шоколадной начинкой,Сладости,69,69,0,1,69
260305-969-1553,2026-03-05,доставлен,09:07:00,09:24:00,"Москва, Ленинский проспект, 78к1",Мюсли запечённые ореховые Из Груши с изюмом,База,109,109,0,1,109
260305-969-1553,2026-03-05,доставлен,09:07:00,09:24:00,"Москва, Ленинский проспект, 78к1",Блинчики с творогом Азбука Вкуса,Готовая еда,169,119,50,1,119
260305-969-1553,2026-03-05,доставлен,09:07:00,09:24:00,"Москва, Ленинский проспект, 78к1",Доставка,Услуги Груши,0,0,0,1,0
260305-969-1553,2026-03-05,доставлен,09:07:00,09:24:00,"Москва, Ленинский проспект, 78к1",Упаковка,Услуги Груши,19,19,0,1,19
260307-031-2536,2026-03-07,доставлен,10:13:00,11:00:00,"Москва, Ленинский проспект, 78к1","Молоко 2,5% Асеньевская ферма пастеризованное",База,119,119,0,1,119
260307-031-2536,2026-03-07,доставлен,10:13:00,11:00:00,"Москва, Ленинский проспект, 78к1",Напиток соевый Alpro банановый,Напитки,459,459,0,1,459
260307-031-2536,2026-03-07,доставлен,10:13:00,11:00:00,"Москва, Ленинский проспект, 78к1",Помидоры черри на ветке,Овощи,259,259,0,1,259
260307-031-2536,2026-03-07,доставлен,10:13:00,11:00:00,"Москва, Ленинский проспект, 78к1",Спелые бананы,Фрукты,429,429,0,1,429
260307-031-2536,2026-03-07,доставлен,10:13:00,11:00:00,"Москва, Ленинский проспект, 78к1",Мандарины мини,Фрукты,249,249,0,1,249
260307-031-2536,2026-03-07,доставлен,10:13:00,11:00:00,"Москва, Ленинский проспект, 78к1",Доставка,Услуги Груши,0,0,0,1,0
260307-031-2536,2026-03-07,доставлен,10:13:00,11:00:00,"Москва, Ленинский проспект, 78к1",Упаковка,Услуги Груши,19,19,0,1,19
260308-913-2625,2026-03-08,доставлен,07:00:00,07:13:00,"Москва, Ленинский проспект, 78к1",Вода Шишкин лес негазированная,Вода,69,69,0,1,69
260308-913-2625,2026-03-08,доставлен,07:00:00,07:13:00,"Москва, Ленинский проспект, 78к1","Масло сливочное 72,5% Из Груши",База,179,139,40,1,139
260308-913-2625,2026-03-08,доставлен,07:00:00,07:13:00,"Москва, Ленинский проспект, 78к1",Сэндвич на круассане с лососем и муссом из шпината Из Груши,Готовая еда,319,259,60,1,259
260308-913-2625,2026-03-08,доставлен,07:00:00,07:13:00,"Москва, Ленинский проспект, 78к1",Вода минеральная Donat Mg газированная,Вода,949,949,0,1,949
260308-913-2625,2026-03-08,доставлен,07:00:00,07:13:00,"Москва, Ленинский проспект, 78к1",Яйцо куриное СО Из Груши,База,179,179,0,1,179
260308-913-2625,2026-03-08,доставлен,07:00:00,07:13:00,"Москва, Ленинский проспект, 78к1",Доставка,Услуги Груши,0,0,0,1,0
260308-913-2625,2026-03-08,доставлен,07:00:00,07:13:00,"Москва, Ленинский проспект, 78к1",Упаковка,Услуги Груши,19,19,0,1,19
260311-888-1955,2026-03-11,доставлен,20:10:00,20:24:00,"Москва, Ленинский проспект, 78к1","Помидоры розовые Бычье сердце, Азербайджан",Овощи,159,159,0,2,318
260311-888-1955,2026-03-11,доставлен,20:10:00,20:24:00,"Москва, Ленинский проспект, 78к1",Пицца Маргарита Из Груши,Готовая еда,899,899,0,1,899
260311-888-1955,2026-03-11,доставлен,20:10:00,20:24:00,"Москва, Ленинский проспект, 78к1",Паста Карбонара Азбука Вкуса,Готовая еда,659,659,0,1,659
260311-888-1955,2026-03-11,доставлен,20:10:00,20:24:00,"Москва, Ленинский проспект, 78к1",Шницель из курицы со спагетти и кетчупом Из Груши,Готовая еда,359,359,0,1,359
260311-888-1955,2026-03-11,доставлен,20:10:00,20:24:00,"Москва, Ленинский проспект, 78к1",Лапша быстрого приготовления Доширак курица,Готовая еда,209,209,0,2,418
260311-888-1955,2026-03-11,доставлен,20:10:00,20:24:00,"Москва, Ленинский проспект, 78к1",Доставка,Услуги Груши,0,0,0,1,0
260315-875-2475,2026-03-15,доставлен,08:02:00,08:21:00,"Москва, Ленинский проспект, 78к1","Масло сливочное 82,5% Вологодское Из Вологды",База,399,399,0,1,399
260315-875-2475,2026-03-15,доставлен,08:02:00,08:21:00,"Москва, Ленинский проспект, 78к1",Помидоры черри Эко-культура круглые красные,Овощи,869,869,0,1,869
260315-875-2475,2026-03-15,доставлен,08:02:00,08:21:00,"Москва, Ленинский проспект, 78к1",Картофель молодой мытый,Овощи,79,79,0,2,158
260315-875-2475,2026-03-15,доставлен,08:02:00,08:21:00,"Москва, Ленинский проспект, 78к1",Голубцы мясные тушеные в томатно-сливочном соусе Азбука Вкуса,Готовая еда,629,629,0,1,629
260315-875-2475,2026-03-15,доставлен,08:02:00,08:21:00,"Москва, Ленинский проспект, 78к1",Доставка,Услуги Груши,0,0,0,1,0
260318-698-8326,2026-03-18,доставлен,09:17:00,09:33:00,"Москва, Ленинский проспект, 78к1","Кефир 3,2% Асеньевская ферма",База,119,119,0,1,119
260318-698-8326,2026-03-18,доставлен,09:17:00,09:33:00,"Москва, Ленинский проспект, 78к1",Вода Шишкин лес негазированная,Вода,69,69,0,1,69
260318-698-8326,2026-03-18,доставлен,09:17:00,09:33:00,"Москва, Ленинский проспект, 78к1",Яйцо куриное СО Из Груши,База,179,179,0,1,179
260318-698-8326,2026-03-18,доставлен,09:17:00,09:33:00,"Москва, Ленинский проспект, 78к1","Молоко 2,5% Асеньевская ферма пастеризованное",База,119,119,0,1,119
260318-698-8326,2026-03-18,доставлен,09:17:00,09:33:00,"Москва, Ленинский проспект, 78к1",Доставка,Услуги Груши,0,0,0,1,0
260319-668-1897,2026-03-19,доставлен,19:28:00,19:38:00,"Москва, Ленинский проспект, 78к1","Масло сливочное 72,5% Из Груши",База,179,179,0,1,179
260319-668-1897,2026-03-19,доставлен,19:28:00,19:38:00,"Москва, Ленинский проспект, 78к1",Мандарины Абхазия,Фрукты,329,329,0,1,329
260319-668-1897,2026-03-19,доставлен,19:28:00,19:38:00,"Москва, Ленинский проспект, 78к1",Витамин D3 2000 МЕ Solgar 60 капсул,Аптека,959,959,0,1,959
260319-668-1897,2026-03-19,доставлен,19:28:00,19:38:00,"Москва, Ленинский проспект, 78к1",Батончик шоколадный Mars Max,Сладости,119,119,0,1,119
260319-668-1897,2026-03-19,доставлен,19:28:00,19:38:00,"Москва, Ленинский проспект, 78к1",Спелые бананы,Фрукты,429,429,0,1,429
260319-668-1897,2026-03-19,доставлен,19:28:00,19:38:00,"Москва, Ленинский проспект, 78к1",Авокадо Хасс,Овощи,749,749,0,1,749
260319-668-1897,2026-03-19,доставлен,19:28:00,19:38:00,"Москва, Ленинский проспект, 78к1",Помидоры Черри на ветке Сладкая ягода,Овощи,199,199,0,1,199
260319-668-1897,2026-03-19,доставлен,19:28:00,19:38:00,"Москва, Ленинский проспект, 78к1",Доставка,Услуги Груши,0,0,0,1,0
260320-941-1382,2026-03-20,доставлен,09:16:00,09:29:00,"Москва, Ленинский проспект, 78к1",Мороженое эскимо Магнат,Сладости,229,229,0,1,229
260320-941-1382,2026-03-20,доставлен,09:16:00,09:29:00,"Москва, Ленинский проспект, 78к1",Помидоры черри на ветке,Овощи,259,259,0,1,259
260320-941-1382,2026-03-20,доставлен,09:16:00,09:29:00,"Москва, Ленинский проспект, 78к1",Доставка,Услуги Груши,79,79,0,1,79
260323-625-8746,2026-03-23,доставлен,10:00:00,10:17:00,"Москва, Ленинский проспект, 78к1",Рис Басмати отварной Азбука Вкуса,Готовая еда,229,189,40,1,189
260323-625-8746,2026-03-23,доставлен,10:00:00,10:17:00,"Москва, Ленинский проспект, 78к1",Суп том-ям с креветками Азбука Вкуса,Готовая еда,389,389,0,1,389
260323-625-8746,2026-03-23,доставлен,10:00:00,10:17:00,"Москва, Ленинский проспект, 78к1",Туалетная бумага Zewa Плюс белая 2 слоя,Товары для дома,149,149,0,1,149
260323-625-8746,2026-03-23,доставлен,10:00:00,10:17:00,"Москва, Ленинский проспект, 78к1",Манго Артфрут,Фрукты,139,139,0,1,139
260323-625-8746,2026-03-23,доставлен,10:00:00,10:17:00,"Москва, Ленинский проспект, 78к1",Доставка,Услуги Груши,0,0,0,1,0
260323-625-8746,2026-03-23,доставлен,10:00:00,10:17:00,"Москва, Ленинский проспект, 78к1",Упаковка,Услуги Груши,19,19,0,1,19
260325-618-7166,2026-03-25,доставлен,10:51:00,11:02:00,"Москва, Ленинский проспект, 78к1",Сэндвич-ролл с креветками в соусе Том-ям Нияма,Готовая еда,279,279,0,2,558
260325-618-7166,2026-03-25,доставлен,10:51:00,11:02:00,"Москва, Ленинский проспект, 78к1",Шарики сырные с моцареллой Азбука Вкуса,Готовая еда,359,359,0,2,718
260325-618-7166,2026-03-25,доставлен,10:51:00,11:02:00,"Москва, Ленинский проспект, 78к1",Печенье Хворост Из Груши медовый,Сладости,269,269,0,1,269
260325-618-7166,2026-03-25,доставлен,10:51:00,11:02:00,"Москва, Ленинский проспект, 78к1",Помидоры черри на ветке,Овощи,259,259,0,1,259
260325-618-7166,2026-03-25,доставлен,10:51:00,11:02:00,"Москва, Ленинский проспект, 78к1",Доставка,Услуги Груши,149,149,0,1,149
260326-780-7801,2026-03-26,доставлен,08:19:00,08:47:00,"Москва, Ленинский проспект, 78к1","Масло сливочное 82,5% Вологодское Из Вологды",База,399,399,0,1,399
260326-780-7801,2026-03-26,доставлен,08:19:00,08:47:00,"Москва, Ленинский проспект, 78к1",Хумус классический Из Груши,База,189,189,0,1,189
260326-780-7801,2026-03-26,доставлен,08:19:00,08:47:00,"Москва, Ленинский проспект, 78к1",Лук репчатый,Овощи,39,39,0,1,39
260326-780-7801,2026-03-26,доставлен,08:19:00,08:47:00,"Москва, Ленинский проспект, 78к1",Доставка,Услуги Груши,0,0,0,1,0
260328-122-6914,2026-03-28,отменен,11:20:00,,"Москва, Ленинский проспект, 78к1",Вода Шишкин лес негазированная,Вода,69,69,0,2,138
260328-122-6914,2026-03-28,отменен,11:20:00,,"Москва, Ленинский проспект, 78к1","Молоко 2,5% Асеньевская ферма пастеризованное",База,119,119,0,1,119
260328-122-6914,2026-03-28,отменен,11:20:00,,"Москва, Ленинский проспект, 78к1",Помидоры черри на ветке,Овощи,259,259,0,2,518
260328-122-6914,2026-03-28,отменен,11:20:00,,"Москва, Ленинский проспект, 78к1",Напиток газированный Кола Добрый,Напитки,139,139,0,1,139
260328-122-6914,2026-03-28,отменен,11:20:00,,"Москва, Ленинский проспект, 78к1",Домашний сыр в шпинатном соусе с рисом басмати Палак Панир Chindi Kitchen,Готовая еда,409,329,80,1,329
260328-122-6914,2026-03-28,отменен,11:20:00,,"Москва, Ленинский проспект, 78к1",Сосиска в тесте Cook Chart Bakery,Готовая еда,159,159,0,1,159
260328-122-6914,2026-03-28,отменен,11:20:00,,"Москва, Ленинский проспект, 78к1",Вафельная трубочка со сгущёнкой Братья Караваевы,Сладости,569,569,0,1,569
260328-122-6914,2026-03-28,отменен,11:20:00,,"Москва, Ленинский проспект, 78к1",Яблоки Хонейкрисп (Медовый хруст),Фрукты,819,819,0,1,819
260328-122-6914,2026-03-28,отменен,11:20:00,,"Москва, Ленинский проспект, 78к1",Доставка,Услуги Груши,0,0,0,1,0
260330-531-5387,2026-03-30,доставлен,09:47:00,10:07:00,"Москва, Ленинский проспект, 78к1","Масло сливочное 72,5% Из Груши",База,179,179,0,1,179
260330-531-5387,2026-03-30,доставлен,09:47:00,10:07:00,"Москва, Ленинский проспект, 78к1",Помидоры черри Эко-культура круглые красные на ветке,Овощи,1190,1190,0,2,2380
260330-531-5387,2026-03-30,доставлен,09:47:00,10:07:00,"Москва, Ленинский проспект, 78к1",Печенье Творожные ушки Братья Караваевы,Сладости,749,749,0,1,749
260330-531-5387,2026-03-30,доставлен,09:47:00,10:07:00,"Москва, Ленинский проспект, 78к1",Мармелад жевательный Haribo Goldbaren,Сладости,539,539,0,1,539
260330-531-5387,2026-03-30,доставлен,09:47:00,10:07:00,"Москва, Ленинский проспект, 78к1",Брокколи свежая,Овощи,229,229,0,1,229
260330-531-5387,2026-03-30,доставлен,09:47:00,10:07:00,"Москва, Ленинский проспект, 78к1",Лимон,Фрукты,29,29,0,1,29
260330-531-5387,2026-03-30,доставлен,09:47:00,10:07:00,"Москва, Ленинский проспект, 78к1",Таблетки для посудомоечных машин Synergetic,Товары для дома,329,329,0,1,329
260330-531-5387,2026-03-30,доставлен,09:47:00,10:07:00,"Москва, Ленинский проспект, 78к1",Доставка,Услуги Груши,0,0,0,1,0
260406-631-2406,2026-04-06,доставлен,07:51:00,08:04:00,"Москва, Ленинский проспект, 78к1",Помидоры черри на ветке,Овощи,259,259,0,1,259
260406-631-2406,2026-04-06,доставлен,07:51:00,08:04:00,"Москва, Ленинский проспект, 78к1",Голубика Артфрут,Фрукты,279,279,0,1,279
260406-631-2406,2026-04-06,доставлен,07:51:00,08:04:00,"Москва, Ленинский проспект, 78к1",Виноград кишмиш белый,Фрукты,209,169,40,1,169
260406-631-2406,2026-04-06,доставлен,07:51:00,08:04:00,"Москва, Ленинский проспект, 78к1",Кофе холодный латте Из Груши,Напитки,229,229,0,1,229
260406-631-2406,2026-04-06,доставлен,07:51:00,08:04:00,"Москва, Ленинский проспект, 78к1",Сэндвич с мортаделлой и трюфельным соусом Из Груши,Готовая еда,269,269,0,1,269
260406-631-2406,2026-04-06,доставлен,07:51:00,08:04:00,"Москва, Ленинский проспект, 78к1",Вода Архыз Vita негазированная,Вода,79,79,0,1,79
260406-631-2406,2026-04-06,доставлен,07:51:00,08:04:00,"Москва, Ленинский проспект, 78к1",Вода минеральная Рычал-Су,Вода,339,339,0,4,1356
260406-631-2406,2026-04-06,доставлен,07:51:00,08:04:00,"Москва, Ленинский проспект, 78к1",Рис Басмати отварной Азбука Вкуса,Готовая еда,229,229,0,1,229
260406-631-2406,2026-04-06,доставлен,07:51:00,08:04:00,"Москва, Ленинский проспект, 78к1",Сухари Семейка Озби в сахаре с изюмом,Снеки,439,439,0,1,439
260406-631-2406,2026-04-06,доставлен,07:51:00,08:04:00,"Москва, Ленинский проспект, 78к1",Яблоки Голден,Фрукты,609,479,130,1,479
260406-631-2406,2026-04-06,доставлен,07:51:00,08:04:00,"Москва, Ленинский проспект, 78к1",Доставка,Услуги Груши,0,0,0,1,0
260406-631-2406,2026-04-06,доставлен,07:51:00,08:04:00,"Москва, Ленинский проспект, 78к1",Упаковка,Услуги Груши,19,19,0,1,19
260406-344-5105,2026-04-06,доставлен,18:48:00,19:04:00,"Москва, Ленинский проспект, 78к1","Кефир 3,2% Асеньевская ферма",База,119,119,0,2,238
260406-344-5105,2026-04-06,доставлен,18:48:00,19:04:00,"Москва, Ленинский проспект, 78к1",Яйцо куриное СО Из Груши,База,179,179,0,2,358
260406-344-5105,2026-04-06,доставлен,18:48:00,19:04:00,"Москва, Ленинский проспект, 78к1","Молоко 2,5% Асеньевская ферма пастеризованное",База,119,119,0,1,119
260406-344-5105,2026-04-06,доставлен,18:48:00,19:04:00,"Москва, Ленинский проспект, 78к1","Масло сливочное 82,5% Вологодское Из Вологды",База,399,399,0,1,399
260406-344-5105,2026-04-06,доставлен,18:48:00,19:04:00,"Москва, Ленинский проспект, 78к1",Доставка,Услуги Груши,0,0,0,1,0
260407-865-7083,2026-04-07,доставлен,07:54:00,08:17:00,"Москва, Ленинский проспект, 78к1",Вода Шишкин лес негазированная,Вода,69,69,0,1,69
260407-865-7083,2026-04-07,доставлен,07:54:00,08:17:00,"Москва, Ленинский проспект, 78к1",Суп-пюре сырный с креветками Азбука вкуса,Готовая еда,299,299,0,1,299
260407-865-7083,2026-04-07,доставлен,07:54:00,08:17:00,"Москва, Ленинский проспект, 78к1",Помидоры Черри на ветке Сладкая ягода,Овощи,199,199,0,1,199
260407-865-7083,2026-04-07,доставлен,07:54:00,08:17:00,"Москва, Ленинский проспект, 78к1",Батончик Бабаевский с шоколадной начинкой,Сладости,69,69,0,1,69
260407-865-7083,2026-04-07,доставлен,07:54:00,08:17:00,"Москва, Ленинский проспект, 78к1",Доставка,Услуги Груши,0,0,0,1,0
260410-834-6818,2026-04-10,доставлен,09:36:00,09:56:00,"Москва, Ленинский проспект, 78к1","Масло сливочное 72,5% Из Груши",База,179,179,0,1,179
260410-834-6818,2026-04-10,доставлен,09:36:00,09:56:00,"Москва, Ленинский проспект, 78к1",Лапша рисовая с креветками и овощами Азбука life,Готовая еда,779,779,0,1,779
260410-834-6818,2026-04-10,доставлен,09:36:00,09:56:00,"Москва, Ленинский проспект, 78к1",Салфетки влажные детские Pampers Sensitive,Товары для дома,229,169,60,1,169
260410-834-6818,2026-04-10,доставлен,09:36:00,09:56:00,"Москва, Ленинский проспект, 78к1",Доставка,Услуги Груши,49,49,0,1,49
260414-649-5731,2026-04-14,доставлен,18:07:00,18:22:00,"Москва, Ленинский проспект, 78к1",Чипсы Pringles Paprika с паприкой,Снеки,219,219,0,1,219
260414-649-5731,2026-04-14,доставлен,18:07:00,18:22:00,"Москва, Ленинский проспект, 78к1",Салфетки влажные детские Pampers Sensitive,Товары для дома,229,229,0,1,229
260414-649-5731,2026-04-14,доставлен,18:07:00,18:22:00,"Москва, Ленинский проспект, 78к1",Кондиционер для белья детский Synergetic Нежное прикосновение,Товары для дома,559,559,0,1,559
260414-649-5731,2026-04-14,доставлен,18:07:00,18:22:00,"Москва, Ленинский проспект, 78к1","Фруктовый микс манго, голубика",Фрукты,1090,1090,0,3,3270
260414-649-5731,2026-04-14,доставлен,18:07:00,18:22:00,"Москва, Ленинский проспект, 78к1",Виноград кишмиш белый,Фрукты,209,209,0,1,209
260414-649-5731,2026-04-14,доставлен,18:07:00,18:22:00,"Москва, Ленинский проспект, 78к1",Семечки жареные отборные От Мартина,Снеки,159,159,0,1,159
260414-649-5731,2026-04-14,доставлен,18:07:00,18:22:00,"Москва, Ленинский проспект, 78к1",Филе куриное запечённое с помидорами и сыром Азбука Вкуса,Готовая еда,349,349,0,1,349
260414-649-5731,2026-04-14,доставлен,18:07:00,18:22:00,"Москва, Ленинский проспект, 78к1",Пастила яблочная Белёвская,Сладости,990,990,0,1,990
260414-649-5731,2026-04-14,доставлен,18:07:00,18:22:00,"Москва, Ленинский проспект, 78к1",Доставка,Услуги Груши,0,0,0,1,0
260414-649-5731,2026-04-14,доставлен,18:07:00,18:22:00,"Москва, Ленинский проспект, 78к1",Упаковка,Услуги Груши,19,19,0,1,19
260416-444-8497,2026-04-16,доставлен,17:09:00,17:25:00,"Москва, Ленинский проспект, 78к1","Молоко 2,5% Асеньевская ферма пастеризованное",База,119,119,0,2,238
260416-444-8497,2026-04-16,доставлен,17:09:00,17:25:00,"Москва, Ленинский проспект, 78к1",Булка бездрожжевая со злаками,База,149,149,0,1,149
260416-444-8497,2026-04-16,доставлен,17:09:00,17:25:00,"Москва, Ленинский проспект, 78к1",Семечки жареные отборные От Мартина,Снеки,159,159,0,1,159
260416-444-8497,2026-04-16,доставлен,17:09:00,17:25:00,"Москва, Ленинский проспект, 78к1",Фарш говяжий Из Груши,База,219,219,0,1,219
260416-444-8497,2026-04-16,доставлен,17:09:00,17:25:00,"Москва, Ленинский проспект, 78к1","Напиток функциональный Actimuno гранат 1,5%",Напитки,49,49,0,1,49
260416-444-8497,2026-04-16,доставлен,17:09:00,17:25:00,"Москва, Ленинский проспект, 78к1",Пирожное паштел де ната Хлеб Насущный,Сладости,139,139,0,1,139
260416-444-8497,2026-04-16,доставлен,17:09:00,17:25:00,"Москва, Ленинский проспект, 78к1",Доставка,Услуги Груши,49,49,0,1,49
260420-949-2122,2026-04-20,доставлен,18:09:00,18:51:00,"Москва, Ленинский проспект, 78к1","Кефир 3,2% Асеньевская ферма",База,119,119,0,1,119
260420-949-2122,2026-04-20,доставлен,18:09:00,18:51:00,"Москва, Ленинский проспект, 78к1",Вода Шишкин лес негазированная,Вода,69,49,20,2,98
260420-949-2122,2026-04-20,доставлен,18:09:00,18:51:00,"Москва, Ленинский проспект, 78к1",Яйцо куриное СО Из Груши,База,179,179,0,1,179
260420-949-2122,2026-04-20,доставлен,18:09:00,18:51:00,"Москва, Ленинский проспект, 78к1","Масло сливочное 82,5% Вологодское Из Вологды",База,399,399,0,1,399
260420-949-2122,2026-04-20,доставлен,18:09:00,18:51:00,"Москва, Ленинский проспект, 78к1",Доставка,Услуги Груши,119,119,0,1,119
260423-822-2920,2026-04-23,доставлен,09:00:00,09:24:00,"Москва, Ленинский проспект, 78к1","Масло сливочное 72,5% Из Груши",База,179,179,0,1,179
260423-822-2920,2026-04-23,доставлен,09:00:00,09:24:00,"Москва, Ленинский проспект, 78к1","Напиток функциональный Actimuno клубника 1,5%",Напитки,69,69,0,1,69
260423-822-2920,2026-04-23,доставлен,09:00:00,09:24:00,"Москва, Ленинский проспект, 78к1",Крекеры Tuc сыр,Снеки,139,139,0,2,278
260423-822-2920,2026-04-23,доставлен,09:00:00,09:24:00,"Москва, Ленинский проспект, 78к1",Манго спелое,Фрукты,1090,1090,0,1,1090
260423-822-2920,2026-04-23,доставлен,09:00:00,09:24:00,"Москва, Ленинский проспект, 78к1",Доставка,Услуги Груши,0,0,0,1,0
260424-645-7270,2026-04-24,доставлен,18:12:00,18:42:00,"Москва, Ленинский проспект, 78к1","Гранат, Азербайджан",Фрукты,239,239,0,1,239
260424-645-7270,2026-04-24,доставлен,18:12:00,18:42:00,"Москва, Ленинский проспект, 78к1","Напиток соевый Alpro Banana банановый 1,8%",Напитки,119,119,0,1,119
260424-645-7270,2026-04-24,доставлен,18:12:00,18:42:00,"Москва, Ленинский проспект, 78к1",Куриная отбивная в кляре с картофельным пюре по-домашнему,Готовая еда,699,699,0,1,699
260424-645-7270,2026-04-24,доставлен,18:12:00,18:42:00,"Москва, Ленинский проспект, 78к1",Огурцы Корнишон,Овощи,449,449,0,1,449
260424-645-7270,2026-04-24,доставлен,18:12:00,18:42:00,"Москва, Ленинский проспект, 78к1",Сыр Ламбер 50%,База,349,349,0,1,349
260424-645-7270,2026-04-24,доставлен,18:12:00,18:42:00,"Москва, Ленинский проспект, 78к1",Доставка,Услуги Груши,0,0,0,1,0
260425-571-5436,2026-04-25,доставлен,21:10:00,21:30:00,"Москва, Ленинский проспект, 78к1","Молоко 2,5% Асеньевская ферма пастеризованное",База,119,119,0,1,119
260425-571-5436,2026-04-25,доставлен,21:10:00,21:30:00,"Москва, Ленинский проспект, 78к1",Виноград кишмиш белый,Фрукты,209,159,50,2,318
260425-571-5436,2026-04-25,доставлен,21:10:00,21:30:00,"Москва, Ленинский проспект, 78к1","Гранат, Азербайджан",Фрукты,239,239,0,1,239
260425-571-5436,2026-04-25,доставлен,21:10:00,21:30:00,"Москва, Ленинский проспект, 78к1",Вода минеральная лечебно-столовая Borjomi газированная,Вода,239,239,0,4,956
260425-571-5436,2026-04-25,доставлен,21:10:00,21:30:00,"Москва, Ленинский проспект, 78к1",Чипсы Pringles паприка,Снеки,369,369,0,1,369
260425-571-5436,2026-04-25,доставлен,21:10:00,21:30:00,"Москва, Ленинский проспект, 78к1","Напиток функциональный Actimuno гранат 1,5%",Напитки,49,49,0,1,49
260425-571-5436,2026-04-25,доставлен,21:10:00,21:30:00,"Москва, Ленинский проспект, 78к1",Шницель из курицы со спагетти и кетчупом Из Груши,Готовая еда,359,359,0,1,359
260425-571-5436,2026-04-25,доставлен,21:10:00,21:30:00,"Москва, Ленинский проспект, 78к1","Масло сливочное 82,5% Из Груши",База,169,169,0,1,169
260425-571-5436,2026-04-25,доставлен,21:10:00,21:30:00,"Москва, Ленинский проспект, 78к1",Картофель молодой мытый,Овощи,79,79,0,1,79
260425-571-5436,2026-04-25,доставлен,21:10:00,21:30:00,"Москва, Ленинский проспект, 78к1",Вода минеральная Нарзан газированная,Вода,379,379,0,1,379
260425-571-5436,2026-04-25,доставлен,21:10:00,21:30:00,"Москва, Ленинский проспект, 78к1",Доставка,Услуги Груши,0,0,0,1,0
260501-187-7185,2026-05-01,доставлен,20:05:00,20:14:00,"Московская область, Одинцовский городской округ, СНТ Полянка, 14",Средство для мытья посуды Fairy лимон,Товары для дома,279,279,0,1,279
260501-187-7185,2026-05-01,доставлен,20:05:00,20:14:00,"Московская область, Одинцовский городской округ, СНТ Полянка, 14","Напиток овсяный Nemoloko 3,2% классический",Напитки,179,179,0,2,358
260501-187-7185,2026-05-01,доставлен,20:05:00,20:14:00,"Московская область, Одинцовский городской округ, СНТ Полянка, 14",Доставка,Услуги Груши,0,0,0,1,0
260501-096-8084,2026-05-01,доставлен,21:58:00,22:22:00,"Московская область, Одинцовский городской округ, СНТ Полянка, 14",Вода Шишкин лес негазированная,Вода,69,69,0,1,69
260501-096-8084,2026-05-01,доставлен,21:58:00,22:22:00,"Московская область, Одинцовский городской округ, СНТ Полянка, 14","Масло сливочное 82,5% Вологодское Из Вологды",База,399,399,0,1,399
260501-096-8084,2026-05-01,доставлен,21:58:00,22:22:00,"Московская область, Одинцовский городской округ, СНТ Полянка, 14",Икра деликатесная Санта Бремор с копчёным лососем,Готовая еда,219,219,0,1,219
260501-096-8084,2026-05-01,доставлен,21:58:00,22:22:00,"Московская область, Одинцовский городской округ, СНТ Полянка, 14",Помидоры черри Ароматто Эко-культура сливовидные красные на ветке,Овощи,199,199,0,1,199
260501-096-8084,2026-05-01,доставлен,21:58:00,22:22:00,"Московская область, Одинцовский городской округ, СНТ Полянка, 14",Доставка,Услуги Груши,0,0,0,1,0
260505-087-8619,2026-05-05,доставлен,10:02:00,10:14:00,"Московская область, Одинцовский городской округ, СНТ Полянка, 14","Кефир 3,2% Асеньевская ферма",База,119,119,0,1,119
260505-087-8619,2026-05-05,доставлен,10:02:00,10:14:00,"Московская область, Одинцовский городской округ, СНТ Полянка, 14",Яйцо куриное СО Из Груши,База,179,179,0,1,179
260505-087-8619,2026-05-05,доставлен,10:02:00,10:14:00,"Московская область, Одинцовский городской округ, СНТ Полянка, 14","Молоко 2,5% Асеньевская ферма пастеризованное",База,119,119,0,1,119
260505-087-8619,2026-05-05,доставлен,10:02:00,10:14:00,"Московская область, Одинцовский городской округ, СНТ Полянка, 14","Масло сливочное 72,5% Из Груши",База,179,129,50,2,258
260505-087-8619,2026-05-05,доставлен,10:02:00,10:14:00,"Московская область, Одинцовский городской округ, СНТ Полянка, 14",Черешня Розовый жемчуг,Фрукты,1990,1990,0,1,1990
260505-087-8619,2026-05-05,доставлен,10:02:00,10:14:00,"Московская область, Одинцовский городской округ, СНТ Полянка, 14",Омлет Классический со шпинатным соусом Из Груши,Готовая еда,179,179,0,1,179
260505-087-8619,2026-05-05,доставлен,10:02:00,10:14:00,"Московская область, Одинцовский городской округ, СНТ Полянка, 14",Доставка,Услуги Груши,0,0,0,1,0
260505-087-8619,2026-05-05,доставлен,10:02:00,10:14:00,"Московская область, Одинцовский городской округ, СНТ Полянка, 14",Упаковка,Услуги Груши,19,19,0,1,19
260507-766-2431,2026-05-07,доставлен,17:59:00,18:15:00,"Московская область, Одинцовский городской округ, СНТ Полянка, 14",Батончик шоколадный Из Груши с вафлей,Сладости,279,279,0,1,279
260507-766-2431,2026-05-07,доставлен,17:59:00,18:15:00,"Московская область, Одинцовский городской округ, СНТ Полянка, 14",Голубика Артфрут,Фрукты,279,279,0,1,279
260507-766-2431,2026-05-07,доставлен,17:59:00,18:15:00,"Московская область, Одинцовский городской округ, СНТ Полянка, 14",Голубика,Фрукты,449,309,140,1,309
260507-766-2431,2026-05-07,доставлен,17:59:00,18:15:00,"Московская область, Одинцовский городской округ, СНТ Полянка, 14","Гранат, Азербайджан",Фрукты,239,239,0,1,239
260507-766-2431,2026-05-07,доставлен,17:59:00,18:15:00,"Московская область, Одинцовский городской округ, СНТ Полянка, 14","Кефир 3,2% Из Груши",База,89,89,0,1,89
260507-766-2431,2026-05-07,доставлен,17:59:00,18:15:00,"Московская область, Одинцовский городской округ, СНТ Полянка, 14",Доставка,Услуги Груши,0,0,0,1,0
260514-075-3259,2026-05-14,доставлен,07:46:00,08:07:00,"Московская область, Одинцовский городской округ, СНТ Полянка, 14",Помидоры Черри на ветке Сладкая ягода,Овощи,199,199,0,1,199
260514-075-3259,2026-05-14,доставлен,07:46:00,08:07:00,"Московская область, Одинцовский городской округ, СНТ Полянка, 14",Хачапури по-аджарски Из Груши,Готовая еда,289,289,0,1,289
260514-075-3259,2026-05-14,доставлен,07:46:00,08:07:00,"Московская область, Одинцовский городской округ, СНТ Полянка, 14",Помидоры черри Эко-культура круглые красные на ветке,Овощи,1190,1190,0,1,1190
260514-075-3259,2026-05-14,доставлен,07:46:00,08:07:00,"Московская область, Одинцовский городской округ, СНТ Полянка, 14",Батарейки алкалиновые GP Ultra Alkaline ААА,Товары для дома,279,279,0,1,279
260514-075-3259,2026-05-14,доставлен,07:46:00,08:07:00,"Московская область, Одинцовский городской округ, СНТ Полянка, 14",Доставка,Услуги Груши,0,0,0,1,0
260514-544-1904,2026-05-14,доставлен,17:46:00,18:09:00,"Московская область, Одинцовский городской округ, СНТ Полянка, 14",Вода Шишкин лес негазированная,Вода,69,69,0,1,69
260514-544-1904,2026-05-14,доставлен,17:46:00,18:09:00,"Московская область, Одинцовский городской округ, СНТ Полянка, 14","Молоко 2,5% Асеньевская ферма пастеризованное",База,119,119,0,1,119
260514-544-1904,2026-05-14,доставлен,17:46:00,18:09:00,"Московская область, Одинцовский городской округ, СНТ Полянка, 14","Масло сливочное 82,5% Вологодское Из Вологды",База,399,399,0,2,798
260514-544-1904,2026-05-14,доставлен,17:46:00,18:09:00,"Московская область, Одинцовский городской округ, СНТ Полянка, 14",Крок-месье на бриоши с индейкой Eggsellent x Груша,Готовая еда,339,339,0,2,678
260514-544-1904,2026-05-14,доставлен,17:46:00,18:09:00,"Московская область, Одинцовский городской округ, СНТ Полянка, 14",Доставка,Услуги Груши,0,0,0,1,0
260515-232-0396,2026-05-15,доставлен,08:51:00,09:00:00,"Московская область, Одинцовский городской округ, СНТ Полянка, 14","Масло сливочное 72,5% Из Груши",База,179,179,0,1,179
260515-232-0396,2026-05-15,доставлен,08:51:00,09:00:00,"Московская область, Одинцовский городской округ, СНТ Полянка, 14",Помидоры розовые Эко-культура круглые,Овощи,169,169,0,1,169
260515-232-0396,2026-05-15,доставлен,08:51:00,09:00:00,"Московская область, Одинцовский городской округ, СНТ Полянка, 14",Чипсы Pringles сметана-лук,Снеки,369,369,0,1,369
260515-232-0396,2026-05-15,доставлен,08:51:00,09:00:00,"Московская область, Одинцовский городской округ, СНТ Полянка, 14",Бумажные салфетки двухслойные,Товары для дома,119,119,0,1,119
260515-232-0396,2026-05-15,доставлен,08:51:00,09:00:00,"Московская область, Одинцовский городской округ, СНТ Полянка, 14",Доставка,Услуги Груши,0,0,0,1,0
260517-691-6386,2026-05-17,доставлен,08:19:00,08:42:00,"Московская область, Одинцовский городской округ, СНТ Полянка, 14",Рис Басмати отварной Азбука Вкуса,Готовая еда,229,229,0,1,229
260517-691-6386,2026-05-17,доставлен,08:19:00,08:42:00,"Московская область, Одинцовский городской округ, СНТ Полянка, 14",Печенье овсяное Из Груши,Сладости,119,119,0,1,119
260517-691-6386,2026-05-17,доставлен,08:19:00,08:42:00,"Московская область, Одинцовский городской округ, СНТ Полянка, 14",Шоколад тёмный Lindt Excellence 85% cocoa,Сладости,699,699,0,1,699
260517-691-6386,2026-05-17,доставлен,08:19:00,08:42:00,"Московская область, Одинцовский городской округ, СНТ Полянка, 14",Бумага для офисной техники Комус Документ Premium А4 80 г/м2,Товары для дома,889,889,0,1,889
260517-691-6386,2026-05-17,доставлен,08:19:00,08:42:00,"Московская область, Одинцовский городской округ, СНТ Полянка, 14",Борщ с говядиной Азбука Вкуса,Готовая еда,909,909,0,1,909
260517-691-6386,2026-05-17,доставлен,08:19:00,08:42:00,"Московская область, Одинцовский городской округ, СНТ Полянка, 14",Черешня Розовый жемчуг,Фрукты,1990,1790,200,3,5370
260517-691-6386,2026-05-17,доставлен,08:19:00,08:42:00,"Московская область, Одинцовский городской округ, СНТ Полянка, 14",Доставка,Услуги Груши,49,49,0,1,49
260517-812-5236,2026-05-17,доставлен,19:02:00,19:25:00,"Московская область, Одинцовский городской округ, СНТ Полянка, 14",Парацетамол таблетки 500 мг 20 шт,Аптека,269,219,50,1,219
260517-812-5236,2026-05-17,доставлен,19:02:00,19:25:00,"Московская область, Одинцовский городской округ, СНТ Полянка, 14",Сыр Маскарпоне Из Груши 80%,База,249,249,0,1,249
260517-812-5236,2026-05-17,доставлен,19:02:00,19:25:00,"Московская область, Одинцовский городской округ, СНТ Полянка, 14",Грейпфрут крупный,Фрукты,279,279,0,1,279
260517-812-5236,2026-05-17,доставлен,19:02:00,19:25:00,"Московская область, Одинцовский городской округ, СНТ Полянка, 14",Рулетик с корицей и изюмом Братья Караваевы,Сладости,409,409,0,1,409
260517-812-5236,2026-05-17,доставлен,19:02:00,19:25:00,"Московская область, Одинцовский городской округ, СНТ Полянка, 14",Доставка,Услуги Груши,0,0,0,1,0
260517-812-5236,2026-05-17,доставлен,19:02:00,19:25:00,"Московская область, Одинцовский городской округ, СНТ Полянка, 14",Упаковка,Услуги Груши,19,19,0,1,19
260522-525-7532,2026-05-22,доставлен,18:10:00,18:21:00,"Московская область, Одинцовский городской округ, СНТ Полянка, 14","Кефир 3,2% Асеньевская ферма",База,119,119,0,1,119
260522-525-7532,2026-05-22,доставлен,18:10:00,18:21:00,"Московская область, Одинцовский городской округ, СНТ Полянка, 14",Яйцо куриное СО Из Груши,База,179,179,0,1,179
260522-525-7532,2026-05-22,доставлен,18:10:00,18:21:00,"Московская область, Одинцовский городской округ, СНТ Полянка, 14",Салат Крабовый Азбука вкуса,Готовая еда,289,289,0,1,289
260522-525-7532,2026-05-22,доставлен,18:10:00,18:21:00,"Московская область, Одинцовский городской округ, СНТ Полянка, 14",Помидоры сливовидные Эко-культура красные на ветке,Овощи,359,359,0,1,359
260522-525-7532,2026-05-22,доставлен,18:10:00,18:21:00,"Московская область, Одинцовский городской округ, СНТ Полянка, 14",Пирог с сыром и шпинатом Рамонти Пайз,Готовая еда,179,179,0,1,179
260522-525-7532,2026-05-22,доставлен,18:10:00,18:21:00,"Московская область, Одинцовский городской округ, СНТ Полянка, 14",Доставка,Услуги Груши,0,0,0,1,0
260529-866-8733,2026-05-29,доставлен,11:50:00,12:08:00,"Московская область, Одинцовский городской округ, СНТ Полянка, 14",Вода Шишкин лес негазированная,Вода,69,69,0,1,69
260529-866-8733,2026-05-29,доставлен,11:50:00,12:08:00,"Московская область, Одинцовский городской округ, СНТ Полянка, 14","Молоко 2,5% Асеньевская ферма пастеризованное",База,119,119,0,2,238
260529-866-8733,2026-05-29,доставлен,11:50:00,12:08:00,"Московская область, Одинцовский городской округ, СНТ Полянка, 14","Масло сливочное 82,5% Вологодское Из Вологды",База,399,399,0,1,399
260529-866-8733,2026-05-29,доставлен,11:50:00,12:08:00,"Московская область, Одинцовский городской округ, СНТ Полянка, 14","Масло сливочное 72,5% Из Груши",База,179,179,0,1,179
260529-866-8733,2026-05-29,доставлен,11:50:00,12:08:00,"Московская область, Одинцовский городской округ, СНТ Полянка, 14",Доставка,Услуги Груши,0,0,0,1,0
260529-866-8733,2026-05-29,доставлен,11:50:00,12:08:00,"Московская область, Одинцовский городской округ, СНТ Полянка, 14",Упаковка,Услуги Груши,19,19,0,1,19
260531-647-2712,2026-05-31,доставлен,08:56:00,09:20:00,"Московская область, Одинцовский городской округ, СНТ Полянка, 14",Мороженое пломбир Чистая Линия,Сладости,159,159,0,1,159
260531-647-2712,2026-05-31,доставлен,08:56:00,09:20:00,"Московская область, Одинцовский городской округ, СНТ Полянка, 14","Молоко отборное 3,4-4,5% Домик в деревне пастеризованное",База,139,99,40,1,99
260531-647-2712,2026-05-31,доставлен,08:56:00,09:20:00,"Московская область, Одинцовский городской округ, СНТ Полянка, 14",Огурцы колючие ТСХ,Овощи,89,89,0,1,89
260531-647-2712,2026-05-31,доставлен,08:56:00,09:20:00,"Московская область, Одинцовский городской округ, СНТ Полянка, 14",Клей-гель супер моментальный Секунда,Товары для дома,79,79,0,1,79
260531-647-2712,2026-05-31,доставлен,08:56:00,09:20:00,"Московская область, Одинцовский городской округ, СНТ Полянка, 14",Доставка,Услуги Груши,0,0,0,1,0
260603-007-4001,2026-06-03,доставлен,10:19:00,10:34:00,"Московская область, Одинцовский городской округ, СНТ Полянка, 14",Помидоры черри Эко-культура круглые красные на ветке,Овощи,1190,1190,0,1,1190
260603-007-4001,2026-06-03,доставлен,10:19:00,10:34:00,"Московская область, Одинцовский городской округ, СНТ Полянка, 14",Хлопья кукурузные Любятово,База,159,159,0,1,159
260603-007-4001,2026-06-03,доставлен,10:19:00,10:34:00,"Московская область, Одинцовский городской округ, СНТ Полянка, 14",Помидоры коктейльные сливовидные на ветке,Овощи,179,179,0,1,179
260603-007-4001,2026-06-03,доставлен,10:19:00,10:34:00,"Московская область, Одинцовский городской округ, СНТ Полянка, 14",Напиток соевый Alpro банановый,Напитки,459,459,0,1,459
260603-007-4001,2026-06-03,доставлен,10:19:00,10:34:00,"Московская область, Одинцовский городской округ, СНТ Полянка, 14",Доставка,Услуги Груши,0,0,0,1,0
260603-913-6986,2026-06-03,отменен,20:31:00,,"Московская область, Одинцовский городской округ, СНТ Полянка, 14",Квас Очаковский,Напитки,99,79,20,1,79
260603-913-6986,2026-06-03,отменен,20:31:00,,"Московская область, Одинцовский городской округ, СНТ Полянка, 14",Черешня Бычье сердце,Фрукты,1190,859,331,1,859
260603-913-6986,2026-06-03,отменен,20:31:00,,"Московская область, Одинцовский городской округ, СНТ Полянка, 14",Доставка,Услуги Груши,0,0,0,1,0
260606-749-7907,2026-06-06,доставлен,09:10:00,09:22:00,"Московская область, Одинцовский городской округ, СНТ Полянка, 14","Кефир 3,2% Асеньевская ферма",База,119,119,0,1,119
260606-749-7907,2026-06-06,доставлен,09:10:00,09:22:00,"Московская область, Одинцовский городской округ, СНТ Полянка, 14",Яйцо куриное СО Из Груши,База,179,179,0,2,358
260606-749-7907,2026-06-06,доставлен,09:10:00,09:22:00,"Московская область, Одинцовский городской округ, СНТ Полянка, 14",Напиток энергетический Adrenaline Rush,Напитки,209,209,0,1,209
260606-749-7907,2026-06-06,доставлен,09:10:00,09:22:00,"Московская область, Одинцовский городской округ, СНТ Полянка, 14",Яблоки Голден,Фрукты,609,609,0,1,609
260606-749-7907,2026-06-06,доставлен,09:10:00,09:22:00,"Московская область, Одинцовский городской округ, СНТ Полянка, 14",Мюсли Matti банан и шоколад,База,149,149,0,2,298
260606-749-7907,2026-06-06,доставлен,09:10:00,09:22:00,"Московская область, Одинцовский городской округ, СНТ Полянка, 14",Доставка,Услуги Груши,0,0,0,1,0
260608-279-0527,2026-06-08,доставлен,20:00:00,20:12:00,"Московская область, Одинцовский городской округ, СНТ Полянка, 14",Вода Шишкин лес негазированная,Вода,69,59,10,1,59
260608-279-0527,2026-06-08,доставлен,20:00:00,20:12:00,"Московская область, Одинцовский городской округ, СНТ Полянка, 14","Молоко 2,5% Асеньевская ферма пастеризованное",База,119,119,0,1,119
260608-279-0527,2026-06-08,доставлен,20:00:00,20:12:00,"Московская область, Одинцовский городской округ, СНТ Полянка, 14","Масло сливочное 72,5% Из Груши",База,179,179,0,1,179
260608-279-0527,2026-06-08,доставлен,20:00:00,20:12:00,"Московская область, Одинцовский городской округ, СНТ Полянка, 14",Сэндвич-ролл с креветками в соусе Том-ям Нияма,Готовая еда,279,279,0,1,279
260608-279-0527,2026-06-08,доставлен,20:00:00,20:12:00,"Московская область, Одинцовский городской округ, СНТ Полянка, 14",Вода Bonaqua негазированная,Вода,99,99,0,1,99
260608-279-0527,2026-06-08,доставлен,20:00:00,20:12:00,"Московская область, Одинцовский городской округ, СНТ Полянка, 14",Абрикосы,Фрукты,779,779,0,3,2337
260608-279-0527,2026-06-08,доставлен,20:00:00,20:12:00,"Московская область, Одинцовский городской округ, СНТ Полянка, 14",Доставка,Услуги Груши,0,0,0,1,0
260608-279-0527,2026-06-08,доставлен,20:00:00,20:12:00,"Московская область, Одинцовский городской округ, СНТ Полянка, 14",Упаковка,Услуги Груши,19,19,0,1,19
260611-054-6747,2026-06-11,доставлен,08:16:00,08:28:00,"Московская область, Одинцовский городской округ, СНТ Полянка, 14","Масло сливочное 82,5% Вологодское Из Вологды",База,399,399,0,1,399
260611-054-6747,2026-06-11,доставлен,08:16:00,08:28:00,"Московская область, Одинцовский городской округ, СНТ Полянка, 14",Вода минеральная лечебно-столовая Borjomi газированная,Вода,239,189,50,1,189
260611-054-6747,2026-06-11,доставлен,08:16:00,08:28:00,"Московская область, Одинцовский городской округ, СНТ Полянка, 14",Голубика Артфрут,Фрукты,279,279,0,3,837
260611-054-6747,2026-06-11,доставлен,08:16:00,08:28:00,"Московская область, Одинцовский городской округ, СНТ Полянка, 14",Абрикосы,Фрукты,779,779,0,1,779
260611-054-6747,2026-06-11,доставлен,08:16:00,08:28:00,"Московская область, Одинцовский городской округ, СНТ Полянка, 14",Апельсины,Фрукты,239,239,0,1,239
260611-054-6747,2026-06-11,доставлен,08:16:00,08:28:00,"Московская область, Одинцовский городской округ, СНТ Полянка, 14",Черешня Бычье сердце,Фрукты,1190,1190,0,1,1190
260611-054-6747,2026-06-11,доставлен,08:16:00,08:28:00,"Московская область, Одинцовский городской округ, СНТ Полянка, 14",Шоколад молочный Alpen Gold с фундуком,Сладости,179,179,0,1,179
260611-054-6747,2026-06-11,доставлен,08:16:00,08:28:00,"Московская область, Одинцовский городской округ, СНТ Полянка, 14",Арбуз бруски Из Груши,Фрукты,679,679,0,1,679
260611-054-6747,2026-06-11,доставлен,08:16:00,08:28:00,"Московская область, Одинцовский городской округ, СНТ Полянка, 14",Доставка,Услуги Груши,0,0,0,1,0
260611-054-6747,2026-06-11,доставлен,08:16:00,08:28:00,"Московская область, Одинцовский городской округ, СНТ Полянка, 14",Упаковка,Услуги Груши,19,19,0,1,19
260613-007-2257,2026-06-13,доставлен,07:08:00,07:48:00,"Московская область, Одинцовский городской округ, СНТ Полянка, 14",Черешня Розовый жемчуг,Фрукты,1990,1990,0,1,1990
260613-007-2257,2026-06-13,доставлен,07:08:00,07:48:00,"Московская область, Одинцовский городской округ, СНТ Полянка, 14","Молоко 3,2% Из Груши",База,99,99,0,2,198
260613-007-2257,2026-06-13,доставлен,07:08:00,07:48:00,"Московская область, Одинцовский городской округ, СНТ Полянка, 14",Брокколи свежая,Овощи,229,229,0,1,229
260613-007-2257,2026-06-13,доставлен,07:08:00,07:48:00,"Московская область, Одинцовский городской округ, СНТ Полянка, 14",Шпинат,Овощи,119,119,0,1,119
260613-007-2257,2026-06-13,доставлен,07:08:00,07:48:00,"Московская область, Одинцовский городской округ, СНТ Полянка, 14",Доставка,Услуги Груши,0,0,0,1,0
260613-299-6479,2026-06-13,доставлен,09:10:00,09:42:00,"Московская область, Одинцовский городской округ, СНТ Полянка, 14",Сок апельсиновый Из Груши прямой отжим,Напитки,409,409,0,1,409
260613-299-6479,2026-06-13,доставлен,09:10:00,09:42:00,"Московская область, Одинцовский городской округ, СНТ Полянка, 14",Сэндвич с индейкой и моцареллой Из Груши,Готовая еда,279,279,0,1,279
260613-299-6479,2026-06-13,доставлен,09:10:00,09:42:00,"Московская область, Одинцовский городской округ, СНТ Полянка, 14",Доставка,Услуги Груши,0,0,0,1,0
260613-299-6479,2026-06-13,доставлен,09:10:00,09:42:00,"Московская область, Одинцовский городской округ, СНТ Полянка, 14",Упаковка,Услуги Груши,19,19,0,1,19
260614-615-8919,2026-06-14,доставлен,09:43:00,09:52:00,"Московская область, Одинцовский городской округ, СНТ Полянка, 14",Помидоры сливовидные Эко-культура красные на ветке,Овощи,359,359,0,1,359
260614-615-8919,2026-06-14,доставлен,09:43:00,09:52:00,"Московская область, Одинцовский городской округ, СНТ Полянка, 14",Черешня Бычье сердце,Фрукты,1190,1190,0,1,1190
260614-615-8919,2026-06-14,доставлен,09:43:00,09:52:00,"Московская область, Одинцовский городской округ, СНТ Полянка, 14",Молоко топлёное 4% Асеньевская ферма пастеризованное,База,119,119,0,1,119
260614-615-8919,2026-06-14,доставлен,09:43:00,09:52:00,"Московская область, Одинцовский городской округ, СНТ Полянка, 14",Батон нарезной Из Груши,База,29,29,0,1,29
260614-615-8919,2026-06-14,доставлен,09:43:00,09:52:00,"Московская область, Одинцовский городской округ, СНТ Полянка, 14",Вода минеральная Petroglyph негазированная,Вода,179,179,0,1,179
260614-615-8919,2026-06-14,доставлен,09:43:00,09:52:00,"Московская область, Одинцовский городской округ, СНТ Полянка, 14",Доставка,Услуги Груши,0,0,0,1,0
260614-615-8919,2026-06-14,доставлен,09:43:00,09:52:00,"Московская область, Одинцовский городской округ, СНТ Полянка, 14",Упаковка,Услуги Груши,19,19,0,1,19
260621-152-6905,2026-06-21,доставлен,18:43:00,18:52:00,"Московская область, Одинцовский городской округ, СНТ Полянка, 14","Кефир 3,2% Асеньевская ферма",База,119,119,0,2,238
260621-152-6905,2026-06-21,доставлен,18:43:00,18:52:00,"Московская область, Одинцовский городской округ, СНТ Полянка, 14",Вода Шишкин лес негазированная,Вода,69,69,0,1,69
260621-152-6905,2026-06-21,доставлен,18:43:00,18:52:00,"Московская область, Одинцовский городской округ, СНТ Полянка, 14",Яйцо куриное СО Из Груши,База,179,139,40,1,139
260621-152-6905,2026-06-21,доставлен,18:43:00,18:52:00,"Московская область, Одинцовский городской округ, СНТ Полянка, 14",Доставка,Услуги Груши,0,0,0,1,0
260624-739-3241,2026-06-24,доставлен,22:37:00,22:50:00,"Московская область, Одинцовский городской округ, СНТ Полянка, 14","Молоко 2,5% Асеньевская ферма пастеризованное",База,119,119,0,1,119
260624-739-3241,2026-06-24,доставлен,22:37:00,22:50:00,"Московская область, Одинцовский городской округ, СНТ Полянка, 14",Доставка,Услуги Груши,0,0,0,1,0
260624-739-3241,2026-06-24,доставлен,22:37:00,22:50:00,"Московская область, Одинцовский городской округ, СНТ Полянка, 14",Упаковка,Услуги Груши,19,19,0,1,19
260625-063-6015,2026-06-25,доставлен,18:55:00,19:18:00,"Московская область, Одинцовский городской округ, СНТ Полянка, 14","Масло сливочное 82,5% Вологодское Из Вологды",База,399,289,110,1,289
260625-063-6015,2026-06-25,доставлен,18:55:00,19:18:00,"Московская область, Одинцовский городской округ, СНТ Полянка, 14","Масло сливочное 72,5% Из Груши",База,179,179,0,1,179
260625-063-6015,2026-06-25,доставлен,18:55:00,19:18:00,"Московская область, Одинцовский городской округ, СНТ Полянка, 14",Клубника Из Груши,Фрукты,219,219,0,1,219
260625-063-6015,2026-06-25,доставлен,18:55:00,19:18:00,"Московская область, Одинцовский городской округ, СНТ Полянка, 14",Филе куриное запечённое с помидорами и сыром Азбука Вкуса,Готовая еда,349,349,0,1,349
260625-063-6015,2026-06-25,доставлен,18:55:00,19:18:00,"Московская область, Одинцовский городской округ, СНТ Полянка, 14",Хумус классический Из Груши,База,189,189,0,1,189
260625-063-6015,2026-06-25,доставлен,18:55:00,19:18:00,"Московская область, Одинцовский городской округ, СНТ Полянка, 14",Котлеты куриные на пару Азбука вкуса,Готовая еда,209,149,60,1,149
260625-063-6015,2026-06-25,доставлен,18:55:00,19:18:00,"Московская область, Одинцовский городской округ, СНТ Полянка, 14",Доставка,Услуги Груши,0,0,0,1,0
260625-063-6015,2026-06-25,доставлен,18:55:00,19:18:00,"Московская область, Одинцовский городской округ, СНТ Полянка, 14",Упаковка,Услуги Груши,19,19,0,1,19
260702-003-4727,2026-07-02,доставлен,11:47:00,11:57:00,"Московская область, Одинцовский городской округ, СНТ Полянка, 14",Вода Шишкин лес негазированная,Вода,69,69,0,1,69
260702-003-4727,2026-07-02,доставлен,11:47:00,11:57:00,"Московская область, Одинцовский городской округ, СНТ Полянка, 14",Яйцо куриное СО Из Груши,База,179,179,0,1,179
260702-003-4727,2026-07-02,доставлен,11:47:00,11:57:00,"Московская область, Одинцовский городской округ, СНТ Полянка, 14",Батончик шоколадный Cadbury Wispa,Сладости,189,189,0,1,189
260702-003-4727,2026-07-02,доставлен,11:47:00,11:57:00,"Московская область, Одинцовский городской округ, СНТ Полянка, 14",Помидоры черри Эко-культура круглые красные,Овощи,869,869,0,1,869
260702-003-4727,2026-07-02,доставлен,11:47:00,11:57:00,"Московская область, Одинцовский городской округ, СНТ Полянка, 14",Помидоры черри Эко-культура круглые жёлтые на ветке,Овощи,219,219,0,1,219
260702-003-4727,2026-07-02,доставлен,11:47:00,11:57:00,"Московская область, Одинцовский городской округ, СНТ Полянка, 14",Голубцы мясные тушеные в томатно-сливочном соусе Азбука Вкуса,Готовая еда,629,629,0,1,629
260702-003-4727,2026-07-02,доставлен,11:47:00,11:57:00,"Московская область, Одинцовский городской округ, СНТ Полянка, 14",Доставка,Услуги Груши,0,0,0,1,0
260702-003-4727,2026-07-02,доставлен,11:47:00,11:57:00,"Московская область, Одинцовский городской округ, СНТ Полянка, 14",Упаковка,Услуги Груши,19,19,0,1,19
260706-223-6282,2026-07-06,доставлен,09:27:00,09:57:00,"Московская область, Одинцовский городской округ, СНТ Полянка, 14","Кефир 3,2% Асеньевская ферма",База,119,119,0,1,119
260706-223-6282,2026-07-06,доставлен,09:27:00,09:57:00,"Московская область, Одинцовский городской округ, СНТ Полянка, 14",Яйцо куриное СО Из Груши,База,179,179,0,1,179
260706-223-6282,2026-07-06,доставлен,09:27:00,09:57:00,"Московская область, Одинцовский городской округ, СНТ Полянка, 14","Молоко 2,5% Асеньевская ферма пастеризованное",База,119,119,0,1,119
260706-223-6282,2026-07-06,доставлен,09:27:00,09:57:00,"Московская область, Одинцовский городской округ, СНТ Полянка, 14","Масло сливочное 82,5% Вологодское Из Вологды",База,399,399,0,1,399
260706-223-6282,2026-07-06,доставлен,09:27:00,09:57:00,"Московская область, Одинцовский городской округ, СНТ Полянка, 14","Масло сливочное 72,5% Из Груши",База,179,179,0,1,179
260706-223-6282,2026-07-06,доставлен,09:27:00,09:57:00,"Московская область, Одинцовский городской округ, СНТ Полянка, 14",Клубника,Фрукты,1290,1290,0,1,1290
260706-223-6282,2026-07-06,доставлен,09:27:00,09:57:00,"Московская область, Одинцовский городской округ, СНТ Полянка, 14",Доставка,Услуги Груши,0,0,0,1,0
260707-169-2626,2026-07-07,доставлен,16:49:00,17:43:00,"Московская область, Одинцовский городской округ, СНТ Полянка, 14",Яйцо куриное СО Из Груши,База,179,179,0,1,179
260707-169-2626,2026-07-07,доставлен,16:49:00,17:43:00,"Московская область, Одинцовский городской округ, СНТ Полянка, 14",Шпинат,Овощи,119,119,0,1,119
260707-169-2626,2026-07-07,доставлен,16:49:00,17:43:00,"Московская область, Одинцовский городской округ, СНТ Полянка, 14",Банан,Фрукты,59,59,0,1,59
260707-169-2626,2026-07-07,доставлен,16:49:00,17:43:00,"Московская область, Одинцовский городской округ, СНТ Полянка, 14",Огурцы короткоплодные,Овощи,249,249,0,1,249
260707-169-2626,2026-07-07,доставлен,16:49:00,17:43:00,"Московская область, Одинцовский городской округ, СНТ Полянка, 14",Голубика,Фрукты,449,369,80,1,369
260707-169-2626,2026-07-07,доставлен,16:49:00,17:43:00,"Московская область, Одинцовский городской округ, СНТ Полянка, 14",Доставка,Услуги Груши,49,49,0,1,49
260707-169-2626,2026-07-07,доставлен,16:49:00,17:43:00,"Московская область, Одинцовский городской округ, СНТ Полянка, 14",Упаковка,Услуги Груши,19,19,0,1,19
260714-730-1834,2026-07-14,доставлен,19:14:00,19:33:00,"Московская область, Одинцовский городской округ, СНТ Полянка, 14",Вода Шишкин лес негазированная,Вода,69,69,0,1,69
260714-730-1834,2026-07-14,доставлен,19:14:00,19:33:00,"Московская область, Одинцовский городской округ, СНТ Полянка, 14",Баклажаны,Овощи,69,69,0,1,69
260714-730-1834,2026-07-14,доставлен,19:14:00,19:33:00,"Московская область, Одинцовский городской округ, СНТ Полянка, 14",Голубика Артфрут,Фрукты,279,279,0,1,279
260714-730-1834,2026-07-14,доставлен,19:14:00,19:33:00,"Московская область, Одинцовский городской округ, СНТ Полянка, 14",Мармелад жевательный Из Груши червяки,Сладости,529,529,0,1,529
260714-730-1834,2026-07-14,доставлен,19:14:00,19:33:00,"Московская область, Одинцовский городской округ, СНТ Полянка, 14",Пирожное паштел де ната Хлеб Насущный,Сладости,139,139,0,3,417
260714-730-1834,2026-07-14,доставлен,19:14:00,19:33:00,"Московская область, Одинцовский городской округ, СНТ Полянка, 14",Виноград кишмиш белый,Фрукты,209,169,40,1,169
260714-730-1834,2026-07-14,доставлен,19:14:00,19:33:00,"Московская область, Одинцовский городской округ, СНТ Полянка, 14",Пирог с сыром и шпинатом Рамонти Пайз,Готовая еда,179,179,0,1,179
260714-730-1834,2026-07-14,доставлен,19:14:00,19:33:00,"Московская область, Одинцовский городской округ, СНТ Полянка, 14",Доставка,Услуги Груши,149,149,0,1,149
260719-973-7426,2026-07-19,доставлен,07:20:00,07:34:00,"Московская область, Одинцовский городской округ, СНТ Полянка, 14",Яйцо куриное СО Из Груши,База,179,179,0,1,179
260719-973-7426,2026-07-19,доставлен,07:20:00,07:34:00,"Московская область, Одинцовский городской округ, СНТ Полянка, 14","Молоко 2,5% Асеньевская ферма пастеризованное",База,119,119,0,1,119
260719-973-7426,2026-07-19,доставлен,07:20:00,07:34:00,"Московская область, Одинцовский городской округ, СНТ Полянка, 14","Масло сливочное 82,5% Вологодское Из Вологды",База,399,399,0,1,399
260719-973-7426,2026-07-19,доставлен,07:20:00,07:34:00,"Московская область, Одинцовский городской округ, СНТ Полянка, 14","Масло сливочное 72,5% Из Груши",База,179,179,0,1,179
260719-973-7426,2026-07-19,доставлен,07:20:00,07:34:00,"Московская область, Одинцовский городской округ, СНТ Полянка, 14",Вода Архыз Vita негазированная,Вода,79,79,0,1,79
260719-973-7426,2026-07-19,доставлен,07:20:00,07:34:00,"Московская область, Одинцовский городской округ, СНТ Полянка, 14",Клубника,Фрукты,1290,1290,0,1,1290
260719-973-7426,2026-07-19,доставлен,07:20:00,07:34:00,"Московская область, Одинцовский городской округ, СНТ Полянка, 14",Доставка,Услуги Груши,0,0,0,1,0
260719-973-7426,2026-07-19,доставлен,07:20:00,07:34:00,"Московская область, Одинцовский городской округ, СНТ Полянка, 14",Упаковка,Услуги Груши,19,19,0,1,19
260724-749-6723,2026-07-24,доставлен,10:06:00,10:23:00,"Московская область, Одинцовский городской округ, СНТ Полянка, 14","Кефир 3,2% Асеньевская ферма",База,119,119,0,1,119
260724-749-6723,2026-07-24,доставлен,10:06:00,10:23:00,"Московская область, Одинцовский городской округ, СНТ Полянка, 14",Вода Шишкин лес негазированная,Вода,69,69,0,1,69
260724-749-6723,2026-07-24,доставлен,10:06:00,10:23:00,"Московская область, Одинцовский городской округ, СНТ Полянка, 14","Protein pot с яйцом, сыром фета и помидорами черри Азбука life",Готовая еда,249,249,0,1,249
260724-749-6723,2026-07-24,доставлен,10:06:00,10:23:00,"Московская область, Одинцовский городской округ, СНТ Полянка, 14",Петрушка,Овощи,39,39,0,1,39
260724-749-6723,2026-07-24,доставлен,10:06:00,10:23:00,"Московская область, Одинцовский городской округ, СНТ Полянка, 14",Доставка,Услуги Груши,499,499,0,1,499
260724-506-5689,2026-07-24,доставлен,18:57:00,19:16:00,"Московская область, Одинцовский городской округ, СНТ Полянка, 14",Арбуз,Фрукты,459,459,0,1,459
260724-506-5689,2026-07-24,доставлен,18:57:00,19:16:00,"Московская область, Одинцовский городской округ, СНТ Полянка, 14",Доставка,Услуги Груши,99,99,0,1,99
260726-628-1099,2026-07-26,доставлен,20:34:00,21:08:00,"Московская область, Одинцовский городской округ, СНТ Полянка, 14",Шоколад молочный Ritter Sport Extra Nut с цельным лесным орехом,Сладости,189,189,0,1,189
260726-628-1099,2026-07-26,доставлен,20:34:00,21:08:00,"Московская область, Одинцовский городской округ, СНТ Полянка, 14",Стиральный порошок Persil автомат,Товары для дома,1890,1890,0,1,1890
260726-628-1099,2026-07-26,доставлен,20:34:00,21:08:00,"Московская область, Одинцовский городской округ, СНТ Полянка, 14",Доставка,Услуги Груши,0,0,0,1,0
260726-628-1099,2026-07-26,доставлен,20:34:00,21:08:00,"Московская область, Одинцовский городской округ, СНТ Полянка, 14",Упаковка,Услуги Груши,19,19,0,1,19
260727-592-9820,2026-07-27,доставлен,09:07:00,09:18:00,"Московская область, Одинцовский городской округ, СНТ Полянка, 14",Огурцы короткоплодные,Овощи,249,249,0,2,498
260727-592-9820,2026-07-27,доставлен,09:07:00,09:18:00,"Московская область, Одинцовский городской округ, СНТ Полянка, 14",Помидоры сливовидные Эко-культура красные на ветке,Овощи,359,359,0,1,359
260727-592-9820,2026-07-27,доставлен,09:07:00,09:18:00,"Московская область, Одинцовский городской округ, СНТ Полянка, 14",Апельсины сладкие,Фрукты,239,239,0,1,239
260727-592-9820,2026-07-27,доставлен,09:07:00,09:18:00,"Московская область, Одинцовский городской округ, СНТ Полянка, 14",Помидоры розовые Эко-культура круглые,Овощи,169,169,0,1,169
260727-592-9820,2026-07-27,доставлен,09:07:00,09:18:00,"Московская область, Одинцовский городской округ, СНТ Полянка, 14",Доставка,Услуги Груши,99,99,0,1,99
260727-373-3680,2026-07-27,доставлен,10:01:00,10:27:00,"Московская область, Одинцовский городской округ, СНТ Полянка, 14",Лук репчатый,Овощи,39,39,0,1,39
260727-373-3680,2026-07-27,доставлен,10:01:00,10:27:00,"Московская область, Одинцовский городской округ, СНТ Полянка, 14",Роллы Филадельфия Из Груши,Готовая еда,699,699,0,1,699
260727-373-3680,2026-07-27,доставлен,10:01:00,10:27:00,"Московская область, Одинцовский городской округ, СНТ Полянка, 14",Апельсины сладкие,Фрукты,239,239,0,1,239
260727-373-3680,2026-07-27,доставлен,10:01:00,10:27:00,"Московская область, Одинцовский городской округ, СНТ Полянка, 14",Сосиска в тесте Cook Chart Bakery,Готовая еда,159,159,0,1,159
260727-373-3680,2026-07-27,доставлен,10:01:00,10:27:00,"Московская область, Одинцовский городской округ, СНТ Полянка, 14",Грейпфрут,Фрукты,229,229,0,1,229
260727-373-3680,2026-07-27,доставлен,10:01:00,10:27:00,"Московская область, Одинцовский городской округ, СНТ Полянка, 14",Доставка,Услуги Груши,0,0,0,1,0
260814-845-2962,2026-08-14,доставлен,08:30:00,08:45:00,"Московская область, Одинцовский городской округ, СНТ Полянка, 14","Масло сливочное 82,5% Вологодское Из Вологды",База,399,399,0,2,798
260814-845-2962,2026-08-14,доставлен,08:30:00,08:45:00,"Московская область, Одинцовский городской округ, СНТ Полянка, 14",Доставка,Услуги Груши,79,79,0,1,79
260814-845-2962,2026-08-14,доставлен,08:30:00,08:45:00,"Московская область, Одинцовский городской округ, СНТ Полянка, 14",Упаковка,Услуги Груши,19,19,0,1,19
260814-406-9948,2026-08-14,доставлен,08:34:00,08:55:00,"Московская область, Одинцовский городской округ, СНТ Полянка, 14","Кефир 3,2% Асеньевская ферма",База,119,119,0,1,119
260814-406-9948,2026-08-14,доставлен,08:34:00,08:55:00,"Московская область, Одинцовский городской округ, СНТ Полянка, 14",Вода Шишкин лес негазированная,Вода,69,69,0,1,69
260814-406-9948,2026-08-14,доставлен,08:34:00,08:55:00,"Московская область, Одинцовский городской округ, СНТ Полянка, 14",Яйцо куриное СО Из Груши,База,179,179,0,1,179
260814-406-9948,2026-08-14,доставлен,08:34:00,08:55:00,"Московская область, Одинцовский городской округ, СНТ Полянка, 14","Молоко 2,5% Асеньевская ферма пастеризованное",База,119,99,20,1,99
260814-406-9948,2026-08-14,доставлен,08:34:00,08:55:00,"Московская область, Одинцовский городской округ, СНТ Полянка, 14",Доставка,Услуги Груши,0,0,0,1,0
260818-346-7346,2026-08-18,доставлен,07:09:00,07:35:00,"Московская область, Одинцовский городской округ, СНТ Полянка, 14","Масло сливочное 72,5% Из Груши",База,179,179,0,1,179
260818-346-7346,2026-08-18,доставлен,07:09:00,07:35:00,"Московская область, Одинцовский городской округ, СНТ Полянка, 14",Помидоры черри на ветке,Овощи,259,259,0,1,259
260818-346-7346,2026-08-18,доставлен,07:09:00,07:35:00,"Московская область, Одинцовский городской округ, СНТ Полянка, 14",Рис Басмати отварной Азбука Вкуса,Готовая еда,229,229,0,1,229
260818-346-7346,2026-08-18,доставлен,07:09:00,07:35:00,"Московская область, Одинцовский городской округ, СНТ Полянка, 14",Пирожное паштел де ната Хлеб Насущный,Сладости,139,139,0,1,139
260818-346-7346,2026-08-18,доставлен,07:09:00,07:35:00,"Московская область, Одинцовский городской округ, СНТ Полянка, 14",Котлеты куриные на пару Азбука вкуса,Готовая еда,209,209,0,2,418
260818-346-7346,2026-08-18,доставлен,07:09:00,07:35:00,"Московская область, Одинцовский городской округ, СНТ Полянка, 14",Попкорн из креветок Нияма,Готовая еда,529,529,0,1,529
260818-346-7346,2026-08-18,доставлен,07:09:00,07:35:00,"Московская область, Одинцовский городской округ, СНТ Полянка, 14",Доставка,Услуги Груши,0,0,0,1,0
260818-346-7346,2026-08-18,доставлен,07:09:00,07:35:00,"Московская область, Одинцовский городской округ, СНТ Полянка, 14",Упаковка,Услуги Груши,19,19,0,1,19
260820-968-8797,2026-08-20,доставлен,09:20:00,09:36:00,"Московская область, Одинцовский городской округ, СНТ Полянка, 14",Апельсины сладкие,Фрукты,239,239,0,1,239
260820-968-8797,2026-08-20,доставлен,09:20:00,09:36:00,"Московская область, Одинцовский городской округ, СНТ Полянка, 14",Салат с курицей и сельдереем Азбука вкуса,Готовая еда,539,539,0,1,539
260820-968-8797,2026-08-20,доставлен,09:20:00,09:36:00,"Московская область, Одинцовский городской округ, СНТ Полянка, 14",Доставка,Услуги Груши,0,0,0,1,0
260822-317-5389,2026-08-22,доставлен,18:05:00,18:29:00,"Московская область, Одинцовский городской округ, СНТ Полянка, 14",Руккола Из Груши,Овощи,139,139,0,1,139
260822-317-5389,2026-08-22,доставлен,18:05:00,18:29:00,"Московская область, Одинцовский городской округ, СНТ Полянка, 14",Доставка,Услуги Груши,0,0,0,1,0
260822-317-5389,2026-08-22,доставлен,18:05:00,18:29:00,"Московская область, Одинцовский городской округ, СНТ Полянка, 14",Упаковка,Услуги Груши,19,19,0,1,19
260822-886-3050,2026-08-22,доставлен,18:09:00,18:47:00,"Московская область, Одинцовский городской округ, СНТ Полянка, 14",Апельсины сладкие,Фрукты,239,239,0,3,717
260822-886-3050,2026-08-22,доставлен,18:09:00,18:47:00,"Московская область, Одинцовский городской округ, СНТ Полянка, 14",Тыква Баттернат,Овощи,89,89,0,1,89
260822-886-3050,2026-08-22,доставлен,18:09:00,18:47:00,"Московская область, Одинцовский городской округ, СНТ Полянка, 14",Мука пшеничная высшего сорта Из Груши,База,109,109,0,1,109
260822-886-3050,2026-08-22,доставлен,18:09:00,18:47:00,"Московская область, Одинцовский городской округ, СНТ Полянка, 14",Батончики шоколадные Snickers Minis,Сладости,329,229,100,1,229
260822-886-3050,2026-08-22,доставлен,18:09:00,18:47:00,"Московская область, Одинцовский городской округ, СНТ Полянка, 14",Помидоры черри Эко-культура круглые красные на ветке,Овощи,1190,1190,0,1,1190
260822-886-3050,2026-08-22,доставлен,18:09:00,18:47:00,"Московская область, Одинцовский городской округ, СНТ Полянка, 14","Шоколад молочный Ritter Sport с ромом, изюмом и орехом",Сладости,369,369,0,1,369
260822-886-3050,2026-08-22,доставлен,18:09:00,18:47:00,"Московская область, Одинцовский городской округ, СНТ Полянка, 14",Шоколад тёмный Ritter Sport с начинкой марципан,Сладости,699,699,0,1,699
260822-886-3050,2026-08-22,доставлен,18:09:00,18:47:00,"Московская область, Одинцовский городской округ, СНТ Полянка, 14",Доставка,Услуги Груши,0,0,0,1,0
260822-886-3050,2026-08-22,доставлен,18:09:00,18:47:00,"Московская область, Одинцовский городской округ, СНТ Полянка, 14",Упаковка,Услуги Груши,19,19,0,1,19
260824-926-4516,2026-08-24,доставлен,20:20:00,20:32:00,"Московская область, Одинцовский городской округ, СНТ Полянка, 14",Вода Шишкин лес негазированная,Вода,69,69,0,1,69
260824-926-4516,2026-08-24,доставлен,20:20:00,20:32:00,"Московская область, Одинцовский городской округ, СНТ Полянка, 14","Молоко 2,5% Асеньевская ферма пастеризованное",База,119,119,0,1,119
260824-926-4516,2026-08-24,доставлен,20:20:00,20:32:00,"Московская область, Одинцовский городской округ, СНТ Полянка, 14",Малина Из Груши,Фрукты,1490,1490,0,1,1490
260824-926-4516,2026-08-24,доставлен,20:20:00,20:32:00,"Московская область, Одинцовский городской округ, СНТ Полянка, 14",Оладьи из кабачков Азбука Вкуса,Готовая еда,359,359,0,2,718
260824-926-4516,2026-08-24,доставлен,20:20:00,20:32:00,"Московская область, Одинцовский городской округ, СНТ Полянка, 14",Доставка,Услуги Груши,0,0,0,1,0
260824-926-4516,2026-08-24,доставлен,20:20:00,20:32:00,"Московская область, Одинцовский городской округ, СНТ Полянка, 14",Упаковка,Услуги Груши,19,19,0,1,19
260829-850-1978,2026-08-29,доставлен,19:42:00,19:53:00,"Московская область, Одинцовский городской округ, СНТ Полянка, 14","Кефир 3,2% Асеньевская ферма",База,119,119,0,1,119
260829-850-1978,2026-08-29,доставлен,19:42:00,19:53:00,"Московская область, Одинцовский городской округ, СНТ Полянка, 14",Яйцо куриное СО Из Груши,База,179,179,0,1,179
260829-850-1978,2026-08-29,доставлен,19:42:00,19:53:00,"Московская область, Одинцовский городской округ, СНТ Полянка, 14","Масло сливочное 82,5% Вологодское Из Вологды",База,399,399,0,1,399
260829-850-1978,2026-08-29,доставлен,19:42:00,19:53:00,"Московская область, Одинцовский городской округ, СНТ Полянка, 14","Масло сливочное 72,5% Из Груши",База,179,179,0,2,358
260829-850-1978,2026-08-29,доставлен,19:42:00,19:53:00,"Московская область, Одинцовский городской округ, СНТ Полянка, 14",Картошка Братья Караваевы,Сладости,389,389,0,1,389
260829-850-1978,2026-08-29,доставлен,19:42:00,19:53:00,"Московская область, Одинцовский городской округ, СНТ Полянка, 14","Молоко 3,2% Из Груши",База,99,99,0,1,99
260829-850-1978,2026-08-29,доставлен,19:42:00,19:53:00,"Московская область, Одинцовский городской округ, СНТ Полянка, 14",Доставка,Услуги Груши,49,49,0,1,49
